BIO1,BIO2,BIO3,SCA1,SCA2,SCA3,KNO1,KNO2,KNO3,USE1,USE2,USE3,MET1,MET2,ANA1,ANA2,PRICE
0.13398086197787662,0.715741868267959,0.7912135663811661,0.29435822047939464,0.4232890380894427,0.923289038089473,0.4264336921775067,0.5962450129322212,0.6182575915485835,0.4893267739385181,0.5050500443787573,0.6465594783410356,0.47219770807758865,1.1687385885807224,0.48399016090727065,1.15694613575104,-7.550239201729184e-07
-0.6194968553459133,0.0,0.0,-0.3789308176100634,0.0,0.0,-0.18081761006289665,0.0,0.0,-0.08647798742138313,0.0,0.0,-0.6965408805031448,0.0,-0.6729559748427674,0.0,-7.55023920093748e-07
-0.6194968553459126,0.0,0.0,-0.37893081761006253,0.0,0.0,-0.18081761006289554,0.0,0.0,-0.08647798742138374,0.0,0.0,-0.696540880503143,0.0,0.0,0.6729559748427676,-7.550239201376037e-07
-0.619496855345913,0.0,0.0,-0.37893081761006386,0.0,0.0,-0.18081761006289532,0.0,0.0,-0.0864779874213834,0.0,0.0,0.0,0.6965408805031449,-0.6729559748427667,0.0,-7.550239201334633e-07
-0.6194968553459133,0.0,0.0,-0.3789308176100624,0.0,0.0,-0.1808176100628971,0.0,0.0,-0.0864779874213833,0.0,0.0,0.0,0.6965408805031439,0.0,0.6729559748427677,-7.550239201596121e-07
-0.6194968553459128,0.0,0.0,-0.37893081761006453,0.0,0.0,-0.18081761006289532,0.0,0.0,0.0,-0.06289308176100783,0.0,-0.6965408805031439,0.0,-0.672955974842768,0.0,-7.550239200960115e-07
-0.6194968553459117,0.0,0.0,-0.3789308176100632,0.0,0.0,-0.18081761006289532,0.0,0.0,0.0,-0.0628930817610065,0.0,-0.696540880503144,0.0,0.0,0.6729559748427676,-7.550239201166347e-07
-0.619496855345913,0.0,0.0,-0.37893081761006253,0.0,0.0,-0.18081761006289732,0.0,0.0,0.0,-0.06289308176100716,0.0,0.0,0.696540880503145,-0.6729559748427678,0.0,-7.550239201572592e-07
-0.6194968553459123,0.0,0.0,-0.3789308176100613,0.0,0.0,-0.18081761006289598,0.0,0.0,0.0,-0.06289308176100628,0.0,0.0,0.6965408805031452,0.0,0.6729559748427667,-7.550239201150793e-07
-0.619496855345913,0.0,0.0,-0.37893081761006375,0.0,0.0,-0.18081761006289665,0.0,0.0,0.0,0.0,0.1493710691823915,-0.6965408805031446,0.0,-0.6729559748427676,0.0,-7.550239200884355e-07
-0.6194968553459135,0.0,0.0,-0.37893081761006386,0.0,0.0,-0.1808176100628931,0.0,0.0,0.0,0.0,0.14937106918239107,-0.6965408805031436,0.0,0.0,0.6729559748427691,-7.550239201430244e-07
-0.6194968553459133,0.0,0.0,-0.3789308176100634,0.0,0.0,-0.18081761006289732,0.0,0.0,0.0,0.0,0.1493710691823928,0.0,0.6965408805031453,-0.6729559748427668,0.0,-7.550239201276427e-07
-0.6194968553459133,0.0,0.0,-0.3789308176100623,0.0,0.0,-0.1808176100628971,0.0,0.0,0.0,0.0,0.1493710691823913,0.0,0.6965408805031452,0.0,0.6729559748427687,-7.550239201790013e-07
-0.6194968553459127,0.0,0.0,-0.37893081761006453,0.0,0.0,0.0,0.07389937106917999,0.0,-0.08647798742138357,0.0,0.0,-0.6965408805031452,0.0,-0.6729559748427676,0.0,-7.550239200859767e-07
-0.6194968553459129,0.0,0.0,-0.3789308176100621,0.0,0.0,0.0,0.0738993710691791,0.0,-0.08647798742138252,0.0,0.0,-0.6965408805031449,0.0,0.0,0.6729559748427656,-7.550239201335042e-07
-0.6194968553459133,0.0,0.0,-0.378930817610064,0.0,0.0,0.0,0.07389937106917954,0.0,-0.08647798742138305,0.0,0.0,0.0,0.696540880503145,-0.6729559748427676,0.0,-7.550239201585478e-07
-0.6194968553459129,0.0,0.0,-0.37893081761006386,0.0,0.0,0.0,0.07389937106918043,0.0,-0.08647798742138366,0.0,0.0,0.0,0.6965408805031449,0.0,0.6729559748427665,-7.550239201467818e-07
-0.619496855345913,0.0,0.0,-0.3789308176100622,0.0,0.0,0.0,0.07389937106917865,0.0,0.0,-0.06289308176100528,0.0,-0.6965408805031448,0.0,-0.6729559748427671,0.0,-7.550239200814248e-07
-0.6194968553459124,0.0,0.0,-0.3789308176100632,0.0,0.0,0.0,0.07389937106917954,0.0,0.0,-0.06289308176100594,0.0,-0.6965408805031443,0.0,0.0,0.6729559748427667,-7.550239201480432e-07
-0.6194968553459128,0.0,0.0,-0.37893081761006286,0.0,0.0,0.0,0.0738993710691791,0.0,0.0,-0.06289308176100694,0.0,0.0,0.6965408805031449,-0.6729559748427671,0.0,-7.550239201330493e-07
-0.6194968553459126,0.0,0.0,-0.3789308176100623,0.0,0.0,0.0,0.07389937106917843,0.0,0.0,-0.06289308176100572,0.0,0.0,0.6965408805031452,0.0,0.6729559748427688,-7.550239201398355e-07
-0.6194968553459121,0.0,0.0,-0.3789308176100632,0.0,0.0,0.0,0.07389937106917999,0.0,0.0,0.0,0.1493710691823919,-0.6965408805031452,0.0,-0.6729559748427678,0.0,-7.550239200902104e-07
-0.6194968553459119,0.0,0.0,-0.3789308176100622,0.0,0.0,0.0,0.07389937106918154,0.0,0.0,0.0,0.1493710691823913,-0.6965408805031434,0.0,0.0,0.6729559748427674,-7.550239201411872e-07
-0.6194968553459117,0.0,0.0,-0.378930817610065,0.0,0.0,0.0,0.07389937106917754,0.0,0.0,0.0,0.14937106918239174,0.0,0.6965408805031449,-0.6729559748427671,0.0,-7.550239201192128e-07
-0.6194968553459126,0.0,0.0,-0.3789308176100622,0.0,0.0,0.0,0.07389937106917999,0.0,0.0,0.0,0.149371069182392,0.0,0.6965408805031442,0.0,0.6729559748427674,-7.550239201418094e-07
-0.619496855345913,0.0,0.0,-0.37893081761006586,0.0,0.0,0.0,0.0,0.10691823899371039,-0.08647798742138368,0.0,0.0,-0.696540880503145,0.0,-0.6729559748427683,0.0,-7.550239200637718e-07
-0.6194968553459129,0.0,0.0,-0.37893081761006486,0.0,0.0,0.0,0.0,0.10691823899371106,-0.0864779874213838,0.0,0.0,-0.6965408805031447,0.0,0.0,0.6729559748427649,-7.550239200938391e-07
-0.6194968553459129,0.0,0.0,-0.37893081761006453,0.0,0.0,0.0,0.0,0.10691823899371056,-0.08647798742138363,0.0,0.0,0.0,0.6965408805031451,-0.6729559748427673,0.0,-7.550239201757119e-07
-0.6194968553459104,0.0,0.0,-0.37893081761006175,0.0,0.0,0.0,0.0,0.10691823899371121,-0.08647798742138343,0.0,0.0,0.0,0.6965408805031443,0.0,0.672955974842766,-7.550239201592762e-07
-0.6194968553459137,0.0,0.0,-0.378930817610063,0.0,0.0,0.0,0.0,0.10691823899371133,0.0,-0.06289308176100661,0.0,-0.6965408805031454,0.0,-0.6729559748427677,0.0,-7.55023920098e-07
-0.6194968553459129,0.0,0.0,-0.3789308176100643,0.0,0.0,0.0,0.0,0.10691823899371067,0.0,-0.06289308176100683,0.0,-0.6965408805031452,0.0,0.0,0.6729559748427665,-7.550239201771009e-07
-0.6194968553459135,0.0,0.0,-0.3789308176100632,0.0,0.0,0.0,0.0,0.10691823899371088,0.0,-0.06289308176100616,0.0,0.0,0.6965408805031454,-0.6729559748427674,0.0,-7.550239201108784e-07
-0.619496855345912,0.0,0.0,-0.37893081761006286,0.0,0.0,0.0,0.0,0.10691823899371018,0.0,-0.06289308176100672,0.0,0.0,0.6965408805031444,0.0,0.6729559748427678,-7.55023920132965e-07
-0.6194968553459137,0.0,0.0,-0.37893081761006386,0.0,0.0,0.0,0.0,0.10691823899371097,0.0,0.0,0.1493710691823914,-0.696540880503145,0.0,-0.6729559748427685,0.0,-7.550239200883862e-07
-0.6194968553459125,0.0,0.0,-0.37893081761006386,0.0,0.0,0.0,0.0,0.10691823899371099,0.0,0.0,0.1493710691823909,-0.6965408805031449,0.0,0.0,0.6729559748427663,-7.550239200992801e-07
-0.6194968553459133,0.0,0.0,-0.37893081761006364,0.0,0.0,0.0,0.0,0.106918238993711,0.0,0.0,0.14937106918239124,0.0,0.6965408805031463,-0.6729559748427669,0.0,-7.550239201409458e-07
-0.6194968553459126,0.0,0.0,-0.378930817610062,0.0,0.0,0.0,0.0,0.10691823899371124,0.0,0.0,0.14937106918239168,0.0,0.6965408805031459,0.0,0.6729559748427669,-7.550239201299018e-07
-0.6194968553459119,0.0,0.0,0.0,-0.1855345911949681,0.0,-0.18081761006289643,0.0,0.0,-0.08647798742138307,0.0,0.0,-0.6965408805031446,0.0,-0.6729559748427669,0.0,-7.550239200763319e-07
-0.6194968553459124,0.0,0.0,0.0,-0.1855345911949684,0.0,-0.18081761006289643,0.0,0.0,-0.08647798742138313,0.0,0.0,-0.6965408805031454,0.0,0.0,0.672955974842768,-7.550239201332213e-07
-0.6194968553459121,0.0,0.0,0.0,-0.18553459119496837,0.0,-0.1808176100628982,0.0,0.0,-0.08647798742138296,0.0,0.0,0.0,0.6965408805031441,-0.6729559748427669,0.0,-7.550239201511248e-07
-0.6194968553459126,0.0,0.0,0.0,-0.1855345911949686,0.0,-0.18081761006289843,0.0,0.0,-0.08647798742138346,0.0,0.0,0.0,0.696540880503145,0.0,0.6729559748427688,-7.550239201401688e-07
-0.6194968553459137,0.0,0.0,0.0,-0.18553459119496762,0.0,-0.18081761006289576,0.0,0.0,0.0,-0.0628930817610065,0.0,-0.6965408805031453,0.0,-0.6729559748427671,0.0,-7.550239200810286e-07
-0.6194968553459129,0.0,0.0,0.0,-0.1855345911949684,0.0,-0.1808176100628962,0.0,0.0,0.0,-0.06289308176100705,0.0,-0.6965408805031448,0.0,0.0,0.6729559748427678,-7.550239201485382e-07
-0.6194968553459121,0.0,0.0,0.0,-0.18553459119496893,0.0,-0.18081761006289754,0.0,0.0,0.0,-0.06289308176100727,0.0,0.0,0.6965408805031441,-0.6729559748427666,0.0,-7.550239201277272e-07
-0.6194968553459125,0.0,0.0,0.0,-0.18553459119496873,0.0,-0.18081761006289665,0.0,0.0,0.0,-0.06289308176100716,0.0,0.0,0.6965408805031448,0.0,0.6729559748427669,-7.550239201348097e-07
-0.6194968553459128,0.0,0.0,0.0,-0.1855345911949683,0.0,-0.1808176100628982,0.0,0.0,0.0,0.0,0.14937106918239096,-0.6965408805031442,0.0,-0.6729559748427671,0.0,-7.550239200795357e-07
-0.6194968553459119,0.0,0.0,0.0,-0.18553459119496868,0.0,-0.18081761006289598,0.0,0.0,0.0,0.0,0.14937106918239146,-0.6965408805031439,0.0,0.0,0.6729559748427685,-7.550239201483637e-07
-0.6194968553459133,0.0,0.0,0.0,-0.1855345911949687,0.0,-0.1808176100628962,0.0,0.0,0.0,0.0,0.1493710691823914,0.0,0.6965408805031448,-0.6729559748427658,0.0,-7.55023920118376e-07
-0.6194968553459121,0.0,0.0,0.0,-0.18553459119496848,0.0,-0.18081761006289776,0.0,0.0,0.0,0.0,0.1493710691823915,0.0,0.696540880503145,0.0,0.6729559748427703,-7.550239201323517e-07
-0.6194968553459121,0.0,0.0,0.0,-0.18553459119496893,0.0,0.0,0.0738993710691811,0.0,-0.08647798742138382,0.0,0.0,-0.696540880503145,0.0,-0.6729559748427671,0.0,-7.550239200958191e-07
-0.6194968553459138,0.0,0.0,0.0,-0.1855345911949681,0.0,0.0,0.07389937106918265,0.0,-0.08647798742138457,0.0,0.0,-0.6965408805031446,0.0,0.0,0.6729559748427671,-7.5502392012076e-07
-0.6194968553459125,0.0,0.0,0.0,-0.1855345911949686,0.0,0.0,0.07389937106918043,0.0,-0.08647798742138413,0.0,0.0,0.0,0.6965408805031449,-0.6729559748427678,0.0,-7.550239201119639e-07
-0.6194968553459113,0.0,0.0,0.0,-0.18553459119496749,0.0,0.0,0.07389937106918243,0.0,-0.08647798742138357,0.0,0.0,0.0,0.6965408805031454,0.0,0.6729559748427685,-7.550239201290198e-07
-0.6194968553459146,0.0,0.0,0.0,-0.1855345911949689,0.0,0.0,0.07389937106918154,0.0,0.0,-0.06289308176100594,0.0,-0.6965408805031443,0.0,-0.6729559748427667,0.0,-7.550239200865883e-07
-0.6194968553459127,0.0,0.0,0.0,-0.18553459119496862,0.0,0.0,0.07389937106918354,0.0,0.0,-0.06289308176100694,0.0,-0.6965408805031437,0.0,0.0,0.6729559748427687,-7.550239201413835e-07
-0.6194968553459124,0.0,0.0,0.0,-0.18553459119496912,0.0,0.0,0.07389937106918154,0.0,0.0,-0.06289308176100639,0.0,0.0,0.6965408805031446,-0.6729559748427666,0.0,-7.550239201281974e-07
-0.6194968553459124,0.0,0.0,0.0,-0.1855345911949684,0.0,0.0,0.07389937106917954,0.0,0.0,-0.06289308176100661,0.0,0.0,0.6965408805031446,0.0,0.672955974842768,-7.55023920195035e-07
-0.6194968553459125,0.0,0.0,0.0,-0.18553459119496918,0.0,0.0,0.0738993710691811,0.0,0.0,0.0,0.14937106918239057,-0.6965408805031443,0.0,-0.6729559748427669,0.0,-7.550239200725304e-07
-0.6194968553459117,0.0,0.0,0.0,-0.18553459119496943,0.0,0.0,0.07389937106917999,0.0,0.0,0.0,0.14937106918239063,-0.6965408805031442,0.0,0.0,0.6729559748427683,-7.550239201234804e-07
-0.6194968553459133,0.0,0.0,0.0,-0.18553459119496835,0.0,0.0,0.07389937106917932,0.0,0.0,0.0,0.1493710691823909,0.0,0.6965408805031446,-0.6729559748427671,0.0,-7.550239201295e-07
-0.6194968553459121,0.0,0.0,0.0,-0.18553459119496768,0.0,0.0,0.07389937106917954,0.0,0.0,0.0,0.14937106918239096,0.0,0.6965408805031448,0.0,0.6729559748427674,-7.550239201826493e-07
-0.6194968553459137,0.0,0.0,0.0,-0.185534591194968,0.0,0.0,0.0,0.10691823899371018,-0.08647798742138418,0.0,0.0,-0.6965408805031454,0.0,-0.672955974842766,0.0,-7.550239200947645e-07
-0.6194968553459126,0.0,0.0,0.0,-0.18553459119496815,0.0,0.0,0.0,0.1069182389937099,-0.08647798742138343,0.0,0.0,-0.6965408805031446,0.0,0.0,0.6729559748427685,-7.550239201536438e-07
-0.6194968553459125,0.0,0.0,0.0,-0.1855345911949679,0.0,0.0,0.0,0.10691823899371003,-0.08647798742138257,0.0,0.0,0.0,0.6965408805031442,-0.6729559748427668,0.0,-7.550239201660677e-07
-0.6194968553459135,0.0,0.0,0.0,-0.1855345911949676,0.0,0.0,0.0,0.10691823899370984,-0.08647798742138382,0.0,0.0,0.0,0.6965408805031452,0.0,0.6729559748427688,-7.550239201354156e-07
-0.6194968553459133,0.0,0.0,0.0,-0.18553459119496848,0.0,0.0,0.0,0.10691823899371075,0.0,-0.06289308176100616,0.0,-0.6965408805031447,0.0,-0.6729559748427678,0.0,-7.550239200720706e-07
-0.6194968553459127,0.0,0.0,0.0,-0.18553459119496896,0.0,0.0,0.0,0.10691823899371071,0.0,-0.06289308176100628,0.0,-0.6965408805031446,0.0,0.0,0.672955974842768,-7.550239201488345e-07
-0.6194968553459116,0.0,0.0,0.0,-0.18553459119496843,0.0,0.0,0.0,0.10691823899371042,0.0,-0.0628930817610065,0.0,0.0,0.6965408805031446,-0.6729559748427676,0.0,-7.550239201207299e-07
-0.6194968553459124,0.0,0.0,0.0,-0.18553459119496807,0.0,0.0,0.0,0.10691823899371078,0.0,-0.06289308176100583,0.0,0.0,0.6965408805031459,0.0,0.672955974842769,-7.55023920194794e-07
-0.6194968553459126,0.0,0.0,0.0,-0.18553459119496807,0.0,0.0,0.0,0.10691823899371032,0.0,0.0,0.14937106918239101,-0.6965408805031454,0.0,-0.6729559748427674,0.0,-7.550239200899705e-07
-0.6194968553459128,0.0,0.0,0.0,-0.18553459119496854,0.0,0.0,0.0,0.10691823899371038,0.0,0.0,0.14937106918239124,-0.6965408805031442,0.0,0.0,0.6729559748427686,-7.550239201366634e-07
-0.6194968553459139,0.0,0.0,0.0,-0.1855345911949686,0.0,0.0,0.0,0.10691823899371063,0.0,0.0,0.14937106918239135,0.0,0.6965408805031456,-0.6729559748427674,0.0,-7.550239201509528e-07
-0.6194968553459114,0.0,0.0,0.0,-0.18553459119496798,0.0,0.0,0.0,0.1069182389937107,0.0,0.0,0.14937106918239118,0.0,0.696540880503145,0.0,0.6729559748427685,-7.550239201104761e-07
-0.6194968553459118,0.0,0.0,0.0,0.0,0.5644654088050303,-0.18081761006289687,0.0,0.0,-0.0864779874213838,0.0,0.0,-0.6965408805031448,0.0,-0.6729559748427673,0.0,-7.550239200779083e-07
-0.619496855345913,0.0,0.0,0.0,0.0,0.5644654088050312,-0.18081761006289532,0.0,0.0,-0.08647798742138371,0.0,0.0,-0.6965408805031466,0.0,0.0,0.6729559748427689,-7.550239201292067e-07
-0.6194968553459115,0.0,0.0,0.0,0.0,0.5644654088050297,-0.18081761006289598,0.0,0.0,-0.08647798742138343,0.0,0.0,0.0,0.6965408805031448,-0.6729559748427669,0.0,-7.550239201489739e-07
-0.6194968553459135,0.0,0.0,0.0,0.0,0.5644654088050313,-0.18081761006289865,0.0,0.0,-0.08647798742138302,0.0,0.0,0.0,0.6965408805031443,0.0,0.6729559748427694,-7.550239201754196e-07
-0.6194968553459135,0.0,0.0,0.0,0.0,0.56446540880503,-0.18081761006289443,0.0,0.0,0.0,-0.06289308176100727,0.0,-0.6965408805031451,0.0,-0.6729559748427673,0.0,-7.550239200766604e-07
-0.6194968553459126,0.0,0.0,0.0,0.0,0.5644654088050296,-0.18081761006289399,0.0,0.0,0.0,-0.06289308176100616,0.0,-0.6965408805031457,0.0,0.0,0.6729559748427689,-7.550239201239731e-07
-0.6194968553459129,0.0,0.0,0.0,0.0,0.564465408805032,-0.18081761006289465,0.0,0.0,0.0,-0.06289308176100683,0.0,0.0,0.6965408805031437,-0.6729559748427671,0.0,-7.550239201112085e-07
-0.6194968553459128,0.0,0.0,0.0,0.0,0.564465408805031,-0.18081761006289487,0.0,0.0,0.0,-0.06289308176100639,0.0,0.0,0.696540880503145,0.0,0.6729559748427685,-7.550239201712344e-07
-0.6194968553459128,0.0,0.0,0.0,0.0,0.5644654088050303,-0.18081761006289576,0.0,0.0,0.0,0.0,0.14937106918239085,-0.696540880503145,0.0,-0.6729559748427668,0.0,-7.550239200852496e-07
-0.6194968553459131,0.0,0.0,0.0,0.0,0.5644654088050292,-0.1808176100628982,0.0,0.0,0.0,0.0,0.14937106918239074,-0.6965408805031451,0.0,0.0,0.6729559748427688,-7.550239201243266e-07
-0.6194968553459121,0.0,0.0,0.0,0.0,0.564465408805031,-0.18081761006289532,0.0,0.0,0.0,0.0,0.14937106918239074,0.0,0.6965408805031456,-0.6729559748427655,0.0,-7.550239201448063e-07
-0.6194968553459121,0.0,0.0,0.0,0.0,0.5644654088050283,-0.18081761006289865,0.0,0.0,0.0,0.0,0.14937106918239085,0.0,0.6965408805031446,0.0,0.6729559748427684,-7.550239201190637e-07
-0.6194968553459126,0.0,0.0,0.0,0.0,0.5644654088050314,0.0,0.07389937106918154,0.0,-0.08647798742138402,0.0,0.0,-0.696540880503145,0.0,-0.672955974842768,0.0,-7.550239201000031e-07
-0.6194968553459114,0.0,0.0,0.0,0.0,0.5644654088050324,0.0,0.07389937106918243,0.0,-0.08647798742138435,0.0,0.0,-0.696540880503144,0.0,0.0,0.6729559748427678,-7.55023920134366e-07
-0.619496855345913,0.0,0.0,0.0,0.0,0.5644654088050322,0.0,0.07389937106918043,0.0,-0.08647798742138324,0.0,0.0,0.0,0.6965408805031447,-0.6729559748427671,0.0,-7.550239201022525e-07
-0.6194968553459118,0.0,0.0,0.0,0.0,0.5644654088050312,0.0,0.07389937106918332,0.0,-0.0864779874213833,0.0,0.0,0.0,0.6965408805031446,0.0,0.672955974842768,-7.550239201466155e-07
-0.6194968553459136,0.0,0.0,0.0,0.0,0.5644654088050278,0.0,0.07389937106918065,0.0,0.0,-0.06289308176100605,0.0,-0.6965408805031444,0.0,-0.6729559748427679,0.0,-7.550239200688815e-07
-0.6194968553459133,0.0,0.0,0.0,0.0,0.5644654088050304,0.0,0.07389937106917865,0.0,0.0,-0.06289308176100727,0.0,-0.696540880503144,0.0,0.0,0.6729559748427678,-7.550239201316733e-07
-0.6194968553459128,0.0,0.0,0.0,0.0,0.5644654088050312,0.0,0.07389937106917954,0.0,0.0,-0.06289308176100727,0.0,0.0,0.6965408805031457,-0.6729559748427671,0.0,-7.550239201129204e-07
-0.6194968553459118,0.0,0.0,0.0,0.0,0.5644654088050329,0.0,0.07389937106918332,0.0,0.0,-0.06289308176100594,0.0,0.0,0.6965408805031461,0.0,0.6729559748427689,-7.550239201377025e-07
-0.6194968553459124,0.0,0.0,0.0,0.0,0.5644654088050295,0.0,0.07389937106918065,0.0,0.0,0.0,0.1493710691823884,-0.6965408805031456,0.0,-0.6729559748427657,0.0,-7.550239200555947e-07
-0.6194968553459128,0.0,0.0,0.0,0.0,0.5644654088050292,0.0,0.07389937106918065,0.0,0.0,0.0,0.14937106918238868,-0.6965408805031439,0.0,0.0,0.6729559748427679,-7.550239201588142e-07
-0.6194968553459121,0.0,0.0,0.0,0.0,0.5644654088050302,0.0,0.07389937106918065,0.0,0.0,0.0,0.14937106918238802,0.0,0.6965408805031446,-0.672955974842767,0.0,-7.550239201178841e-07
-0.6194968553459111,0.0,0.0,0.0,0.0,0.5644654088050323,0.0,0.07389937106918021,0.0,0.0,0.0,0.14937106918238946,0.0,0.6965408805031453,0.0,0.6729559748427685,-7.550239201261346e-07
-0.6194968553459117,0.0,0.0,0.0,0.0,0.5644654088050322,0.0,0.0,0.1069182389937107,-0.08647798742138352,0.0,0.0,-0.6965408805031448,0.0,-0.6729559748427664,0.0,-7.550239200974477e-07
-0.6194968553459124,0.0,0.0,0.0,0.0,0.5644654088050312,0.0,0.0,0.10691823899370961,-0.08647798742138332,0.0,0.0,-0.6965408805031443,0.0,0.0,0.6729559748427678,-7.550239201325701e-07
-0.6194968553459124,0.0,0.0,0.0,0.0,0.5644654088050296,0.0,0.0,0.10691823899371063,-0.08647798742138343,0.0,0.0,0.0,0.6965408805031453,-0.6729559748427667,0.0,-7.550239201596917e-07
-0.6194968553459125,0.0,0.0,0.0,0.0,0.5644654088050314,0.0,0.0,0.10691823899371097,-0.08647798742138282,0.0,0.0,0.0,0.6965408805031449,0.0,0.6729559748427675,-7.550239201214954e-07
-0.6194968553459121,0.0,0.0,0.0,0.0,0.5644654088050285,0.0,0.0,0.10691823899371064,0.0,-0.0628930817610075,0.0,-0.6965408805031451,0.0,-0.6729559748427669,0.0,-7.550239200869402e-07
-0.6194968553459124,0.0,0.0,0.0,0.0,0.5644654088050309,0.0,0.0,0.10691823899371083,0.0,-0.06289308176100772,0.0,-0.6965408805031459,0.0,0.0,0.6729559748427678,-7.550239200975399e-07
-0.6194968553459141,0.0,0.0,0.0,0.0,0.5644654088050308,0.0,0.0,0.10691823899371072,0.0,-0.06289308176100761,0.0,0.0,0.696540880503145,-0.6729559748427678,0.0,-7.550239201228233e-07
-0.6194968553459127,0.0,0.0,0.0,0.0,0.5644654088050309,0.0,0.0,0.10691823899371031,0.0,-0.0628930817610075,0.0,0.0,0.6965408805031446,0.0,0.672955974842768,-7.550239201620267e-07
-0.619496855345913,0.0,0.0,0.0,0.0,0.5644654088050294,0.0,0.0,0.1069182389937099,0.0,0.0,0.14937106918239085,-0.6965408805031459,0.0,-0.6729559748427678,0.0,-7.55023920080743e-07
-0.6194968553459124,0.0,0.0,0.0,0.0,0.5644654088050294,0.0,0.0,0.10691823899371061,0.0,0.0,0.1493710691823904,-0.6965408805031443,0.0,0.0,0.6729559748427673,-7.550239201432925e-07
-0.6194968553459135,0.0,0.0,0.0,0.0,0.5644654088050295,0.0,0.0,0.1069182389937102,0.0,0.0,0.14937106918239068,0.0,0.6965408805031449,-0.6729559748427668,0.0,-7.55023920162979e-07
-0.6194968553459137,0.0,0.0,0.0,0.0,0.5644654088050312,0.0,0.0,0.10691823899371186,0.0,0.0,0.14937106918239124,0.0,0.6965408805031459,0.0,0.6729559748427679,-7.55023920166372e-07
0.0,0.2531446540880531,0.0,-0.37893081761006386,0.0,0.0,-0.18081761006289865,0.0,0.0,-0.08647798742138313,0.0,0.0,-0.696540880503145,0.0,-0.672955974842767,0.0,-7.550239200530653e-07
0.0,0.253144654088054,0.0,-0.37893081761006464,0.0,0.0,-0.18081761006289776,0.0,0.0,-0.08647798742138313,0.0,0.0,-0.6965408805031454,0.0,0.0,0.6729559748427691,-7.550239200874803e-07
0.0,0.25314465408805176,0.0,-0.37893081761006375,0.0,0.0,-0.1808176100628971,0.0,0.0,-0.0864779874213836,0.0,0.0,0.0,0.6965408805031437,-0.6729559748427669,0.0,-7.550239201084532e-07
0.0,0.25314465408805353,0.0,-0.37893081761006364,0.0,0.0,-0.18081761006289954,0.0,0.0,-0.08647798742138244,0.0,0.0,0.0,0.6965408805031454,0.0,0.6729559748427687,-7.55023920150911e-07
0.0,0.25314465408805353,0.0,-0.3789308176100652,0.0,0.0,-0.1808176100629002,0.0,0.0,0.0,-0.06289308176100739,0.0,-0.6965408805031439,0.0,-0.672955974842768,0.0,-7.550239200606284e-07
0.0,0.25314465408805387,0.0,-0.37893081761006464,0.0,0.0,-0.18081761006289998,0.0,0.0,0.0,-0.06289308176100716,0.0,-0.6965408805031442,0.0,0.0,0.6729559748427676,-7.550239200885246e-07
0.0,0.2531446540880531,0.0,-0.37893081761006264,0.0,0.0,-0.18081761006289865,0.0,0.0,0.0,-0.06289308176100805,0.0,0.0,0.6965408805031444,-0.6729559748427678,0.0,-7.550239201000203e-07
0.0,0.2531446540880532,0.0,-0.37893081761006264,0.0,0.0,-0.1808176100628991,0.0,0.0,0.0,-0.06289308176100705,0.0,0.0,0.6965408805031459,0.0,0.6729559748427678,-7.550239201530084e-07
0.0,0.2531446540880532,0.0,-0.37893081761006464,0.0,0.0,-0.18081761006289998,0.0,0.0,0.0,0.0,0.14937106918239107,-0.696540880503145,0.0,-0.6729559748427674,0.0,-7.550239200451601e-07
0.0,0.25314465408805376,0.0,-0.37893081761006664,0.0,0.0,-0.18081761006290065,0.0,0.0,0.0,0.0,0.14937106918239113,-0.6965408805031439,0.0,0.0,0.672955974842768,-7.550239200901489e-07
0.0,0.2531446540880542,0.0,-0.3789308176100661,0.0,0.0,-0.18081761006290087,0.0,0.0,0.0,0.0,0.14937106918239096,0.0,0.6965408805031454,-0.6729559748427669,0.0,-7.550239200943341e-07
0.0,0.2531446540880521,0.0,-0.37893081761006375,0.0,0.0,-0.18081761006289954,0.0,0.0,0.0,0.0,0.14937106918239157,0.0,0.6965408805031446,0.0,0.672955974842768,-7.550239201449573e-07
0.0,0.25314465408805464,0.0,-0.37893081761006364,0.0,0.0,0.0,0.07389937106917799,0.0,-0.08647798742138349,0.0,0.0,-0.6965408805031452,0.0,-0.6729559748427677,0.0,-7.550239200323405e-07
0.0,0.25314465408805276,0.0,-0.37893081761006353,0.0,0.0,0.0,0.07389937106918087,0.0,-0.08647798742138332,0.0,0.0,-0.6965408805031441,0.0,0.0,0.6729559748427687,-7.550239201035484e-07
0.0,0.25314465408805253,0.0,-0.3789308176100634,0.0,0.0,0.0,0.07389937106918065,0.0,-0.08647798742138368,0.0,0.0,0.0,0.6965408805031446,-0.6729559748427671,0.0,-7.55023920110823e-07
0.0,0.25314465408805287,0.0,-0.37893081761006175,0.0,0.0,0.0,0.07389937106918221,0.0,-0.08647798742138357,0.0,0.0,0.0,0.6965408805031452,0.0,0.6729559748427689,-7.550239201343264e-07
0.0,0.2531446540880531,0.0,-0.378930817610063,0.0,0.0,0.0,0.07389937106918154,0.0,0.0,-0.06289308176100605,0.0,-0.6965408805031446,0.0,-0.6729559748427661,0.0,-7.550239200312763e-07
0.0,0.25314465408805364,0.0,-0.378930817610063,0.0,0.0,0.0,0.07389937106918154,0.0,0.0,-0.06289308176100572,0.0,-0.6965408805031447,0.0,0.0,0.672955974842769,-7.550239200967792e-07
0.0,0.25314465408805287,0.0,-0.3789308176100631,0.0,0.0,0.0,0.07389937106918265,0.0,0.0,-0.06289308176100605,0.0,0.0,0.6965408805031459,-0.6729559748427667,0.0,-7.550239200955154e-07
0.0,0.25314465408805176,0.0,-0.37893081761006353,0.0,0.0,0.0,0.0738993710691831,0.0,0.0,-0.06289308176100528,0.0,0.0,0.6965408805031452,0.0,0.6729559748427687,-7.550239201517438e-07
0.0,0.253144654088052,0.0,-0.3789308176100643,0.0,0.0,0.0,0.07389937106918198,0.0,0.0,0.0,0.14937106918239162,-0.6965408805031453,0.0,-0.6729559748427669,0.0,-7.550239200586917e-07
0.0,0.2531446540880521,0.0,-0.3789308176100661,0.0,0.0,0.0,0.07389937106918176,0.0,0.0,0.0,0.1493710691823913,-0.6965408805031452,0.0,0.0,0.6729559748427691,-7.550239200961765e-07
0.0,0.253144654088054,0.0,-0.37893081761006275,0.0,0.0,0.0,0.07389937106918176,0.0,0.0,0.0,0.14937106918239157,0.0,0.6965408805031441,-0.6729559748427663,0.0,-7.550239200836778e-07
0.0,0.2531446540880534,0.0,-0.37893081761006175,0.0,0.0,0.0,0.07389937106918154,0.0,0.0,0.0,0.14937106918239207,0.0,0.6965408805031452,0.0,0.6729559748427696,-7.550239201475988e-07
0.0,0.25314465408805376,0.0,-0.37893081761006464,0.0,0.0,0.0,0.0,0.10691823899371088,-0.0864779874213839,0.0,0.0,-0.696540880503145,0.0,-0.6729559748427681,0.0,-7.550239200405907e-07
0.0,0.25314465408805187,0.0,-0.378930817610066,0.0,0.0,0.0,0.0,0.10691823899371014,-0.08647798742138318,0.0,0.0,-0.6965408805031446,0.0,0.0,0.6729559748427686,-7.550239200771382e-07
0.0,0.25314465408805076,0.0,-0.37893081761006553,0.0,0.0,0.0,0.0,0.10691823899371063,-0.08647798742138399,0.0,0.0,0.0,0.6965408805031439,-0.6729559748427669,0.0,-7.550239200996241e-07
0.0,0.25314465408805176,0.0,-0.37893081761006386,0.0,0.0,0.0,0.0,0.10691823899371078,-0.08647798742138271,0.0,0.0,0.0,0.6965408805031451,0.0,0.6729559748427687,-7.550239201400191e-07
0.0,0.25314465408805364,0.0,-0.3789308176100641,0.0,0.0,0.0,0.0,0.10691823899371049,0.0,-0.06289308176100783,0.0,-0.6965408805031441,0.0,-0.6729559748427671,0.0,-7.550239200358349e-07
0.0,0.2531446540880534,0.0,-0.37893081761006353,0.0,0.0,0.0,0.0,0.10691823899371142,0.0,-0.0628930817610085,0.0,-0.6965408805031447,0.0,0.0,0.6729559748427667,-7.550239200963012e-07
0.0,0.2531446540880534,0.0,-0.37893081761006275,0.0,0.0,0.0,0.0,0.1069182389937108,0.0,-0.0628930817610075,0.0,0.0,0.6965408805031444,-0.6729559748427669,0.0,-7.550239200956281e-07
0.0,0.25314465408805265,0.0,-0.3789308176100631,0.0,0.0,0.0,0.0,0.10691823899371115,0.0,-0.06289308176100716,0.0,0.0,0.6965408805031459,0.0,0.6729559748427685,-7.550239201344093e-07
0.0,0.253144654088053,0.0,-0.37893081761006475,0.0,0.0,0.0,0.0,0.1069182389937115,0.0,0.0,0.1493710691823918,-0.6965408805031442,0.0,-0.6729559748427669,0.0,-7.550239200577207e-07
0.0,0.25314465408805353,0.0,-0.3789308176100644,0.0,0.0,0.0,0.0,0.10691823899371136,0.0,0.0,0.14937106918239124,-0.696540880503145,0.0,0.0,0.6729559748427691,-7.550239200883092e-07
0.0,0.2531446540880533,0.0,-0.3789308176100624,0.0,0.0,0.0,0.0,0.10691823899371103,0.0,0.0,0.14937106918239096,0.0,0.6965408805031446,-0.6729559748427669,0.0,-7.550239200794474e-07
0.0,0.2531446540880531,0.0,-0.37893081761006375,0.0,0.0,0.0,0.0,0.10691823899371097,0.0,0.0,0.14937106918239196,0.0,0.696540880503145,0.0,0.6729559748427678,-7.550239201421337e-07
0.0,0.2531446540880533,0.0,0.0,-0.1855345911949685,0.0,-0.1808176100628971,0.0,0.0,-0.0864779874213831,0.0,0.0,-0.6965408805031452,0.0,-0.6729559748427667,0.0,-7.550239200469929e-07
0.0,0.25314465408805364,0.0,0.0,-0.18553459119496885,0.0,-0.18081761006289687,0.0,0.0,-0.0864779874213826,0.0,0.0,-0.6965408805031447,0.0,0.0,0.672955974842768,-7.55023920103468e-07
0.0,0.253144654088052,0.0,0.0,-0.18553459119496876,0.0,-0.18081761006289598,0.0,0.0,-0.08647798742138374,0.0,0.0,0.0,0.6965408805031441,-0.6729559748427669,0.0,-7.550239200469591e-07
0.0,0.2531446540880524,0.0,0.0,-0.1855345911949683,0.0,-0.18081761006289576,0.0,0.0,-0.08647798742138318,0.0,0.0,0.0,0.6965408805031448,0.0,0.6729559748427696,-7.55023920143875e-07
0.0,0.2531446540880521,0.0,0.0,-0.18553459119496943,0.0,-0.18081761006289399,0.0,0.0,0.0,-0.06289308176100616,0.0,-0.6965408805031448,0.0,-0.6729559748427674,0.0,-7.550239200415986e-07
0.0,0.25314465408805376,0.0,0.0,-0.18553459119496854,0.0,-0.18081761006289776,0.0,0.0,0.0,-0.06289308176100705,0.0,-0.6965408805031446,0.0,0.0,0.6729559748427695,-7.550239200866126e-07
0.0,0.253144654088053,0.0,0.0,-0.18553459119496868,0.0,-0.18081761006289554,0.0,0.0,0.0,-0.0628930817610065,0.0,0.0,0.696540880503145,-0.6729559748427669,0.0,-7.55023920093686e-07
0.0,0.2531446540880533,0.0,0.0,-0.18553459119496776,0.0,-0.1808176100628931,0.0,0.0,0.0,-0.06289308176100561,0.0,0.0,0.6965408805031458,0.0,0.67295597484277,-7.550239201169668e-07
0.0,0.2531446540880533,0.0,0.0,-0.18553459119496865,0.0,-0.1808176100628951,0.0,0.0,0.0,0.0,0.1493710691823904,-0.6965408805031447,0.0,-0.6729559748427665,0.0,-7.550239200854268e-07
0.0,0.253144654088052,0.0,0.0,-0.18553459119496857,0.0,-0.18081761006289576,0.0,0.0,0.0,0.0,0.1493710691823899,-0.6965408805031454,0.0,0.0,0.6729559748427687,-7.550239200981747e-07
0.0,0.25314465408805253,0.0,0.0,-0.18553459119496823,0.0,-0.18081761006289576,0.0,0.0,0.0,0.0,0.14937106918238985,0.0,0.6965408805031443,-0.672955974842768,0.0,-7.550239200949076e-07
0.0,0.25314465408805176,0.0,0.0,-0.18553459119496837,0.0,-0.18081761006289443,0.0,0.0,0.0,0.0,0.14937106918239146,0.0,0.6965408805031448,0.0,0.6729559748427699,-7.55023920154209e-07
0.0,0.2531446540880532,0.0,0.0,-0.18553459119496804,0.0,0.0,0.0738993710691811,0.0,-0.08647798742138313,0.0,0.0,-0.6965408805031448,0.0,-0.6729559748427674,0.0,-7.550239200801285e-07
0.0,0.2531446540880513,0.0,0.0,-0.18553459119496932,0.0,0.0,0.07389937106917954,0.0,-0.08647798742138393,0.0,0.0,-0.6965408805031452,0.0,0.0,0.6729559748427676,-7.550239201015465e-07
0.0,0.25314465408805165,0.0,0.0,-0.1855345911949682,0.0,0.0,0.07389937106917688,0.0,-0.08647798742138402,0.0,0.0,0.0,0.6965408805031439,-0.6729559748427676,0.0,-7.550239201444406e-07
0.0,0.2531446540880522,0.0,0.0,-0.18553459119496798,0.0,0.0,0.0738993710691811,0.0,-0.08647798742138307,0.0,0.0,0.0,0.6965408805031443,0.0,0.6729559748427671,-7.550239201456857e-07
0.0,0.2531446540880521,0.0,0.0,-0.18553459119496862,0.0,0.0,0.07389937106917888,0.0,0.0,-0.06289308176100705,0.0,-0.696540880503145,0.0,-0.6729559748427674,0.0,-7.55023920053414e-07
0.0,0.25314465408805276,0.0,0.0,-0.185534591194968,0.0,0.0,0.07389937106917821,0.0,0.0,-0.06289308176100716,0.0,-0.6965408805031449,0.0,0.0,0.6729559748427686,-7.550239200850939e-07
0.0,0.25314465408805364,0.0,0.0,-0.1855345911949681,0.0,0.0,0.07389937106918021,0.0,0.0,-0.06289308176100628,0.0,0.0,0.6965408805031433,-0.6729559748427685,0.0,-7.550239201091509e-07
0.0,0.2531446540880523,0.0,0.0,-0.18553459119496765,0.0,0.0,0.07389937106918065,0.0,0.0,-0.06289308176100594,0.0,0.0,0.6965408805031454,0.0,0.6729559748427687,-7.550239201392864e-07
0.0,0.2531446540880541,0.0,0.0,-0.18553459119496868,0.0,0.0,0.07389937106918132,0.0,0.0,0.0,0.14937106918239113,-0.6965408805031447,0.0,-0.6729559748427668,0.0,-7.55023920068192e-07
0.0,0.2531446540880534,0.0,0.0,-0.18553459119496815,0.0,0.0,0.07389937106918221,0.0,0.0,0.0,0.1493710691823914,-0.6965408805031431,0.0,0.0,0.6729559748427689,-7.550239200711041e-07
0.0,0.2531446540880531,0.0,0.0,-0.18553459119496843,0.0,0.0,0.07389937106918176,0.0,0.0,0.0,0.1493710691823909,0.0,0.6965408805031451,-0.6729559748427663,0.0,-7.550239200973287e-07
0.0,0.25314465408805276,0.0,0.0,-0.185534591194967,0.0,0.0,0.0738993710691811,0.0,0.0,0.0,0.14937106918239074,0.0,0.6965408805031451,0.0,0.6729559748427696,-7.550239201444857e-07
0.0,0.25314465408805364,0.0,0.0,-0.18553459119496896,0.0,0.0,0.0,0.10691823899371075,-0.08647798742138357,0.0,0.0,-0.6965408805031454,0.0,-0.6729559748427668,0.0,-7.550239200428536e-07
0.0,0.25314465408805287,0.0,0.0,-0.18553459119496926,0.0,0.0,0.0,0.10691823899371031,-0.08647798742138352,0.0,0.0,-0.6965408805031443,0.0,0.0,0.6729559748427689,-7.550239201045109e-07
0.0,0.2531446540880534,0.0,0.0,-0.18553459119496798,0.0,0.0,0.0,0.10691823899371058,-0.08647798742138346,0.0,0.0,0.0,0.6965408805031441,-0.6729559748427679,0.0,-7.550239200913694e-07
0.0,0.2531446540880534,0.0,0.0,-0.18553459119496798,0.0,0.0,0.0,0.10691823899371068,-0.0864779874213833,0.0,0.0,0.0,0.6965408805031448,0.0,0.6729559748427671,-7.550239201421912e-07
0.0,0.2531446540880523,0.0,0.0,-0.1855345911949683,0.0,0.0,0.0,0.10691823899371049,0.0,-0.06289308176100639,0.0,-0.6965408805031446,0.0,-0.6729559748427675,0.0,-7.550239200831271e-07
0.0,0.2531446540880533,0.0,0.0,-0.18553459119496746,0.0,0.0,0.0,0.10691823899371095,0.0,-0.06289308176100761,0.0,-0.696540880503145,0.0,0.0,0.6729559748427683,-7.55023920082884e-07
0.0,0.25314465408805353,0.0,0.0,-0.18553459119496798,0.0,0.0,0.0,0.10691823899371063,0.0,-0.06289308176100739,0.0,0.0,0.6965408805031443,-0.6729559748427661,0.0,-7.550239200803552e-07
0.0,0.2531446540880521,0.0,0.0,-0.18553459119496826,0.0,0.0,0.0,0.10691823899371038,0.0,-0.0628930817610075,0.0,0.0,0.6965408805031442,0.0,0.6729559748427691,-7.550239201399719e-07
0.0,0.2531446540880531,0.0,0.0,-0.1855345911949674,0.0,0.0,0.0,0.10691823899371102,0.0,0.0,0.14937106918239107,-0.6965408805031457,0.0,-0.6729559748427676,0.0,-7.550239200399264e-07
0.0,0.253144654088054,0.0,0.0,-0.18553459119496873,0.0,0.0,0.0,0.10691823899371065,0.0,0.0,0.14937106918239074,-0.6965408805031446,0.0,0.0,0.6729559748427683,-7.550239200879262e-07
0.0,0.2531446540880513,0.0,0.0,-0.18553459119496782,0.0,0.0,0.0,0.10691823899371145,0.0,0.0,0.14937106918239135,0.0,0.6965408805031448,-0.6729559748427658,0.0,-7.550239201032723e-07
0.0,0.25314465408805364,0.0,0.0,-0.18553459119496785,0.0,0.0,0.0,0.10691823899371196,0.0,0.0,0.14937106918239113,0.0,0.6965408805031449,0.0,0.6729559748427695,-7.550239201347309e-07
0.0,0.2531446540880533,0.0,0.0,0.0,0.5644654088050317,-0.18081761006289954,0.0,0.0,-0.08647798742138368,0.0,0.0,-0.6965408805031448,0.0,-0.6729559748427665,0.0,-7.550239200730387e-07
0.0,0.25314465408805165,0.0,0.0,0.0,0.5644654088050298,-0.18081761006289998,0.0,0.0,-0.08647798742138318,0.0,0.0,-0.6965408805031444,0.0,0.0,0.6729559748427675,-7.550239200816157e-07
0.0,0.2531446540880523,0.0,0.0,0.0,0.5644654088050304,-0.18081761006289798,0.0,0.0,-0.08647798742138363,0.0,0.0,0.0,0.6965408805031454,-0.6729559748427678,0.0,-7.55023920085114e-07
0.0,0.2531446540880532,0.0,0.0,0.0,0.5644654088050304,-0.18081761006289598,0.0,0.0,-0.08647798742138327,0.0,0.0,0.0,0.6965408805031456,0.0,0.6729559748427673,-7.550239201469166e-07
0.0,0.25314465408805276,0.0,0.0,0.0,0.5644654088050303,-0.18081761006289954,0.0,0.0,0.0,-0.06289308176100561,0.0,-0.6965408805031434,0.0,-0.6729559748427671,0.0,-7.550239200547898e-07
0.0,0.2531446540880523,0.0,0.0,0.0,0.5644654088050299,-0.1808176100628991,0.0,0.0,0.0,-0.06289308176100639,0.0,-0.6965408805031454,0.0,0.0,0.6729559748427671,-7.550239200868896e-07
0.0,0.25314465408805176,0.0,0.0,0.0,0.5644654088050302,-0.18081761006289887,0.0,0.0,0.0,-0.0628930817610075,0.0,0.0,0.6965408805031452,-0.6729559748427674,0.0,-7.550239200716989e-07
0.0,0.253144654088053,0.0,0.0,0.0,0.5644654088050316,-0.1808176100629002,0.0,0.0,0.0,-0.06289308176100694,0.0,0.0,0.6965408805031461,0.0,0.6729559748427668,-7.550239201522555e-07
0.0,0.2531446540880531,0.0,0.0,0.0,0.5644654088050294,-0.18081761006289954,0.0,0.0,0.0,0.0,0.14937106918239057,-0.6965408805031447,0.0,-0.6729559748427667,0.0,-7.550239200781567e-07
0.0,0.2531446540880531,0.0,0.0,0.0,0.564465408805031,-0.1808176100628971,0.0,0.0,0.0,0.0,0.14937106918238935,-0.6965408805031439,0.0,0.0,0.6729559748427687,-7.550239201032775e-07
0.0,0.25314465408805276,0.0,0.0,0.0,0.5644654088050303,-0.1808176100629002,0.0,0.0,0.0,0.0,0.14937106918239035,0.0,0.6965408805031454,-0.6729559748427667,0.0,-7.55023920086093e-07
0.0,0.25314465408805265,0.0,0.0,0.0,0.5644654088050326,-0.18081761006289687,0.0,0.0,0.0,0.0,0.14937106918239068,0.0,0.696540880503145,0.0,0.672955974842769,-7.550239201502288e-07
0.0,0.25314465408805387,0.0,0.0,0.0,0.5644654088050324,0.0,0.07389937106918198,0.0,-0.08647798742138366,0.0,0.0,-0.6965408805031449,0.0,-0.6729559748427669,0.0,-7.550239200656102e-07
0.0,0.25314465408805187,0.0,0.0,0.0,0.5644654088050295,0.0,0.0738993710691771,0.0,-0.08647798742138388,0.0,0.0,-0.6965408805031453,0.0,0.0,0.6729559748427687,-7.550239200981475e-07
0.0,0.2531446540880523,0.0,0.0,0.0,0.5644654088050302,0.0,0.07389937106917888,0.0,-0.08647798742138393,0.0,0.0,0.0,0.696540880503145,-0.6729559748427675,0.0,-7.550239200863632e-07
0.0,0.25314465408805265,0.0,0.0,0.0,0.5644654088050322,0.0,0.07389937106918065,0.0,-0.08647798742138346,0.0,0.0,0.0,0.696540880503145,0.0,0.6729559748427667,-7.550239201365567e-07
0.0,0.25314465408805353,0.0,0.0,0.0,0.5644654088050304,0.0,0.07389937106918065,0.0,0.0,-0.06289308176100739,0.0,-0.6965408805031443,0.0,-0.6729559748427671,0.0,-7.550239200680217e-07
0.0,0.25314465408805353,0.0,0.0,0.0,0.5644654088050277,0.0,0.07389937106917799,0.0,0.0,-0.06289308176100827,0.0,-0.6965408805031449,0.0,0.0,0.672955974842768,-7.550239200817788e-07
0.0,0.25314465408805253,0.0,0.0,0.0,0.5644654088050322,0.0,0.07389937106917777,0.0,0.0,-0.06289308176100727,0.0,0.0,0.6965408805031446,-0.6729559748427671,0.0,-7.550239200912292e-07
0.0,0.25314465408805154,0.0,0.0,0.0,0.5644654088050303,0.0,0.07389937106917932,0.0,0.0,-0.0628930817610085,0.0,0.0,0.6965408805031442,0.0,0.6729559748427691,-7.550239201315039e-07
0.0,0.253144654088054,0.0,0.0,0.0,0.56446540880503,0.0,0.07389937106917843,0.0,0.0,0.0,0.14937106918238985,-0.6965408805031447,0.0,-0.6729559748427658,0.0,-7.550239200795091e-07
0.0,0.25314465408805353,0.0,0.0,0.0,0.5644654088050299,0.0,0.07389937106917999,0.0,0.0,0.0,0.1493710691823908,-0.6965408805031448,0.0,0.0,0.6729559748427663,-7.550239200886828e-07
0.0,0.25314465408805265,0.0,0.0,0.0,0.5644654088050304,0.0,0.07389937106917865,0.0,0.0,0.0,0.1493710691823899,0.0,0.6965408805031457,-0.6729559748427667,0.0,-7.550239200910361e-07
0.0,0.2531446540880524,0.0,0.0,0.0,0.5644654088050322,0.0,0.07389937106917932,0.0,0.0,0.0,0.14937106918239118,0.0,0.6965408805031466,0.0,0.6729559748427683,-7.550239201358922e-07
0.0,0.2531446540880533,0.0,0.0,0.0,0.5644654088050307,0.0,0.0,0.10691823899371077,-0.08647798742138285,0.0,0.0,-0.6965408805031446,0.0,-0.672955974842768,0.0,-7.550239200820391e-07
0.0,0.25314465408805376,0.0,0.0,0.0,0.5644654088050312,0.0,0.0,0.1069182389937113,-0.08647798742138371,0.0,0.0,-0.6965408805031448,0.0,0.0,0.6729559748427663,-7.550239200857565e-07
0.0,0.25314465408805276,0.0,0.0,0.0,0.564465408805031,0.0,0.0,0.1069182389937112,-0.08647798742138363,0.0,0.0,0.0,0.696540880503145,-0.6729559748427685,0.0,-7.550239200796339e-07
0.0,0.2531446540880534,0.0,0.0,0.0,0.5644654088050339,0.0,0.0,0.10691823899371246,-0.08647798742138227,0.0,0.0,0.0,0.6965408805031457,0.0,0.6729559748427687,-7.550239201391071e-07
0.0,0.25314465408805165,0.0,0.0,0.0,0.564465408805031,0.0,0.0,0.10691823899371088,0.0,-0.06289308176100594,0.0,-0.6965408805031442,0.0,-0.6729559748427666,0.0,-7.550239200710497e-07
0.0,0.25314465408805287,0.0,0.0,0.0,0.5644654088050316,0.0,0.0,0.10691823899371056,0.0,-0.06289308176100628,0.0,-0.6965408805031446,0.0,0.0,0.6729559748427687,-7.550239201040698e-07
0.0,0.25314465408805376,0.0,0.0,0.0,0.5644654088050309,0.0,0.0,0.10691823899371174,0.0,-0.06289308176100716,0.0,0.0,0.6965408805031439,-0.6729559748427667,0.0,-7.550239200812943e-07
0.0,0.2531446540880521,0.0,0.0,0.0,0.5644654088050303,0.0,0.0,0.10691823899371049,0.0,-0.0628930817610065,0.0,0.0,0.6965408805031432,0.0,0.6729559748427679,-7.550239201309996e-07
0.0,0.2531446540880524,0.0,0.0,0.0,0.5644654088050308,0.0,0.0,0.10691823899371021,0.0,0.0,0.14937106918239207,-0.6965408805031446,0.0,-0.6729559748427667,0.0,-7.550239201015801e-07
0.0,0.25314465408805265,0.0,0.0,0.0,0.5644654088050303,0.0,0.0,0.10691823899371106,0.0,0.0,0.14937106918239174,-0.696540880503145,0.0,0.0,0.6729559748427641,-7.550239200982806e-07
0.0,0.25314465408805253,0.0,0.0,0.0,0.5644654088050288,0.0,0.0,0.10691823899371095,0.0,0.0,0.14937106918239168,0.0,0.6965408805031454,-0.6729559748427667,0.0,-7.550239200778931e-07
0.0,0.2531446540880534,0.0,0.0,0.0,0.5644654088050276,0.0,0.0,0.10691823899371077,0.0,0.0,0.149371069182392,0.0,0.6965408805031446,0.0,0.672955974842768,-7.55023920141818e-07
0.0,0.0,0.36635220125786,-0.3789308176100703,0.0,0.0,-0.18081761006289754,0.0,0.0,-0.0864779874213836,0.0,0.0,-0.6965408805031448,0.0,-0.6729559748427674,0.0,-7.550239200337235e-07
0.0,0.0,0.3663522012578615,-0.37893081761006997,0.0,0.0,-0.18081761006289643,0.0,0.0,-0.08647798742138316,0.0,0.0,-0.6965408805031448,0.0,0.0,0.6729559748427669,-7.55023920066992e-07
0.0,0.0,0.36635220125786117,-0.3789308176100691,0.0,0.0,-0.1808176100628982,0.0,0.0,-0.0864779874213836,0.0,0.0,0.0,0.6965408805031443,-0.6729559748427671,0.0,-7.550239201050857e-07
0.0,0.0,0.3663522012578626,-0.3789308176100705,0.0,0.0,-0.1808176100628971,0.0,0.0,-0.08647798742138366,0.0,0.0,0.0,0.6965408805031448,0.0,0.6729559748427686,-7.550239201086177e-07
0.0,0.0,0.3663522012578607,-0.37893081761006975,0.0,0.0,-0.1808176100628982,0.0,0.0,0.0,-0.06289308176100661,0.0,-0.6965408805031448,0.0,-0.6729559748427685,0.0,-7.550239200674564e-07
0.0,0.0,0.3663522012578612,-0.3789308176100713,0.0,0.0,-0.18081761006289843,0.0,0.0,0.0,-0.06289308176100661,0.0,-0.696540880503145,0.0,0.0,0.6729559748427676,-7.550239200893386e-07
0.0,0.0,0.3663522012578615,-0.3789308176100704,0.0,0.0,-0.18081761006289732,0.0,0.0,0.0,-0.06289308176100639,0.0,0.0,0.6965408805031448,-0.6729559748427676,0.0,-7.550239200949269e-07
0.0,0.0,0.3663522012578621,-0.3789308176100693,0.0,0.0,-0.18081761006289843,0.0,0.0,0.0,-0.06289308176100716,0.0,0.0,0.6965408805031448,0.0,0.6729559748427687,-7.550239201551901e-07
0.0,0.0,0.36635220125786094,-0.3789308176100713,0.0,0.0,-0.18081761006289865,0.0,0.0,0.0,0.0,0.14937106918238946,-0.6965408805031441,0.0,-0.6729559748427673,0.0,-7.550239200173789e-07
0.0,0.0,0.3663522012578621,-0.3789308176100693,0.0,0.0,-0.18081761006289665,0.0,0.0,0.0,0.0,0.14937106918239051,-0.6965408805031441,0.0,0.0,0.6729559748427688,-7.550239200928416e-07
0.0,0.0,0.36635220125786105,-0.3789308176100703,0.0,0.0,-0.18081761006289754,0.0,0.0,0.0,0.0,0.14937106918238974,0.0,0.6965408805031439,-0.6729559748427671,0.0,-7.550239200839038e-07
0.0,0.0,0.3663522012578617,-0.3789308176100701,0.0,0.0,-0.18081761006289732,0.0,0.0,0.0,0.0,0.14937106918238968,0.0,0.6965408805031438,0.0,0.6729559748427683,-7.5502392014346e-07
0.0,0.0,0.3663522012578608,-0.37893081761007064,0.0,0.0,0.0,0.07389937106917976,0.0,-0.08647798742138346,0.0,0.0,-0.6965408805031458,0.0,-0.6729559748427664,0.0,-7.550239200535974e-07
0.0,0.0,0.36635220125786055,-0.37893081761006997,0.0,0.0,0.0,0.0738993710691811,0.0,-0.08647798742138335,0.0,0.0,-0.6965408805031448,0.0,0.0,0.6729559748427685,-7.550239201076898e-07
0.0,0.0,0.36635220125786155,-0.3789308176100703,0.0,0.0,0.0,0.07389937106918043,0.0,-0.08647798742138388,0.0,0.0,0.0,0.6965408805031446,-0.6729559748427671,0.0,-7.550239200562029e-07
0.0,0.0,0.3663522012578621,-0.3789308176100701,0.0,0.0,0.0,0.07389937106918021,0.0,-0.08647798742138238,0.0,0.0,0.0,0.6965408805031461,0.0,0.6729559748427689,-7.550239201546194e-07
0.0,0.0,0.36635220125786094,-0.3789308176100695,0.0,0.0,0.0,0.07389937106918043,0.0,0.0,-0.06289308176100661,0.0,-0.6965408805031452,0.0,-0.6729559748427667,0.0,-7.550239200770054e-07
0.0,0.0,0.36635220125786094,-0.3789308176100703,0.0,0.0,0.0,0.07389937106918198,0.0,0.0,-0.06289308176100683,0.0,-0.6965408805031454,0.0,0.0,0.6729559748427693,-7.550239200952822e-07
0.0,0.0,0.36635220125786044,-0.3789308176100695,0.0,0.0,0.0,0.07389937106918087,0.0,0.0,-0.0628930817610075,0.0,0.0,0.6965408805031451,-0.6729559748427677,0.0,-7.550239200771735e-07
0.0,0.0,0.3663522012578619,-0.37893081761006986,0.0,0.0,0.0,0.07389937106918198,0.0,0.0,-0.06289308176100739,0.0,0.0,0.6965408805031449,0.0,0.6729559748427694,-7.550239201440718e-07
0.0,0.0,0.3663522012578607,-0.3789308176100711,0.0,0.0,0.0,0.07389937106918021,0.0,0.0,0.0,0.14937106918239063,-0.6965408805031452,0.0,-0.6729559748427669,0.0,-7.550239200759065e-07
0.0,0.0,0.36635220125786205,-0.3789308176100685,0.0,0.0,0.0,0.07389937106918176,0.0,0.0,0.0,0.14937106918239063,-0.6965408805031447,0.0,0.0,0.6729559748427689,-7.550239201049382e-07
0.0,0.0,0.3663522012578616,-0.3789308176100714,0.0,0.0,0.0,0.07389937106918221,0.0,0.0,0.0,0.14937106918239085,0.0,0.6965408805031443,-0.6729559748427673,0.0,-7.550239200623894e-07
0.0,0.0,0.36635220125786333,-0.3789308176100701,0.0,0.0,0.0,0.07389937106918265,0.0,0.0,0.0,0.14937106918239063,0.0,0.6965408805031446,0.0,0.6729559748427683,-7.550239201416437e-07
0.0,0.0,0.3663522012578607,-0.37893081761007097,0.0,0.0,0.0,0.0,0.10691823899371039,-0.0864779874213828,0.0,0.0,-0.696540880503145,0.0,-0.6729559748427667,0.0,-7.550239200393488e-07
0.0,0.0,0.36635220125786094,-0.37893081761006964,0.0,0.0,0.0,0.0,0.10691823899371118,-0.08647798742138274,0.0,0.0,-0.696540880503145,0.0,0.0,0.6729559748427698,-7.55023920067298e-07
0.0,0.0,0.36635220125786166,-0.3789308176100701,0.0,0.0,0.0,0.0,0.10691823899370999,-0.08647798742138246,0.0,0.0,0.0,0.6965408805031443,-0.6729559748427671,0.0,-7.550239200958536e-07
0.0,0.0,0.3663522012578621,-0.37893081761007064,0.0,0.0,0.0,0.0,0.10691823899371054,-0.08647798742138327,0.0,0.0,0.0,0.696540880503145,0.0,0.6729559748427681,-7.550239201483279e-07
0.0,0.0,0.36635220125786094,-0.37893081761007064,0.0,0.0,0.0,0.0,0.10691823899371006,0.0,-0.06289308176100772,0.0,-0.6965408805031447,0.0,-0.6729559748427685,0.0,-7.550239200337391e-07
0.0,0.0,0.3663522012578615,-0.37893081761006997,0.0,0.0,0.0,0.0,0.10691823899371052,0.0,-0.06289308176100739,0.0,-0.6965408805031448,0.0,0.0,0.6729559748427658,-7.550239200790915e-07
0.0,0.0,0.3663522012578615,-0.3789308176100704,0.0,0.0,0.0,0.0,0.10691823899371126,0.0,-0.06289308176100783,0.0,0.0,0.6965408805031443,-0.6729559748427675,0.0,-7.550239200746535e-07
0.0,0.0,0.366352201257863,-0.37893081761007064,0.0,0.0,0.0,0.0,0.10691823899371006,0.0,-0.0628930817610075,0.0,0.0,0.696540880503145,0.0,0.6729559748427691,-7.550239201366426e-07
0.0,0.0,0.366352201257861,-0.3789308176100695,0.0,0.0,0.0,0.0,0.10691823899371113,0.0,0.0,0.14937106918239162,-0.6965408805031452,0.0,-0.6729559748427669,0.0,-7.550239200379129e-07
0.0,0.0,0.3663522012578613,-0.3789308176100694,0.0,0.0,0.0,0.0,0.10691823899371022,0.0,0.0,0.14937106918239218,-0.6965408805031448,0.0,0.0,0.6729559748427685,-7.550239200828071e-07
0.0,0.0,0.36635220125786006,-0.3789308176100703,0.0,0.0,0.0,0.0,0.10691823899371097,0.0,0.0,0.14937106918239157,0.0,0.6965408805031438,-0.6729559748427674,0.0,-7.550239201006611e-07
0.0,0.0,0.3663522012578623,-0.3789308176100704,0.0,0.0,0.0,0.0,0.10691823899371106,0.0,0.0,0.1493710691823918,0.0,0.6965408805031437,0.0,0.6729559748427671,-7.550239201315261e-07
0.0,0.0,0.3663522012578604,0.0,-0.18553459119496898,0.0,-0.1808176100628982,0.0,0.0,-0.08647798742138274,0.0,0.0,-0.6965408805031457,0.0,-0.6729559748427663,0.0,-7.550239200585299e-07
0.0,0.0,0.366352201257862,0.0,-0.18553459119496882,0.0,-0.18081761006289665,0.0,0.0,-0.08647798742138271,0.0,0.0,-0.6965408805031444,0.0,0.0,0.6729559748427678,-7.550239201020032e-07
0.0,0.0,0.36635220125786194,0.0,-0.18553459119496885,0.0,-0.1808176100628971,0.0,0.0,-0.08647798742138355,0.0,0.0,0.0,0.6965408805031444,-0.6729559748427671,0.0,-7.55023920091603e-07
0.0,0.0,0.3663522012578619,0.0,-0.18553459119496918,0.0,-0.18081761006289754,0.0,0.0,-0.08647798742138196,0.0,0.0,0.0,0.6965408805031452,0.0,0.6729559748427694,-7.550239201333824e-07
0.0,0.0,0.36635220125786033,0.0,-0.18553459119496912,0.0,-0.18081761006289665,0.0,0.0,0.0,-0.06289308176100716,0.0,-0.6965408805031438,0.0,-0.6729559748427675,0.0,-7.550239200340629e-07
0.0,0.0,0.3663522012578614,0.0,-0.1855345911949688,0.0,-0.18081761006289687,0.0,0.0,0.0,-0.06289308176100705,0.0,-0.6965408805031448,0.0,0.0,0.672955974842768,-7.550239200845793e-07
0.0,0.0,0.36635220125786183,0.0,-0.1855345911949685,0.0,-0.18081761006289532,0.0,0.0,0.0,-0.06289308176100672,0.0,0.0,0.6965408805031439,-0.6729559748427674,0.0,-7.550239200880873e-07
0.0,0.0,0.3663522012578626,0.0,-0.18553459119496937,0.0,-0.1808176100628971,0.0,0.0,0.0,-0.06289308176100705,0.0,0.0,0.6965408805031449,0.0,0.6729559748427677,-7.550239201440006e-07
0.0,0.0,0.36635220125786,0.0,-0.18553459119496912,0.0,-0.18081761006289887,0.0,0.0,0.0,0.0,0.14937106918238974,-0.6965408805031449,0.0,-0.6729559748427686,0.0,-7.55023920064271e-07
0.0,0.0,0.36635220125786033,0.0,-0.18553459119496776,0.0,-0.18081761006289754,0.0,0.0,0.0,0.0,0.14937106918238952,-0.6965408805031457,0.0,0.0,0.6729559748427671,-7.550239200699767e-07
0.0,0.0,0.36635220125786194,0.0,-0.18553459119496857,0.0,-0.1808176100628951,0.0,0.0,0.0,0.0,0.14937106918238935,0.0,0.6965408805031446,-0.6729559748427669,0.0,-7.550239200774558e-07
0.0,0.0,0.3663522012578621,0.0,-0.18553459119496854,0.0,-0.18081761006289687,0.0,0.0,0.0,0.0,0.14937106918238946,0.0,0.696540880503145,0.0,0.6729559748427673,-7.550239201188721e-07
0.0,0.0,0.3663522012578602,0.0,-0.18553459119496887,0.0,0.0,0.07389937106918043,0.0,-0.08647798742138302,0.0,0.0,-0.6965408805031452,0.0,-0.6729559748427668,0.0,-7.550239200834474e-07
0.0,0.0,0.3663522012578618,0.0,-0.1855345911949689,0.0,0.0,0.0738993710691811,0.0,-0.08647798742138346,0.0,0.0,-0.6965408805031454,0.0,0.0,0.6729559748427685,-7.550239200709374e-07
0.0,0.0,0.36635220125786133,0.0,-0.18553459119496893,0.0,0.0,0.07389937106917888,0.0,-0.08647798742138349,0.0,0.0,0.0,0.696540880503145,-0.6729559748427671,0.0,-7.550239200943455e-07
0.0,0.0,0.36635220125786216,0.0,-0.1855345911949681,0.0,0.0,0.07389937106918065,0.0,-0.08647798742138255,0.0,0.0,0.0,0.6965408805031448,0.0,0.672955974842769,-7.550239201275108e-07
0.0,0.0,0.36635220125786044,0.0,-0.18553459119496885,0.0,0.0,0.07389937106917954,0.0,0.0,-0.06289308176100739,0.0,-0.696540880503145,0.0,-0.6729559748427676,0.0,-7.550239200898025e-07
0.0,0.0,0.3663522012578617,0.0,-0.18553459119496904,0.0,0.0,0.07389937106917754,0.0,0.0,-0.0628930817610075,0.0,-0.6965408805031456,0.0,0.0,0.6729559748427669,-7.550239200664767e-07
0.0,0.0,0.3663522012578617,0.0,-0.1855345911949688,0.0,0.0,0.07389937106917976,0.0,0.0,-0.06289308176100672,0.0,0.0,0.696540880503145,-0.6729559748427671,0.0,-7.550239201099753e-07
0.0,0.0,0.36635220125786266,0.0,-0.18553459119496807,0.0,0.0,0.07389937106917888,0.0,0.0,-0.06289308176100672,0.0,0.0,0.696540880503145,0.0,0.672955974842768,-7.550239201397562e-07
0.0,0.0,0.3663522012578609,0.0,-0.1855345911949686,0.0,0.0,0.07389937106917865,0.0,0.0,0.0,0.14937106918238852,-0.6965408805031452,0.0,-0.6729559748427665,0.0,-7.550239200665274e-07
0.0,0.0,0.36635220125786094,0.0,-0.18553459119496896,0.0,0.0,0.0738993710691771,0.0,0.0,0.0,0.14937106918238952,-0.6965408805031457,0.0,0.0,0.6729559748427677,-7.550239200701342e-07
0.0,0.0,0.3663522012578615,0.0,-0.18553459119496868,0.0,0.0,0.07389937106918154,0.0,0.0,0.0,0.14937106918238996,0.0,0.6965408805031449,-0.6729559748427665,0.0,-7.55023920106119e-07
0.0,0.0,0.3663522012578623,0.0,-0.18553459119496768,0.0,0.0,0.07389937106917999,0.0,0.0,0.0,0.1493710691823894,0.0,0.6965408805031448,0.0,0.672955974842768,-7.550239201461944e-07
0.0,0.0,0.36635220125786105,0.0,-0.18553459119496882,0.0,0.0,0.0,0.10691823899371063,-0.08647798742138316,0.0,0.0,-0.696540880503145,0.0,-0.6729559748427671,0.0,-7.550239200781847e-07
0.0,0.0,0.3663522012578621,0.0,-0.1855345911949689,0.0,0.0,0.0,0.10691823899371046,-0.08647798742138302,0.0,0.0,-0.6965408805031448,0.0,0.0,0.6729559748427681,-7.550239200898547e-07
0.0,0.0,0.3663522012578621,0.0,-0.1855345911949686,0.0,0.0,0.0,0.10691823899371047,-0.08647798742138374,0.0,0.0,0.0,0.6965408805031444,-0.6729559748427667,0.0,-7.550239200996385e-07
0.0,0.0,0.3663522012578619,0.0,-0.18553459119496865,0.0,0.0,0.0,0.10691823899371133,-0.08647798742138307,0.0,0.0,0.0,0.6965408805031439,0.0,0.6729559748427685,-7.550239201173086e-07
0.0,0.0,0.36635220125786094,0.0,-0.18553459119496857,0.0,0.0,0.0,0.10691823899371022,0.0,-0.06289308176100716,0.0,-0.6965408805031443,0.0,-0.672955974842768,0.0,-7.550239200788252e-07
0.0,0.0,0.3663522012578612,0.0,-0.18553459119496862,0.0,0.0,0.0,0.10691823899371129,0.0,-0.0628930817610065,0.0,-0.6965408805031451,0.0,0.0,0.6729559748427677,-7.550239200420661e-07
0.0,0.0,0.36635220125786144,0.0,-0.1855345911949686,0.0,0.0,0.0,0.10691823899371201,0.0,-0.06289308176100705,0.0,0.0,0.6965408805031446,-0.6729559748427671,0.0,-7.550239200931151e-07
0.0,0.0,0.36635220125786283,0.0,-0.18553459119496843,0.0,0.0,0.0,0.10691823899371092,0.0,-0.06289308176100694,0.0,0.0,0.6965408805031441,0.0,0.6729559748427684,-7.550239201526952e-07
0.0,0.0,0.3663522012578609,0.0,-0.18553459119496918,0.0,0.0,0.0,0.10691823899371079,0.0,0.0,0.1493710691823898,-0.6965408805031461,0.0,-0.6729559748427665,0.0,-7.550239200679207e-07
0.0,0.0,0.3663522012578616,0.0,-0.18553459119496984,0.0,0.0,0.0,0.10691823899371077,0.0,0.0,0.1493710691823903,-0.6965408805031458,0.0,0.0,0.6729559748427669,-7.55023920068441e-07
0.0,0.0,0.36635220125786166,0.0,-0.18553459119496907,0.0,0.0,0.0,0.10691823899371064,0.0,0.0,0.1493710691823894,0.0,0.6965408805031449,-0.6729559748427669,0.0,-7.550239200769105e-07
0.0,0.0,0.36635220125786194,0.0,-0.18553459119496815,0.0,0.0,0.0,0.10691823899371072,0.0,0.0,0.14937106918239018,0.0,0.696540880503145,0.0,0.6729559748427687,-7.550239201273793e-07
0.0,0.0,0.3663522012578603,0.0,0.0,0.5644654088050296,-0.18081761006289798,0.0,0.0,-0.08647798742138393,0.0,0.0,-0.6965408805031446,0.0,-0.6729559748427676,0.0,-7.550239200383013e-07
0.0,0.0,0.36635220125786055,0.0,0.0,0.5644654088050325,-0.1808176100628962,0.0,0.0,-0.08647798742138368,0.0,0.0,-0.6965408805031452,0.0,0.0,0.6729559748427656,-7.550239200618884e-07
0.0,0.0,0.3663522012578616,0.0,0.0,0.5644654088050326,-0.1808176100628971,0.0,0.0,-0.08647798742138368,0.0,0.0,0.0,0.6965408805031442,-0.6729559748427676,0.0,-7.550239201171017e-07
0.0,0.0,0.36635220125786166,0.0,0.0,0.5644654088050317,-0.18081761006289732,0.0,0.0,-0.08647798742138363,0.0,0.0,0.0,0.6965408805031458,0.0,0.6729559748427676,-7.550239201415055e-07
0.0,0.0,0.36635220125786094,0.0,0.0,0.5644654088050304,-0.18081761006289754,0.0,0.0,0.0,-0.06289308176100761,0.0,-0.6965408805031437,0.0,-0.6729559748427667,0.0,-7.55023920051174e-07
0.0,0.0,0.36635220125786133,0.0,0.0,0.564465408805032,-0.1808176100628962,0.0,0.0,0.0,-0.06289308176100727,0.0,-0.6965408805031443,0.0,0.0,0.6729559748427694,-7.550239201051458e-07
0.0,0.0,0.3663522012578621,0.0,0.0,0.5644654088050324,-0.18081761006289732,0.0,0.0,0.0,-0.0628930817610075,0.0,0.0,0.696540880503145,-0.6729559748427667,0.0,-7.550239200852335e-07
0.0,0.0,0.3663522012578624,0.0,0.0,0.5644654088050328,-0.18081761006289754,0.0,0.0,0.0,-0.06289308176100716,0.0,0.0,0.6965408805031454,0.0,0.6729559748427698,-7.550239201163905e-07
0.0,0.0,0.36635220125786083,0.0,0.0,0.5644654088050319,-0.18081761006289776,0.0,0.0,0.0,0.0,0.14937106918239046,-0.6965408805031441,0.0,-0.672955974842768,0.0,-7.550239200272104e-07
0.0,0.0,0.3663522012578618,0.0,0.0,0.5644654088050303,-0.1808176100628982,0.0,0.0,0.0,0.0,0.14937106918239001,-0.6965408805031454,0.0,0.0,0.6729559748427683,-7.550239200620662e-07
0.0,0.0,0.3663522012578619,0.0,0.0,0.5644654088050295,-0.1808176100628982,0.0,0.0,0.0,0.0,0.14937106918239085,0.0,0.6965408805031453,-0.6729559748427676,0.0,-7.550239200739716e-07
0.0,0.0,0.36635220125786144,0.0,0.0,0.5644654088050317,-0.1808176100628982,0.0,0.0,0.0,0.0,0.14937106918239074,0.0,0.6965408805031443,0.0,0.6729559748427698,-7.550239201504392e-07
0.0,0.0,0.3663522012578611,0.0,0.0,0.5644654088050289,0.0,0.07389937106918065,0.0,-0.08647798742138352,0.0,0.0,-0.6965408805031456,0.0,-0.6729559748427677,0.0,-7.550239200856784e-07
0.0,0.0,0.36635220125786166,0.0,0.0,0.5644654088050304,0.0,0.07389937106918154,0.0,-0.08647798742138318,0.0,0.0,-0.6965408805031456,0.0,0.0,0.6729559748427673,-7.550239200675516e-07
0.0,0.0,0.366352201257861,0.0,0.0,0.5644654088050283,0.0,0.07389937106918132,0.0,-0.08647798742138357,0.0,0.0,0.0,0.6965408805031446,-0.6729559748427673,0.0,-7.550239200677865e-07
0.0,0.0,0.36635220125786266,0.0,0.0,0.5644654088050318,0.0,0.07389937106918132,0.0,-0.08647798742138252,0.0,0.0,0.0,0.6965408805031446,0.0,0.6729559748427681,-7.550239201397902e-07
0.0,0.0,0.36635220125786117,0.0,0.0,0.564465408805031,0.0,0.0738993710691791,0.0,0.0,-0.06289308176100628,0.0,-0.6965408805031449,0.0,-0.6729559748427678,0.0,-7.550239200280863e-07
0.0,0.0,0.36635220125786117,0.0,0.0,0.5644654088050322,0.0,0.07389937106918021,0.0,0.0,-0.06289308176100672,0.0,-0.696540880503145,0.0,0.0,0.6729559748427679,-7.550239200954715e-07
0.0,0.0,0.3663522012578618,0.0,0.0,0.5644654088050338,0.0,0.07389937106917954,0.0,0.0,-0.06289308176100639,0.0,0.0,0.696540880503144,-0.6729559748427671,0.0,-7.550239201113443e-07
0.0,0.0,0.3663522012578617,0.0,0.0,0.5644654088050303,0.0,0.07389937106918132,0.0,0.0,-0.06289308176100739,0.0,0.0,0.6965408805031437,0.0,0.6729559748427671,-7.550239201306974e-07
0.0,0.0,0.36635220125786105,0.0,0.0,0.5644654088050312,0.0,0.07389937106917999,0.0,0.0,0.0,0.14937106918239013,-0.6965408805031443,0.0,-0.6729559748427669,0.0,-7.550239200365282e-07
0.0,0.0,0.3663522012578622,0.0,0.0,0.5644654088050305,0.0,0.07389937106918065,0.0,0.0,0.0,0.14937106918238913,-0.696540880503145,0.0,0.0,0.6729559748427658,-7.550239200724348e-07
0.0,0.0,0.3663522012578617,0.0,0.0,0.564465408805031,0.0,0.07389937106918132,0.0,0.0,0.0,0.14937106918239013,0.0,0.6965408805031448,-0.6729559748427669,0.0,-7.550239200908531e-07
0.0,0.0,0.3663522012578621,0.0,0.0,0.56446540880503,0.0,0.07389937106918176,0.0,0.0,0.0,0.14937106918239051,0.0,0.6965408805031441,0.0,0.6729559748427674,-7.550239201365747e-07
0.0,0.0,0.3663522012578612,0.0,0.0,0.564465408805031,0.0,0.0,0.10691823899371079,-0.08647798742138357,0.0,0.0,-0.696540880503145,0.0,-0.6729559748427669,0.0,-7.550239200650649e-07
0.0,0.0,0.3663522012578613,0.0,0.0,0.5644654088050289,0.0,0.0,0.10691823899371145,-0.08647798742138413,0.0,0.0,-0.6965408805031443,0.0,0.0,0.6729559748427687,-7.550239200741973e-07
0.0,0.0,0.36635220125786083,0.0,0.0,0.5644654088050305,0.0,0.0,0.10691823899371168,-0.08647798742138377,0.0,0.0,0.0,0.6965408805031448,-0.6729559748427676,0.0,-7.550239200612684e-07
0.0,0.0,0.3663522012578619,0.0,0.0,0.5644654088050312,0.0,0.0,0.10691823899371145,-0.08647798742138244,0.0,0.0,0.0,0.6965408805031447,0.0,0.6729559748427679,-7.550239201391816e-07
0.0,0.0,0.3663522012578602,0.0,0.0,0.5644654088050316,0.0,0.0,0.10691823899371057,0.0,-0.06289308176100628,0.0,-0.6965408805031452,0.0,-0.6729559748427676,0.0,-7.550239200784269e-07
0.0,0.0,0.3663522012578625,0.0,0.0,0.5644654088050302,0.0,0.0,0.10691823899371132,0.0,-0.06289308176100727,0.0,-0.6965408805031446,0.0,0.0,0.6729559748427676,-7.550239200772074e-07
0.0,0.0,0.3663522012578607,0.0,0.0,0.5644654088050327,0.0,0.0,0.10691823899371009,0.0,-0.06289308176100739,0.0,0.0,0.6965408805031454,-0.6729559748427673,0.0,-7.550239201016498e-07
0.0,0.0,0.36635220125786117,0.0,0.0,0.5644654088050308,0.0,0.0,0.10691823899371031,0.0,-0.06289308176100683,0.0,0.0,0.6965408805031448,0.0,0.6729559748427678,-7.550239201295945e-07
0.0,0.0,0.3663522012578604,0.0,0.0,0.5644654088050309,0.0,0.0,0.10691823899371047,0.0,0.0,0.14937106918239107,-0.696540880503145,0.0,-0.6729559748427683,0.0,-7.55023920038571e-07
0.0,0.0,0.3663522012578617,0.0,0.0,0.5644654088050315,0.0,0.0,0.10691823899371031,0.0,0.0,0.14937106918239157,-0.6965408805031443,0.0,0.0,0.6729559748427689,-7.550239200830537e-07
0.0,0.0,0.3663522012578616,0.0,0.0,0.5644654088050318,0.0,0.0,0.10691823899371122,0.0,0.0,0.14937106918239101,0.0,0.696540880503145,-0.6729559748427664,0.0,-7.550239201183014e-07
0.0,0.0,0.36635220125786205,0.0,0.0,0.5644654088050305,0.0,0.0,0.10691823899371185,0.0,0.0,0.14937106918239207,0.0,0.6965408805031458,0.0,0.6729559748427696,-7.550239201230482e-07
