INDEX,CARD,CLA1,CLA2,SCA1,SCA2,SCA3,PUR1,PUR2,PUR3,CUL1,CUL2,CUL3,USA1,USA2,USA3,ADD1,ADD2,ADD3,PRICE,Y,Cluster
24,1,1,0,0,1,0,0,1,0,0,1,0,0,1,0,1,0,0,2,6,0
24,2,1,0,0,0,1,0,1,0,1,0,0,0,1,0,0,1,0,3,9,0
24,3,1,0,0,0,1,0,1,0,0,0,1,1,0,0,0,0,1,1,1,0
24,4,1,0,0,1,0,1,0,0,0,1,0,0,0,1,0,0,1,3,5,0
24,5,0,1,0,1,0,1,0,0,0,0,1,1,0,0,0,1,0,2,1,0
24,6,1,0,1,0,0,1,0,0,0,0,1,0,1,0,0,1,0,3,1,0
24,7,1,0,1,0,0,0,1,0,0,0,1,0,0,1,1,0,0,2,0,0
24,8,0,1,1,0,0,0,0,1,1,0,0,0,1,0,0,0,1,2,4,0
24,9,1,0,0,0,1,1,0,0,1,0,0,0,0,1,0,0,1,2,6,0
24,10,0,1,0,0,1,0,0,1,0,0,1,0,0,1,1,0,0,3,2,0
24,11,1,0,1,0,0,0,0,1,0,1,0,0,0,1,0,1,0,1,5,0
24,12,1,0,0,1,0,0,0,1,1,0,0,1,0,0,1,0,0,3,5,0
24,13,1,0,0,1,0,0,0,1,0,0,1,0,1,0,0,0,1,1,2,0
24,14,1,0,0,0,1,0,0,1,0,1,0,1,0,0,0,1,0,2,3,0
24,15,0,1,0,1,0,0,1,0,1,0,0,0,0,1,0,1,0,1,5,0
24,16,1,0,1,0,0,1,0,0,1,0,0,1,0,0,1,0,0,1,7,0
24,17,0,1,1,0,0,0,1,0,0,1,0,1,0,0,0,0,1,3,5,0
24,18,0,1,0,0,1,1,0,0,0,1,0,0,1,0,1,0,0,1,6,0
27,1,1,0,0,1,0,0,1,0,0,1,0,0,1,0,1,0,0,2,10,0
27,2,1,0,0,0,1,0,1,0,1,0,0,0,1,0,0,1,0,3,8,0
27,3,1,0,0,0,1,0,1,0,0,0,1,1,0,0,0,0,1,1,0,0
27,4,1,0,0,1,0,1,0,0,0,1,0,0,0,1,0,0,1,3,0,0
27,5,0,1,0,1,0,1,0,0,0,0,1,1,0,0,0,1,0,2,5,0
27,6,1,0,1,0,0,1,0,0,0,0,1,0,1,0,0,1,0,3,8,0
27,7,1,0,1,0,0,0,1,0,0,0,1,0,0,1,1,0,0,2,7,0
27,8,0,1,1,0,0,0,0,1,1,0,0,0,1,0,0,0,1,2,8,0
27,9,1,0,0,0,1,1,0,0,1,0,0,0,0,1,0,0,1,2,0,0
27,10,0,1,0,0,1,0,0,1,0,0,1,0,0,1,1,0,0,3,0,0
27,11,1,0,1,0,0,0,0,1,0,1,0,0,0,1,0,1,0,1,3,0
27,12,1,0,0,1,0,0,0,1,1,0,0,1,0,0,1,0,0,3,0,0
27,13,1,0,0,1,0,0,0,1,0,0,1,0,1,0,0,0,1,1,2,0
27,14,1,0,0,0,1,0,0,1,0,1,0,1,0,0,0,1,0,2,3,0
27,15,0,1,0,1,0,0,1,0,1,0,0,0,0,1,0,1,0,1,5,0
27,16,1,0,1,0,0,1,0,0,1,0,0,1,0,0,1,0,0,1,0,0
27,17,0,1,1,0,0,0,1,0,0,1,0,1,0,0,0,0,1,3,4,0
27,18,0,1,0,0,1,1,0,0,0,1,0,0,1,0,1,0,0,1,6,0
31,1,1,0,0,1,0,0,1,0,0,1,0,0,1,0,1,0,0,2,5,1
31,2,1,0,0,0,1,0,1,0,1,0,0,0,1,0,0,1,0,3,5,1
31,3,1,0,0,0,1,0,1,0,0,0,1,1,0,0,0,0,1,1,7,1
31,4,1,0,0,1,0,1,0,0,0,1,0,0,0,1,0,0,1,3,5,1
31,5,0,1,0,1,0,1,0,0,0,0,1,1,0,0,0,1,0,2,5,1
31,6,1,0,1,0,0,1,0,0,0,0,1,0,1,0,0,1,0,3,5,1
31,7,1,0,1,0,0,0,1,0,0,0,1,0,0,1,1,0,0,2,6,1
31,8,0,1,1,0,0,0,0,1,1,0,0,0,1,0,0,0,1,2,5,1
31,9,1,0,0,0,1,1,0,0,1,0,0,0,0,1,0,0,1,2,5,1
31,10,0,1,0,0,1,0,0,1,0,0,1,0,0,1,1,0,0,3,5,1
31,11,1,0,1,0,0,0,0,1,0,1,0,0,0,1,0,1,0,1,6,1
31,12,1,0,0,1,0,0,0,1,1,0,0,1,0,0,1,0,0,3,5,1
31,13,1,0,0,1,0,0,0,1,0,0,1,0,1,0,0,0,1,1,5,1
31,14,1,0,0,0,1,0,0,1,0,1,0,1,0,0,0,1,0,2,5,1
31,15,0,1,0,1,0,0,1,0,1,0,0,0,0,1,0,1,0,1,6,1
31,16,1,0,1,0,0,1,0,0,1,0,0,1,0,0,1,0,0,1,5,1
31,17,0,1,1,0,0,0,1,0,0,1,0,1,0,0,0,0,1,3,5,1
31,18,0,1,0,0,1,1,0,0,0,1,0,0,1,0,1,0,0,1,5,1
33,1,1,0,0,1,0,0,1,0,0,1,0,0,1,0,1,0,0,2,5,0
33,2,1,0,0,0,1,0,1,0,1,0,0,0,1,0,0,1,0,3,3,0
33,3,1,0,0,0,1,0,1,0,0,0,1,1,0,0,0,0,1,1,1,0
33,4,1,0,0,1,0,1,0,0,0,1,0,0,0,1,0,0,1,3,3,0
33,5,0,1,0,1,0,1,0,0,0,0,1,1,0,0,0,1,0,2,4,0
33,6,1,0,1,0,0,1,0,0,0,0,1,0,1,0,0,1,0,3,3,0
33,7,1,0,1,0,0,0,1,0,0,0,1,0,0,1,1,0,0,2,4,0
33,8,0,1,1,0,0,0,0,1,1,0,0,0,1,0,0,0,1,2,3,0
33,9,1,0,0,0,1,1,0,0,1,0,0,0,0,1,0,0,1,2,5,0
33,10,0,1,0,0,1,0,0,1,0,0,1,0,0,1,1,0,0,3,6,0
33,11,1,0,1,0,0,0,0,1,0,1,0,0,0,1,0,1,0,1,7,0
33,12,1,0,0,1,0,0,0,1,1,0,0,1,0,0,1,0,0,3,5,0
33,13,1,0,0,1,0,0,0,1,0,0,1,0,1,0,0,0,1,1,4,0
33,14,1,0,0,0,1,0,0,1,0,1,0,1,0,0,0,1,0,2,3,0
33,15,0,1,0,1,0,0,1,0,1,0,0,0,0,1,0,1,0,1,4,0
33,16,1,0,1,0,0,1,0,0,1,0,0,1,0,0,1,0,0,1,5,0
33,17,0,1,1,0,0,0,1,0,0,1,0,1,0,0,0,0,1,3,3,0
33,18,0,1,0,0,1,1,0,0,0,1,0,0,1,0,1,0,0,1,5,0
34,1,1,0,0,1,0,0,1,0,0,1,0,0,1,0,1,0,0,2,3,0
34,2,1,0,0,0,1,0,1,0,1,0,0,0,1,0,0,1,0,3,3,0
34,3,1,0,0,0,1,0,1,0,0,0,1,1,0,0,0,0,1,1,2,0
34,4,1,0,0,1,0,1,0,0,0,1,0,0,0,1,0,0,1,3,2,0
34,5,0,1,0,1,0,1,0,0,0,0,1,1,0,0,0,1,0,2,3,0
34,6,1,0,1,0,0,1,0,0,0,0,1,0,1,0,0,1,0,3,4,0
34,7,1,0,1,0,0,0,1,0,0,0,1,0,0,1,1,0,0,2,3,0
34,8,0,1,1,0,0,0,0,1,1,0,0,0,1,0,0,0,1,2,4,0
34,9,1,0,0,0,1,1,0,0,1,0,0,0,0,1,0,0,1,2,2,0
34,10,0,1,0,0,1,0,0,1,0,0,1,0,0,1,1,0,0,3,3,0
34,11,1,0,1,0,0,0,0,1,0,1,0,0,0,1,0,1,0,1,4,0
34,12,1,0,0,1,0,0,0,1,1,0,0,1,0,0,1,0,0,3,3,0
34,13,1,0,0,1,0,0,0,1,0,0,1,0,1,0,0,0,1,1,3,0
34,14,1,0,0,0,1,0,0,1,0,1,0,1,0,0,0,1,0,2,2,0
34,15,0,1,0,1,0,0,1,0,1,0,0,0,0,1,0,1,0,1,3,0
34,16,1,0,1,0,0,1,0,0,1,0,0,1,0,0,1,0,0,1,2,0
34,17,0,1,1,0,0,0,1,0,0,1,0,1,0,0,0,0,1,3,3,0
34,18,0,1,0,0,1,1,0,0,0,1,0,0,1,0,1,0,0,1,3,0
36,1,1,0,0,1,0,0,1,0,0,1,0,0,1,0,1,0,0,2,2,0
36,2,1,0,0,0,1,0,1,0,1,0,0,0,1,0,0,1,0,3,2,0
36,3,1,0,0,0,1,0,1,0,0,0,1,1,0,0,0,0,1,1,3,0
36,4,1,0,0,1,0,1,0,0,0,1,0,0,0,1,0,0,1,3,2,0
36,5,0,1,0,1,0,1,0,0,0,0,1,1,0,0,0,1,0,2,3,0
36,6,1,0,1,0,0,1,0,0,0,0,1,0,1,0,0,1,0,3,4,0
36,7,1,0,1,0,0,0,1,0,0,0,1,0,0,1,1,0,0,2,3,0
36,8,0,1,1,0,0,0,0,1,1,0,0,0,1,0,0,0,1,2,3,0
36,9,1,0,0,0,1,1,0,0,1,0,0,0,0,1,0,0,1,2,3,0
36,10,0,1,0,0,1,0,0,1,0,0,1,0,0,1,1,0,0,3,2,0
36,11,1,0,1,0,0,0,0,1,0,1,0,0,0,1,0,1,0,1,3,0
36,12,1,0,0,1,0,0,0,1,1,0,0,1,0,0,1,0,0,3,4,0
36,13,1,0,0,1,0,0,0,1,0,0,1,0,1,0,0,0,1,1,3,0
36,14,1,0,0,0,1,0,0,1,0,1,0,1,0,0,0,1,0,2,3,0
36,15,0,1,0,1,0,0,1,0,1,0,0,0,0,1,0,1,0,1,5,0
36,16,1,0,1,0,0,1,0,0,1,0,0,1,0,0,1,0,0,1,4,0
36,17,0,1,1,0,0,0,1,0,0,1,0,1,0,0,0,0,1,3,2,0
36,18,0,1,0,0,1,1,0,0,0,1,0,0,1,0,1,0,0,1,4,0
38,1,1,0,0,1,0,0,1,0,0,1,0,0,1,0,1,0,0,2,4,0
38,2,1,0,0,0,1,0,1,0,1,0,0,0,1,0,0,1,0,3,4,0
38,3,1,0,0,0,1,0,1,0,0,0,1,1,0,0,0,0,1,1,3,0
38,4,1,0,0,1,0,1,0,0,0,1,0,0,0,1,0,0,1,3,5,0
38,5,0,1,0,1,0,1,0,0,0,0,1,1,0,0,0,1,0,2,6,0
38,6,1,0,1,0,0,1,0,0,0,0,1,0,1,0,0,1,0,3,4,0
38,7,1,0,1,0,0,0,1,0,0,0,1,0,0,1,1,0,0,2,5,0
38,8,0,1,1,0,0,0,0,1,1,0,0,0,1,0,0,0,1,2,5,0
38,9,1,0,0,0,1,1,0,0,1,0,0,0,0,1,0,0,1,2,4,0
38,10,0,1,0,0,1,0,0,1,0,0,1,0,0,1,1,0,0,3,5,0
38,11,1,0,1,0,0,0,0,1,0,1,0,0,0,1,0,1,0,1,4,0
38,12,1,0,0,1,0,0,0,1,1,0,0,1,0,0,1,0,0,3,5,0
38,13,1,0,0,1,0,0,0,1,0,0,1,0,1,0,0,0,1,1,5,0
38,14,1,0,0,0,1,0,0,1,0,1,0,1,0,0,0,1,0,2,6,0
38,15,0,1,0,1,0,0,1,0,1,0,0,0,0,1,0,1,0,1,2,0
38,16,1,0,1,0,0,1,0,0,1,0,0,1,0,0,1,0,0,1,5,0
38,17,0,1,1,0,0,0,1,0,0,1,0,1,0,0,0,0,1,3,4,0
38,18,0,1,0,0,1,1,0,0,0,1,0,0,1,0,1,0,0,1,5,0
40,1,1,0,0,1,0,0,1,0,0,1,0,0,1,0,1,0,0,2,4,1
40,2,1,0,0,0,1,0,1,0,1,0,0,0,1,0,0,1,0,3,5,1
40,3,1,0,0,0,1,0,1,0,0,0,1,1,0,0,0,0,1,1,7,1
40,4,1,0,0,1,0,1,0,0,0,1,0,0,0,1,0,0,1,3,7,1
40,5,0,1,0,1,0,1,0,0,0,0,1,1,0,0,0,1,0,2,4,1
40,6,1,0,1,0,0,1,0,0,0,0,1,0,1,0,0,1,0,3,5,1
40,7,1,0,1,0,0,0,1,0,0,0,1,0,0,1,1,0,0,2,5,1
40,8,0,1,1,0,0,0,0,1,1,0,0,0,1,0,0,0,1,2,5,1
40,9,1,0,0,0,1,1,0,0,1,0,0,0,0,1,0,0,1,2,7,1
40,10,0,1,0,0,1,0,0,1,0,0,1,0,0,1,1,0,0,3,6,1
40,11,1,0,1,0,0,0,0,1,0,1,0,0,0,1,0,1,0,1,7,1
40,12,1,0,0,1,0,0,0,1,1,0,0,1,0,0,1,0,0,3,4,1
40,13,1,0,0,1,0,0,0,1,0,0,1,0,1,0,0,0,1,1,4,1
40,14,1,0,0,0,1,0,0,1,0,1,0,1,0,0,0,1,0,2,5,1
40,15,0,1,0,1,0,0,1,0,1,0,0,0,0,1,0,1,0,1,6,1
40,16,1,0,1,0,0,1,0,0,1,0,0,1,0,0,1,0,0,1,4,1
40,17,0,1,1,0,0,0,1,0,0,1,0,1,0,0,0,0,1,3,4,1
40,18,0,1,0,0,1,1,0,0,0,1,0,0,1,0,1,0,0,1,5,1
51,1,1,0,0,1,0,0,1,0,0,1,0,0,1,0,1,0,0,2,5,1
51,2,1,0,0,0,1,0,1,0,1,0,0,0,1,0,0,1,0,3,7,1
51,3,1,0,0,0,1,0,1,0,0,0,1,1,0,0,0,0,1,1,7,1
51,4,1,0,0,1,0,1,0,0,0,1,0,0,0,1,0,0,1,3,8,1
51,5,0,1,0,1,0,1,0,0,0,0,1,1,0,0,0,1,0,2,2,1
51,6,1,0,1,0,0,1,0,0,0,0,1,0,1,0,0,1,0,3,3,1
51,7,1,0,1,0,0,0,1,0,0,0,1,0,0,1,1,0,0,2,6,1
51,8,0,1,1,0,0,0,0,1,1,0,0,0,1,0,0,0,1,2,2,1
51,9,1,0,0,0,1,1,0,0,1,0,0,0,0,1,0,0,1,2,9,1
51,10,0,1,0,0,1,0,0,1,0,0,1,0,0,1,1,0,0,3,3,1
51,11,1,0,1,0,0,0,0,1,0,1,0,0,0,1,0,1,0,1,5,1
51,12,1,0,0,1,0,0,0,1,1,0,0,1,0,0,1,0,0,3,2,1
51,13,1,0,0,1,0,0,0,1,0,0,1,0,1,0,0,0,1,1,3,1
51,14,1,0,0,0,1,0,0,1,0,1,0,1,0,0,0,1,0,2,3,1
51,15,0,1,0,1,0,0,1,0,1,0,0,0,0,1,0,1,0,1,9,1
51,16,1,0,1,0,0,1,0,0,1,0,0,1,0,0,1,0,0,1,4,1
51,17,0,1,1,0,0,0,1,0,0,1,0,1,0,0,0,0,1,3,5,1
51,18,0,1,0,0,1,1,0,0,0,1,0,0,1,0,1,0,0,1,6,1
52,1,1,0,0,1,0,0,1,0,0,1,0,0,1,0,1,0,0,2,2,0
52,2,1,0,0,0,1,0,1,0,1,0,0,0,1,0,0,1,0,3,8,0
52,3,1,0,0,0,1,0,1,0,0,0,1,1,0,0,0,0,1,1,8,0
52,4,1,0,0,1,0,1,0,0,0,1,0,0,0,1,0,0,1,3,1,0
52,5,0,1,0,1,0,1,0,0,0,0,1,1,0,0,0,1,0,2,1,0
52,6,1,0,1,0,0,1,0,0,0,0,1,0,1,0,0,1,0,3,1,0
52,7,1,0,1,0,0,0,1,0,0,0,1,0,0,1,1,0,0,2,1,0
52,8,0,1,1,0,0,0,0,1,1,0,0,0,1,0,0,0,1,2,8,0
52,9,1,0,0,0,1,1,0,0,1,0,0,0,0,1,0,0,1,2,1,0
52,10,0,1,0,0,1,0,0,1,0,0,1,0,0,1,1,0,0,3,8,0
52,11,1,0,1,0,0,0,0,1,0,1,0,0,0,1,0,1,0,1,8,0
52,12,1,0,0,1,0,0,0,1,1,0,0,1,0,0,1,0,0,3,8,0
52,13,1,0,0,1,0,0,0,1,0,0,1,0,1,0,0,0,1,1,8,0
52,14,1,0,0,0,1,0,0,1,0,1,0,1,0,0,0,1,0,2,8,0
52,15,0,1,0,1,0,0,1,0,1,0,0,0,0,1,0,1,0,1,3,0
52,16,1,0,1,0,0,1,0,0,1,0,0,1,0,0,1,0,0,1,1,0
52,17,0,1,1,0,0,0,1,0,0,1,0,1,0,0,0,0,1,3,2,0
52,18,0,1,0,0,1,1,0,0,0,1,0,0,1,0,1,0,0,1,1,0
55,1,1,0,0,1,0,0,1,0,0,1,0,0,1,0,1,0,0,2,5,0
55,2,1,0,0,0,1,0,1,0,1,0,0,0,1,0,0,1,0,3,10,0
55,3,1,0,0,0,1,0,1,0,0,0,1,1,0,0,0,0,1,1,6,0
55,4,1,0,0,1,0,1,0,0,0,1,0,0,0,1,0,0,1,3,6,0
55,5,0,1,0,1,0,1,0,0,0,0,1,1,0,0,0,1,0,2,5,0
55,6,1,0,1,0,0,1,0,0,0,0,1,0,1,0,0,1,0,3,5,0
55,7,1,0,1,0,0,0,1,0,0,0,1,0,0,1,1,0,0,2,4,0
55,8,0,1,1,0,0,0,0,1,1,0,0,0,1,0,0,0,1,2,5,0
55,9,1,0,0,0,1,1,0,0,1,0,0,0,0,1,0,0,1,2,10,0
55,10,0,1,0,0,1,0,0,1,0,0,1,0,0,1,1,0,0,3,6,0
55,11,1,0,1,0,0,0,0,1,0,1,0,0,0,1,0,1,0,1,4,0
55,12,1,0,0,1,0,0,0,1,1,0,0,1,0,0,1,0,0,3,4,0
55,13,1,0,0,1,0,0,0,1,0,0,1,0,1,0,0,0,1,1,3,0
55,14,1,0,0,0,1,0,0,1,0,1,0,1,0,0,0,1,0,2,3,0
55,15,0,1,0,1,0,0,1,0,1,0,0,0,0,1,0,1,0,1,7,0
55,16,1,0,1,0,0,1,0,0,1,0,0,1,0,0,1,0,0,1,3,0
55,17,0,1,1,0,0,0,1,0,0,1,0,1,0,0,0,0,1,3,4,0
55,18,0,1,0,0,1,1,0,0,0,1,0,0,1,0,1,0,0,1,4,0
57,1,1,0,0,1,0,0,1,0,0,1,0,0,1,0,1,0,0,2,6,1
57,2,1,0,0,0,1,0,1,0,1,0,0,0,1,0,0,1,0,3,4,1
57,3,1,0,0,0,1,0,1,0,0,0,1,1,0,0,0,0,1,1,7,1
57,4,1,0,0,1,0,1,0,0,0,1,0,0,0,1,0,0,1,3,9,1
57,5,0,1,0,1,0,1,0,0,0,0,1,1,0,0,0,1,0,2,3,1
57,6,1,0,1,0,0,1,0,0,0,0,1,0,1,0,0,1,0,3,9,1
57,7,1,0,1,0,0,0,1,0,0,0,1,0,0,1,1,0,0,2,7,1
57,8,0,1,1,0,0,0,0,1,1,0,0,0,1,0,0,0,1,2,7,1
57,9,1,0,0,0,1,1,0,0,1,0,0,0,0,1,0,0,1,2,5,1
57,10,0,1,0,0,1,0,0,1,0,0,1,0,0,1,1,0,0,3,1,1
57,11,1,0,1,0,0,0,0,1,0,1,0,0,0,1,0,1,0,1,3,1
57,12,1,0,0,1,0,0,0,1,1,0,0,1,0,0,1,0,0,3,5,1
57,13,1,0,0,1,0,0,0,1,0,0,1,0,1,0,0,0,1,1,5,1
57,14,1,0,0,0,1,0,0,1,0,1,0,1,0,0,0,1,0,2,9,1
57,15,0,1,0,1,0,0,1,0,1,0,0,0,0,1,0,1,0,1,7,1
57,16,1,0,1,0,0,1,0,0,1,0,0,1,0,0,1,0,0,1,2,1
57,17,0,1,1,0,0,0,1,0,0,1,0,1,0,0,0,0,1,3,9,1
57,18,0,1,0,0,1,1,0,0,0,1,0,0,1,0,1,0,0,1,6,1
58,1,1,0,0,1,0,0,1,0,0,1,0,0,1,0,1,0,0,2,6,1
58,2,1,0,0,0,1,0,1,0,1,0,0,0,1,0,0,1,0,3,10,1
58,3,1,0,0,0,1,0,1,0,0,0,1,1,0,0,0,0,1,1,8,1
58,4,1,0,0,1,0,1,0,0,0,1,0,0,0,1,0,0,1,3,10,1
58,5,0,1,0,1,0,1,0,0,0,0,1,1,0,0,0,1,0,2,8,1
58,6,1,0,1,0,0,1,0,0,0,0,1,0,1,0,0,1,0,3,9,1
58,7,1,0,1,0,0,0,1,0,0,0,1,0,0,1,1,0,0,2,7,1
58,8,0,1,1,0,0,0,0,1,1,0,0,0,1,0,0,0,1,2,10,1
58,9,1,0,0,0,1,1,0,0,1,0,0,0,0,1,0,0,1,2,10,1
58,10,0,1,0,0,1,0,0,1,0,0,1,0,0,1,1,0,0,3,9,1
58,11,1,0,1,0,0,0,0,1,0,1,0,0,0,1,0,1,0,1,10,1
58,12,1,0,0,1,0,0,0,1,1,0,0,1,0,0,1,0,0,3,5,1
58,13,1,0,0,1,0,0,0,1,0,0,1,0,1,0,0,0,1,1,10,1
58,14,1,0,0,0,1,0,0,1,0,1,0,1,0,0,0,1,0,2,8,1
58,15,0,1,0,1,0,0,1,0,1,0,0,0,0,1,0,1,0,1,10,1
58,16,1,0,1,0,0,1,0,0,1,0,0,1,0,0,1,0,0,1,6,1
58,17,0,1,1,0,0,0,1,0,0,1,0,1,0,0,0,0,1,3,8,1
58,18,0,1,0,0,1,1,0,0,0,1,0,0,1,0,1,0,0,1,8,1
60,1,1,0,0,1,0,0,1,0,0,1,0,0,1,0,1,0,0,2,4,0
60,2,1,0,0,0,1,0,1,0,1,0,0,0,1,0,0,1,0,3,5,0
60,3,1,0,0,0,1,0,1,0,0,0,1,1,0,0,0,0,1,1,0,0
60,4,1,0,0,1,0,1,0,0,0,1,0,0,0,1,0,0,1,3,4,0
60,5,0,1,0,1,0,1,0,0,0,0,1,1,0,0,0,1,0,2,3,0
60,6,1,0,1,0,0,1,0,0,0,0,1,0,1,0,0,1,0,3,2,0
60,7,1,0,1,0,0,0,1,0,0,0,1,0,0,1,1,0,0,2,0,0
60,8,0,1,1,0,0,0,0,1,1,0,0,0,1,0,0,0,1,2,1,0
60,9,1,0,0,0,1,1,0,0,1,0,0,0,0,1,0,0,1,2,6,0
60,10,0,1,0,0,1,0,0,1,0,0,1,0,0,1,1,0,0,3,2,0
60,11,1,0,1,0,0,0,0,1,0,1,0,0,0,1,0,1,0,1,1,0
60,12,1,0,0,1,0,0,0,1,1,0,0,1,0,0,1,0,0,3,4,0
60,13,1,0,0,1,0,0,0,1,0,0,1,0,1,0,0,0,1,1,0,0
60,14,1,0,0,0,1,0,0,1,0,1,0,1,0,0,0,1,0,2,2,0
60,15,0,1,0,1,0,0,1,0,1,0,0,0,0,1,0,1,0,1,6,0
60,16,1,0,1,0,0,1,0,0,1,0,0,1,0,0,1,0,0,1,5,0
60,17,0,1,1,0,0,0,1,0,0,1,0,1,0,0,0,0,1,3,1,0
60,18,0,1,0,0,1,1,0,0,0,1,0,0,1,0,1,0,0,1,7,0
63,1,1,0,0,1,0,0,1,0,0,1,0,0,1,0,1,0,0,2,4,1
63,2,1,0,0,0,1,0,1,0,1,0,0,0,1,0,0,1,0,3,5,1
63,3,1,0,0,0,1,0,1,0,0,0,1,1,0,0,0,0,1,1,5,1
63,4,1,0,0,1,0,1,0,0,0,1,0,0,0,1,0,0,1,3,10,1
63,5,0,1,0,1,0,1,0,0,0,0,1,1,0,0,0,1,0,2,4,1
63,6,1,0,1,0,0,1,0,0,0,0,1,0,1,0,0,1,0,3,6,1
63,7,1,0,1,0,0,0,1,0,0,0,1,0,0,1,1,0,0,2,5,1
63,8,0,1,1,0,0,0,0,1,1,0,0,0,1,0,0,0,1,2,8,1
63,9,1,0,0,0,1,1,0,0,1,0,0,0,0,1,0,0,1,2,10,1
63,10,0,1,0,0,1,0,0,1,0,0,1,0,0,1,1,0,0,3,6,1
63,11,1,0,1,0,0,0,0,1,0,1,0,0,0,1,0,1,0,1,8,1
63,12,1,0,0,1,0,0,0,1,1,0,0,1,0,0,1,0,0,3,1,1
63,13,1,0,0,1,0,0,0,1,0,0,1,0,1,0,0,0,1,1,8,1
63,14,1,0,0,0,1,0,0,1,0,1,0,1,0,0,0,1,0,2,4,1
63,15,0,1,0,1,0,0,1,0,1,0,0,0,0,1,0,1,0,1,8,1
63,16,1,0,1,0,0,1,0,0,1,0,0,1,0,0,1,0,0,1,1,1
63,17,0,1,1,0,0,0,1,0,0,1,0,1,0,0,0,0,1,3,6,1
63,18,0,1,0,0,1,1,0,0,0,1,0,0,1,0,1,0,0,1,5,1
64,1,1,0,0,1,0,0,1,0,0,1,0,0,1,0,1,0,0,2,4,0
64,2,1,0,0,0,1,0,1,0,1,0,0,0,1,0,0,1,0,3,3,0
64,3,1,0,0,0,1,0,1,0,0,0,1,1,0,0,0,0,1,1,4,0
64,4,1,0,0,1,0,1,0,0,0,1,0,0,0,1,0,0,1,3,2,0
64,5,0,1,0,1,0,1,0,0,0,0,1,1,0,0,0,1,0,2,4,0
64,6,1,0,1,0,0,1,0,0,0,0,1,0,1,0,0,1,0,3,2,0
64,7,1,0,1,0,0,0,1,0,0,0,1,0,0,1,1,0,0,2,4,0
64,8,0,1,1,0,0,0,0,1,1,0,0,0,1,0,0,0,1,2,3,0
64,9,1,0,0,0,1,1,0,0,1,0,0,0,0,1,0,0,1,2,4,0
64,10,0,1,0,0,1,0,0,1,0,0,1,0,0,1,1,0,0,3,2,0
64,11,1,0,1,0,0,0,0,1,0,1,0,0,0,1,0,1,0,1,4,0
64,12,1,0,0,1,0,0,0,1,1,0,0,1,0,0,1,0,0,3,3,0
64,13,1,0,0,1,0,0,0,1,0,0,1,0,1,0,0,0,1,1,5,0
64,14,1,0,0,0,1,0,0,1,0,1,0,1,0,0,0,1,0,2,4,0
64,15,0,1,0,1,0,0,1,0,1,0,0,0,0,1,0,1,0,1,5,0
64,16,1,0,1,0,0,1,0,0,1,0,0,1,0,0,1,0,0,1,4,0
64,17,0,1,1,0,0,0,1,0,0,1,0,1,0,0,0,0,1,3,2,0
64,18,0,1,0,0,1,1,0,0,0,1,0,0,1,0,1,0,0,1,4,0
68,1,1,0,0,1,0,0,1,0,0,1,0,0,1,0,1,0,0,2,0,0
68,2,1,0,0,0,1,0,1,0,1,0,0,0,1,0,0,1,0,3,10,0
68,3,1,0,0,0,1,0,1,0,0,0,1,1,0,0,0,0,1,1,10,0
68,4,1,0,0,1,0,1,0,0,0,1,0,0,0,1,0,0,1,3,0,0
68,5,0,1,0,1,0,1,0,0,0,0,1,1,0,0,0,1,0,2,10,0
68,6,1,0,1,0,0,1,0,0,0,0,1,0,1,0,0,1,0,3,10,0
68,7,1,0,1,0,0,0,1,0,0,0,1,0,0,1,1,0,0,2,10,0
68,8,0,1,1,0,0,0,0,1,1,0,0,0,1,0,0,0,1,2,0,0
68,9,1,0,0,0,1,1,0,0,1,0,0,0,0,1,0,0,1,2,10,0
68,10,0,1,0,0,1,0,0,1,0,0,1,0,0,1,1,0,0,3,10,0
68,11,1,0,1,0,0,0,0,1,0,1,0,0,0,1,0,1,0,1,0,0
68,12,1,0,0,1,0,0,0,1,1,0,0,1,0,0,1,0,0,3,0,0
68,13,1,0,0,1,0,0,0,1,0,0,1,0,1,0,0,0,1,1,0,0
68,14,1,0,0,0,1,0,0,1,0,1,0,1,0,0,0,1,0,2,0,0
68,15,0,1,0,1,0,0,1,0,1,0,0,0,0,1,0,1,0,1,0,0
68,16,1,0,1,0,0,1,0,0,1,0,0,1,0,0,1,0,0,1,0,0
68,17,0,1,1,0,0,0,1,0,0,1,0,1,0,0,0,0,1,3,0,0
68,18,0,1,0,0,1,1,0,0,0,1,0,0,1,0,1,0,0,1,10,0
71,1,1,0,0,1,0,0,1,0,0,1,0,0,1,0,1,0,0,2,5,0
71,2,1,0,0,0,1,0,1,0,1,0,0,0,1,0,0,1,0,3,5,0
71,3,1,0,0,0,1,0,1,0,0,0,1,1,0,0,0,0,1,1,2,0
71,4,1,0,0,1,0,1,0,0,0,1,0,0,0,1,0,0,1,3,1,0
71,5,0,1,0,1,0,1,0,0,0,0,1,1,0,0,0,1,0,2,2,0
71,6,1,0,1,0,0,1,0,0,0,0,1,0,1,0,0,1,0,3,6,0
71,7,1,0,1,0,0,0,1,0,0,0,1,0,0,1,1,0,0,2,6,0
71,8,0,1,1,0,0,0,0,1,1,0,0,0,1,0,0,0,1,2,5,0
71,9,1,0,0,0,1,1,0,0,1,0,0,0,0,1,0,0,1,2,7,0
71,10,0,1,0,0,1,0,0,1,0,0,1,0,0,1,1,0,0,3,3,0
71,11,1,0,1,0,0,0,0,1,0,1,0,0,0,1,0,1,0,1,6,0
71,12,1,0,0,1,0,0,0,1,1,0,0,1,0,0,1,0,0,3,1,0
71,13,1,0,0,1,0,0,0,1,0,0,1,0,1,0,0,0,1,1,7,0
71,14,1,0,0,0,1,0,0,1,0,1,0,1,0,0,0,1,0,2,3,0
71,15,0,1,0,1,0,0,1,0,1,0,0,0,0,1,0,1,0,1,7,0
71,16,1,0,1,0,0,1,0,0,1,0,0,1,0,0,1,0,0,1,1,0
71,17,0,1,1,0,0,0,1,0,0,1,0,1,0,0,0,0,1,3,1,0
71,18,0,1,0,0,1,1,0,0,0,1,0,0,1,0,1,0,0,1,4,0
75,1,1,0,0,1,0,0,1,0,0,1,0,0,1,0,1,0,0,2,5,1
75,2,1,0,0,0,1,0,1,0,1,0,0,0,1,0,0,1,0,3,9,1
75,3,1,0,0,0,1,0,1,0,0,0,1,1,0,0,0,0,1,1,5,1
75,4,1,0,0,1,0,1,0,0,0,1,0,0,0,1,0,0,1,3,7,1
75,5,0,1,0,1,0,1,0,0,0,0,1,1,0,0,0,1,0,2,6,1
75,6,1,0,1,0,0,1,0,0,0,0,1,0,1,0,0,1,0,3,7,1
75,7,1,0,1,0,0,0,1,0,0,0,1,0,0,1,1,0,0,2,6,1
75,8,0,1,1,0,0,0,0,1,1,0,0,0,1,0,0,0,1,2,4,1
75,9,1,0,0,0,1,1,0,0,1,0,0,0,0,1,0,0,1,2,10,1
75,10,0,1,0,0,1,0,0,1,0,0,1,0,0,1,1,0,0,3,4,1
75,11,1,0,1,0,0,0,0,1,0,1,0,0,0,1,0,1,0,1,5,1
75,12,1,0,0,1,0,0,0,1,1,0,0,1,0,0,1,0,0,3,5,1
75,13,1,0,0,1,0,0,0,1,0,0,1,0,1,0,0,0,1,1,5,1
75,14,1,0,0,0,1,0,0,1,0,1,0,1,0,0,0,1,0,2,4,1
75,15,0,1,0,1,0,0,1,0,1,0,0,0,0,1,0,1,0,1,10,1
75,16,1,0,1,0,0,1,0,0,1,0,0,1,0,0,1,0,0,1,3,1
75,17,0,1,1,0,0,0,1,0,0,1,0,1,0,0,0,0,1,3,5,1
75,18,0,1,0,0,1,1,0,0,0,1,0,0,1,0,1,0,0,1,6,1
76,1,1,0,0,1,0,0,1,0,0,1,0,0,1,0,1,0,0,2,3,0
76,2,1,0,0,0,1,0,1,0,1,0,0,0,1,0,0,1,0,3,4,0
76,3,1,0,0,0,1,0,1,0,0,0,1,1,0,0,0,0,1,1,1,0
76,4,1,0,0,1,0,1,0,0,0,1,0,0,0,1,0,0,1,3,7,0
76,5,0,1,0,1,0,1,0,0,0,0,1,1,0,0,0,1,0,2,2,0
76,6,1,0,1,0,0,1,0,0,0,0,1,0,1,0,0,1,0,3,2,0
76,7,1,0,1,0,0,0,1,0,0,0,1,0,0,1,1,0,0,2,3,0
76,8,0,1,1,0,0,0,0,1,1,0,0,0,1,0,0,0,1,2,4,0
76,9,1,0,0,0,1,1,0,0,1,0,0,0,0,1,0,0,1,2,7,0
76,10,0,1,0,0,1,0,0,1,0,0,1,0,0,1,1,0,0,3,3,0
76,11,1,0,1,0,0,0,0,1,0,1,0,0,0,1,0,1,0,1,5,0
76,12,1,0,0,1,0,0,0,1,1,0,0,1,0,0,1,0,0,3,1,0
76,13,1,0,0,1,0,0,0,1,0,0,1,0,1,0,0,0,1,1,4,0
76,14,1,0,0,0,1,0,0,1,0,1,0,1,0,0,0,1,0,2,2,0
76,15,0,1,0,1,0,0,1,0,1,0,0,0,0,1,0,1,0,1,5,0
76,16,1,0,1,0,0,1,0,0,1,0,0,1,0,0,1,0,0,1,1,0
76,17,0,1,1,0,0,0,1,0,0,1,0,1,0,0,0,0,1,3,3,0
76,18,0,1,0,0,1,1,0,0,0,1,0,0,1,0,1,0,0,1,2,0
77,1,1,0,0,1,0,0,1,0,0,1,0,0,1,0,1,0,0,2,4,0
77,2,1,0,0,0,1,0,1,0,1,0,0,0,1,0,0,1,0,3,7,0
77,3,1,0,0,0,1,0,1,0,0,0,1,1,0,0,0,0,1,1,3,0
77,4,1,0,0,1,0,1,0,0,0,1,0,0,0,1,0,0,1,3,3,0
77,5,0,1,0,1,0,1,0,0,0,0,1,1,0,0,0,1,0,2,2,0
77,6,1,0,1,0,0,1,0,0,0,0,1,0,1,0,0,1,0,3,2,0
77,7,1,0,1,0,0,0,1,0,0,0,1,0,0,1,1,0,0,2,2,0
77,8,0,1,1,0,0,0,0,1,1,0,0,0,1,0,0,0,1,2,2,0
77,9,1,0,0,0,1,1,0,0,1,0,0,0,0,1,0,0,1,2,6,0
77,10,0,1,0,0,1,0,0,1,0,0,1,0,0,1,1,0,0,3,2,0
77,11,1,0,1,0,0,0,0,1,0,1,0,0,0,1,0,1,0,1,5,0
77,12,1,0,0,1,0,0,0,1,1,0,0,1,0,0,1,0,0,3,4,0
77,13,1,0,0,1,0,0,0,1,0,0,1,0,1,0,0,0,1,1,3,0
77,14,1,0,0,0,1,0,0,1,0,1,0,1,0,0,0,1,0,2,4,0
77,15,0,1,0,1,0,0,1,0,1,0,0,0,0,1,0,1,0,1,2,0
77,16,1,0,1,0,0,1,0,0,1,0,0,1,0,0,1,0,0,1,3,0
77,17,0,1,1,0,0,0,1,0,0,1,0,1,0,0,0,0,1,3,3,0
77,18,0,1,0,0,1,1,0,0,0,1,0,0,1,0,1,0,0,1,2,0
80,1,1,0,0,1,0,0,1,0,0,1,0,0,1,0,1,0,0,2,7,1
80,2,1,0,0,0,1,0,1,0,1,0,0,0,1,0,0,1,0,3,10,1
80,3,1,0,0,0,1,0,1,0,0,0,1,1,0,0,0,0,1,1,8,1
80,4,1,0,0,1,0,1,0,0,0,1,0,0,0,1,0,0,1,3,3,1
80,5,0,1,0,1,0,1,0,0,0,0,1,1,0,0,0,1,0,2,7,1
80,6,1,0,1,0,0,1,0,0,0,0,1,0,1,0,0,1,0,3,7,1
80,7,1,0,1,0,0,0,1,0,0,0,1,0,0,1,1,0,0,2,3,1
80,8,0,1,1,0,0,0,0,1,1,0,0,0,1,0,0,0,1,2,8,1
80,9,1,0,0,0,1,1,0,0,1,0,0,0,0,1,0,0,1,2,7,1
80,10,0,1,0,0,1,0,0,1,0,0,1,0,0,1,1,0,0,3,8,1
80,11,1,0,1,0,0,0,0,1,0,1,0,0,0,1,0,1,0,1,7,1
80,12,1,0,0,1,0,0,0,1,1,0,0,1,0,0,1,0,0,3,3,1
80,13,1,0,0,1,0,0,0,1,0,0,1,0,1,0,0,0,1,1,10,1
80,14,1,0,0,0,1,0,0,1,0,1,0,1,0,0,0,1,0,2,7,1
80,15,0,1,0,1,0,0,1,0,1,0,0,0,0,1,0,1,0,1,8,1
80,16,1,0,1,0,0,1,0,0,1,0,0,1,0,0,1,0,0,1,2,1
80,17,0,1,1,0,0,0,1,0,0,1,0,1,0,0,0,0,1,3,5,1
80,18,0,1,0,0,1,1,0,0,0,1,0,0,1,0,1,0,0,1,8,1
82,1,1,0,0,1,0,0,1,0,0,1,0,0,1,0,1,0,0,2,6,0
82,2,1,0,0,0,1,0,1,0,1,0,0,0,1,0,0,1,0,3,6,0
82,3,1,0,0,0,1,0,1,0,0,0,1,1,0,0,0,0,1,1,3,0
82,4,1,0,0,1,0,1,0,0,0,1,0,0,0,1,0,0,1,3,5,0
82,5,0,1,0,1,0,1,0,0,0,0,1,1,0,0,0,1,0,2,2,0
82,6,1,0,1,0,0,1,0,0,0,0,1,0,1,0,0,1,0,3,3,0
82,7,1,0,1,0,0,0,1,0,0,0,1,0,0,1,1,0,0,2,2,0
82,8,0,1,1,0,0,0,0,1,1,0,0,0,1,0,0,0,1,2,0,0
82,9,1,0,0,0,1,1,0,0,1,0,0,0,0,1,0,0,1,2,7,0
82,10,0,1,0,0,1,0,0,1,0,0,1,0,0,1,1,0,0,3,0,0
82,11,1,0,1,0,0,0,0,1,0,1,0,0,0,1,0,1,0,1,0,0
82,12,1,0,0,1,0,0,0,1,1,0,0,1,0,0,1,0,0,3,0,0
82,13,1,0,0,1,0,0,0,1,0,0,1,0,1,0,0,0,1,1,0,0
82,14,1,0,0,0,1,0,0,1,0,1,0,1,0,0,0,1,0,2,0,0
82,15,0,1,0,1,0,0,1,0,1,0,0,0,0,1,0,1,0,1,7,0
82,16,1,0,1,0,0,1,0,0,1,0,0,1,0,0,1,0,0,1,7,0
82,17,0,1,1,0,0,0,1,0,0,1,0,1,0,0,0,0,1,3,3,0
82,18,0,1,0,0,1,1,0,0,0,1,0,0,1,0,1,0,0,1,7,0
86,1,1,0,0,1,0,0,1,0,0,1,0,0,1,0,1,0,0,2,3,0
86,2,1,0,0,0,1,0,1,0,1,0,0,0,1,0,0,1,0,3,3,0
86,3,1,0,0,0,1,0,1,0,0,0,1,1,0,0,0,0,1,1,4,0
86,4,1,0,0,1,0,1,0,0,0,1,0,0,0,1,0,0,1,3,5,0
86,5,0,1,0,1,0,1,0,0,0,0,1,1,0,0,0,1,0,2,2,0
86,6,1,0,1,0,0,1,0,0,0,0,1,0,1,0,0,1,0,3,2,0
86,7,1,0,1,0,0,0,1,0,0,0,1,0,0,1,1,0,0,2,2,0
86,8,0,1,1,0,0,0,0,1,1,0,0,0,1,0,0,0,1,2,4,0
86,9,1,0,0,0,1,1,0,0,1,0,0,0,0,1,0,0,1,2,5,0
86,10,0,1,0,0,1,0,0,1,0,0,1,0,0,1,1,0,0,3,4,0
86,11,1,0,1,0,0,0,0,1,0,1,0,0,0,1,0,1,0,1,4,0
86,12,1,0,0,1,0,0,0,1,1,0,0,1,0,0,1,0,0,3,4,0
86,13,1,0,0,1,0,0,0,1,0,0,1,0,1,0,0,0,1,1,5,0
86,14,1,0,0,0,1,0,0,1,0,1,0,1,0,0,0,1,0,2,4,0
86,15,0,1,0,1,0,0,1,0,1,0,0,0,0,1,0,1,0,1,6,0
86,16,1,0,1,0,0,1,0,0,1,0,0,1,0,0,1,0,0,1,4,0
86,17,0,1,1,0,0,0,1,0,0,1,0,1,0,0,0,0,1,3,5,0
86,18,0,1,0,0,1,1,0,0,0,1,0,0,1,0,1,0,0,1,4,0
88,1,1,0,0,1,0,0,1,0,0,1,0,0,1,0,1,0,0,2,10,1
88,2,1,0,0,0,1,0,1,0,1,0,0,0,1,0,0,1,0,3,5,1
88,3,1,0,0,0,1,0,1,0,0,0,1,1,0,0,0,0,1,1,5,1
88,4,1,0,0,1,0,1,0,0,0,1,0,0,0,1,0,0,1,3,5,1
88,5,0,1,0,1,0,1,0,0,0,0,1,1,0,0,0,1,0,2,10,1
88,6,1,0,1,0,0,1,0,0,0,0,1,0,1,0,0,1,0,3,3,1
88,7,1,0,1,0,0,0,1,0,0,0,1,0,0,1,1,0,0,2,5,1
88,8,0,1,1,0,0,0,0,1,1,0,0,0,1,0,0,0,1,2,5,1
88,9,1,0,0,0,1,1,0,0,1,0,0,0,0,1,0,0,1,2,10,1
88,10,0,1,0,0,1,0,0,1,0,0,1,0,0,1,1,0,0,3,3,1
88,11,1,0,1,0,0,0,0,1,0,1,0,0,0,1,0,1,0,1,5,1
88,12,1,0,0,1,0,0,0,1,1,0,0,1,0,0,1,0,0,3,5,1
88,13,1,0,0,1,0,0,0,1,0,0,1,0,1,0,0,0,1,1,10,1
88,14,1,0,0,0,1,0,0,1,0,1,0,1,0,0,0,1,0,2,5,1
88,15,0,1,0,1,0,0,1,0,1,0,0,0,0,1,0,1,0,1,7,1
88,16,1,0,1,0,0,1,0,0,1,0,0,1,0,0,1,0,0,1,7,1
88,17,0,1,1,0,0,0,1,0,0,1,0,1,0,0,0,0,1,3,10,1
88,18,0,1,0,0,1,1,0,0,0,1,0,0,1,0,1,0,0,1,7,1
90,1,1,0,0,1,0,0,1,0,0,1,0,0,1,0,1,0,0,2,1,0
90,2,1,0,0,0,1,0,1,0,1,0,0,0,1,0,0,1,0,3,6,0
90,3,1,0,0,0,1,0,1,0,0,0,1,1,0,0,0,0,1,1,5,0
90,4,1,0,0,1,0,1,0,0,0,1,0,0,0,1,0,0,1,3,5,0
90,5,0,1,0,1,0,1,0,0,0,0,1,1,0,0,0,1,0,2,5,0
90,6,1,0,1,0,0,1,0,0,0,0,1,0,1,0,0,1,0,3,4,0
90,7,1,0,1,0,0,0,1,0,0,0,1,0,0,1,1,0,0,2,6,0
90,8,0,1,1,0,0,0,0,1,1,0,0,0,1,0,0,0,1,2,3,0
90,9,1,0,0,0,1,1,0,0,1,0,0,0,0,1,0,0,1,2,4,0
90,10,0,1,0,0,1,0,0,1,0,0,1,0,0,1,1,0,0,3,8,0
90,11,1,0,1,0,0,0,0,1,0,1,0,0,0,1,0,1,0,1,3,0
90,12,1,0,0,1,0,0,0,1,1,0,0,1,0,0,1,0,0,3,4,0
90,13,1,0,0,1,0,0,0,1,0,0,1,0,1,0,0,0,1,1,4,0
90,14,1,0,0,0,1,0,0,1,0,1,0,1,0,0,0,1,0,2,3,0
90,15,0,1,0,1,0,0,1,0,1,0,0,0,0,1,0,1,0,1,4,0
90,16,1,0,1,0,0,1,0,0,1,0,0,1,0,0,1,0,0,1,4,0
90,17,0,1,1,0,0,0,1,0,0,1,0,1,0,0,0,0,1,3,3,0
90,18,0,1,0,0,1,1,0,0,0,1,0,0,1,0,1,0,0,1,2,0
93,1,1,0,0,1,0,0,1,0,0,1,0,0,1,0,1,0,0,2,0,0
93,2,1,0,0,0,1,0,1,0,1,0,0,0,1,0,0,1,0,3,2,0
93,3,1,0,0,0,1,0,1,0,0,0,1,1,0,0,0,0,1,1,2,0
93,4,1,0,0,1,0,1,0,0,0,1,0,0,0,1,0,0,1,3,5,0
93,5,0,1,0,1,0,1,0,0,0,0,1,1,0,0,0,1,0,2,0,0
93,6,1,0,1,0,0,1,0,0,0,0,1,0,1,0,0,1,0,3,1,0
93,7,1,0,1,0,0,0,1,0,0,0,1,0,0,1,1,0,0,2,0,0
93,8,0,1,1,0,0,0,0,1,1,0,0,0,1,0,0,0,1,2,2,0
93,9,1,0,0,0,1,1,0,0,1,0,0,0,0,1,0,0,1,2,5,0
93,10,0,1,0,0,1,0,0,1,0,0,1,0,0,1,1,0,0,3,3,0
93,11,1,0,1,0,0,0,0,1,0,1,0,0,0,1,0,1,0,1,0,0
93,12,1,0,0,1,0,0,0,1,1,0,0,1,0,0,1,0,0,3,0,0
93,13,1,0,0,1,0,0,0,1,0,0,1,0,1,0,0,0,1,1,0,0
93,14,1,0,0,0,1,0,0,1,0,1,0,1,0,0,0,1,0,2,0,0
93,15,0,1,0,1,0,0,1,0,1,0,0,0,0,1,0,1,0,1,3,0
93,16,1,0,1,0,0,1,0,0,1,0,0,1,0,0,1,0,0,1,0,0
93,17,0,1,1,0,0,0,1,0,0,1,0,1,0,0,0,0,1,3,0,0
93,18,0,1,0,0,1,1,0,0,0,1,0,0,1,0,1,0,0,1,0,0
94,1,1,0,0,1,0,0,1,0,0,1,0,0,1,0,1,0,0,2,5,1
94,2,1,0,0,0,1,0,1,0,1,0,0,0,1,0,0,1,0,3,10,1
94,3,1,0,0,0,1,0,1,0,0,0,1,1,0,0,0,0,1,1,0,1
94,4,1,0,0,1,0,1,0,0,0,1,0,0,0,1,0,0,1,3,5,1
94,5,0,1,0,1,0,1,0,0,0,0,1,1,0,0,0,1,0,2,0,1
94,6,1,0,1,0,0,1,0,0,0,0,1,0,1,0,0,1,0,3,0,1
94,7,1,0,1,0,0,0,1,0,0,0,1,0,0,1,1,0,0,2,0,1
94,8,0,1,1,0,0,0,0,1,1,0,0,0,1,0,0,0,1,2,10,1
94,9,1,0,0,0,1,1,0,0,1,0,0,0,0,1,0,0,1,2,10,1
94,10,0,1,0,0,1,0,0,1,0,0,1,0,0,1,1,0,0,3,0,1
94,11,1,0,1,0,0,0,0,1,0,1,0,0,0,1,0,1,0,1,5,1
94,12,1,0,0,1,0,0,0,1,1,0,0,1,0,0,1,0,0,3,10,1
94,13,1,0,0,1,0,0,0,1,0,0,1,0,1,0,0,0,1,1,0,1
94,14,1,0,0,0,1,0,0,1,0,1,0,1,0,0,0,1,0,2,5,1
94,15,0,1,0,1,0,0,1,0,1,0,0,0,0,1,0,1,0,1,10,1
94,16,1,0,1,0,0,1,0,0,1,0,0,1,0,0,1,0,0,1,10,1
94,17,0,1,1,0,0,0,1,0,0,1,0,1,0,0,0,0,1,3,5,1
94,18,0,1,0,0,1,1,0,0,0,1,0,0,1,0,1,0,0,1,5,1
96,1,1,0,0,1,0,0,1,0,0,1,0,0,1,0,1,0,0,2,0,0
96,2,1,0,0,0,1,0,1,0,1,0,0,0,1,0,0,1,0,3,0,0
96,3,1,0,0,0,1,0,1,0,0,0,1,1,0,0,0,0,1,1,0,0
96,4,1,0,0,1,0,1,0,0,0,1,0,0,0,1,0,0,1,3,0,0
96,5,0,1,0,1,0,1,0,0,0,0,1,1,0,0,0,1,0,2,0,0
96,6,1,0,1,0,0,1,0,0,0,0,1,0,1,0,0,1,0,3,0,0
96,7,1,0,1,0,0,0,1,0,0,0,1,0,0,1,1,0,0,2,0,0
96,8,0,1,1,0,0,0,0,1,1,0,0,0,1,0,0,0,1,2,0,0
96,9,1,0,0,0,1,1,0,0,1,0,0,0,0,1,0,0,1,2,10,0
96,10,0,1,0,0,1,0,0,1,0,0,1,0,0,1,1,0,0,3,0,0
96,11,1,0,1,0,0,0,0,1,0,1,0,0,0,1,0,1,0,1,0,0
96,12,1,0,0,1,0,0,0,1,1,0,0,1,0,0,1,0,0,3,0,0
96,13,1,0,0,1,0,0,0,1,0,0,1,0,1,0,0,0,1,1,10,0
96,14,1,0,0,0,1,0,0,1,0,1,0,1,0,0,0,1,0,2,0,0
96,15,0,1,0,1,0,0,1,0,1,0,0,0,0,1,0,1,0,1,10,0
96,16,1,0,1,0,0,1,0,0,1,0,0,1,0,0,1,0,0,1,0,0
96,17,0,1,1,0,0,0,1,0,0,1,0,1,0,0,0,0,1,3,0,0
96,18,0,1,0,0,1,1,0,0,0,1,0,0,1,0,1,0,0,1,0,0
97,1,1,0,0,1,0,0,1,0,0,1,0,0,1,0,1,0,0,2,9,1
97,2,1,0,0,0,1,0,1,0,1,0,0,0,1,0,0,1,0,3,10,1
97,3,1,0,0,0,1,0,1,0,0,0,1,1,0,0,0,0,1,1,7,1
97,4,1,0,0,1,0,1,0,0,0,1,0,0,0,1,0,0,1,3,7,1
97,5,0,1,0,1,0,1,0,0,0,0,1,1,0,0,0,1,0,2,6,1
97,6,1,0,1,0,0,1,0,0,0,0,1,0,1,0,0,1,0,3,7,1
97,7,1,0,1,0,0,0,1,0,0,0,1,0,0,1,1,0,0,2,7,1
97,8,0,1,1,0,0,0,0,1,1,0,0,0,1,0,0,0,1,2,6,1
97,9,1,0,0,0,1,1,0,0,1,0,0,0,0,1,0,0,1,2,7,1
97,10,0,1,0,0,1,0,0,1,0,0,1,0,0,1,1,0,0,3,3,1
97,11,1,0,1,0,0,0,0,1,0,1,0,0,0,1,0,1,0,1,4,1
97,12,1,0,0,1,0,0,0,1,1,0,0,1,0,0,1,0,0,3,5,1
97,13,1,0,0,1,0,0,0,1,0,0,1,0,1,0,0,0,1,1,5,1
97,14,1,0,0,0,1,0,0,1,0,1,0,1,0,0,0,1,0,2,4,1
97,15,0,1,0,1,0,0,1,0,1,0,0,0,0,1,0,1,0,1,9,1
97,16,1,0,1,0,0,1,0,0,1,0,0,1,0,0,1,0,0,1,5,1
97,17,0,1,1,0,0,0,1,0,0,1,0,1,0,0,0,0,1,3,6,1
97,18,0,1,0,0,1,1,0,0,0,1,0,0,1,0,1,0,0,1,8,1
98,1,1,0,0,1,0,0,1,0,0,1,0,0,1,0,1,0,0,2,2,0
98,2,1,0,0,0,1,0,1,0,1,0,0,0,1,0,0,1,0,3,2,0
98,3,1,0,0,0,1,0,1,0,0,0,1,1,0,0,0,0,1,1,0,0
98,4,1,0,0,1,0,1,0,0,0,1,0,0,0,1,0,0,1,3,1,0
98,5,0,1,0,1,0,1,0,0,0,0,1,1,0,0,0,1,0,2,0,0
98,6,1,0,1,0,0,1,0,0,0,0,1,0,1,0,0,1,0,3,0,0
98,7,1,0,1,0,0,0,1,0,0,0,1,0,0,1,1,0,0,2,1,0
98,8,0,1,1,0,0,0,0,1,1,0,0,0,1,0,0,0,1,2,2,0
98,9,1,0,0,0,1,1,0,0,1,0,0,0,0,1,0,0,1,2,3,0
98,10,0,1,0,0,1,0,0,1,0,0,1,0,0,1,1,0,0,3,0,0
98,11,1,0,1,0,0,0,0,1,0,1,0,0,0,1,0,1,0,1,1,0
98,12,1,0,0,1,0,0,0,1,1,0,0,1,0,0,1,0,0,3,0,0
98,13,1,0,0,1,0,0,0,1,0,0,1,0,1,0,0,0,1,1,2,0
98,14,1,0,0,0,1,0,0,1,0,1,0,1,0,0,0,1,0,2,1,0
98,15,0,1,0,1,0,0,1,0,1,0,0,0,0,1,0,1,0,1,4,0
98,16,1,0,1,0,0,1,0,0,1,0,0,1,0,0,1,0,0,1,0,0
98,17,0,1,1,0,0,0,1,0,0,1,0,1,0,0,0,0,1,3,0,0
98,18,0,1,0,0,1,1,0,0,0,1,0,0,1,0,1,0,0,1,2,0
99,1,1,0,0,1,0,0,1,0,0,1,0,0,1,0,1,0,0,2,7,1
99,2,1,0,0,0,1,0,1,0,1,0,0,0,1,0,0,1,0,3,8,1
99,3,1,0,0,0,1,0,1,0,0,0,1,1,0,0,0,0,1,1,5,1
99,4,1,0,0,1,0,1,0,0,0,1,0,0,0,1,0,0,1,3,2,1
99,5,0,1,0,1,0,1,0,0,0,0,1,1,0,0,0,1,0,2,4,1
99,6,1,0,1,0,0,1,0,0,0,0,1,0,1,0,0,1,0,3,4,1
99,7,1,0,1,0,0,0,1,0,0,0,1,0,0,1,1,0,0,2,4,1
99,8,0,1,1,0,0,0,0,1,1,0,0,0,1,0,0,0,1,2,4,1
99,9,1,0,0,0,1,1,0,0,1,0,0,0,0,1,0,0,1,2,7,1
99,10,0,1,0,0,1,0,0,1,0,0,1,0,0,1,1,0,0,3,9,1
99,11,1,0,1,0,0,0,0,1,0,1,0,0,0,1,0,1,0,1,8,1
99,12,1,0,0,1,0,0,0,1,1,0,0,1,0,0,1,0,0,3,7,1
99,13,1,0,0,1,0,0,0,1,0,0,1,0,1,0,0,0,1,1,7,1
99,14,1,0,0,0,1,0,0,1,0,1,0,1,0,0,0,1,0,2,7,1
99,15,0,1,0,1,0,0,1,0,1,0,0,0,0,1,0,1,0,1,3,1
99,16,1,0,1,0,0,1,0,0,1,0,0,1,0,0,1,0,0,1,3,1
99,17,0,1,1,0,0,0,1,0,0,1,0,1,0,0,0,0,1,3,3,1
99,18,0,1,0,0,1,1,0,0,0,1,0,0,1,0,1,0,0,1,5,1
100,1,1,0,0,1,0,0,1,0,0,1,0,0,1,0,1,0,0,2,5,1
100,2,1,0,0,0,1,0,1,0,1,0,0,0,1,0,0,1,0,3,8,1
100,3,1,0,0,0,1,0,1,0,0,0,1,1,0,0,0,0,1,1,5,1
100,4,1,0,0,1,0,1,0,0,0,1,0,0,0,1,0,0,1,3,6,1
100,5,0,1,0,1,0,1,0,0,0,0,1,1,0,0,0,1,0,2,5,1
100,6,1,0,1,0,0,1,0,0,0,0,1,0,1,0,0,1,0,3,6,1
100,7,1,0,1,0,0,0,1,0,0,0,1,0,0,1,1,0,0,2,5,1
100,8,0,1,1,0,0,0,0,1,1,0,0,0,1,0,0,0,1,2,6,1
100,9,1,0,0,0,1,1,0,0,1,0,0,0,0,1,0,0,1,2,8,1
100,10,0,1,0,0,1,0,0,1,0,0,1,0,0,1,1,0,0,3,5,1
100,11,1,0,1,0,0,0,0,1,0,1,0,0,0,1,0,1,0,1,7,1
100,12,1,0,0,1,0,0,0,1,1,0,0,1,0,0,1,0,0,3,5,1
100,13,1,0,0,1,0,0,0,1,0,0,1,0,1,0,0,0,1,1,6,1
100,14,1,0,0,0,1,0,0,1,0,1,0,1,0,0,0,1,0,2,5,1
100,15,0,1,0,1,0,0,1,0,1,0,0,0,0,1,0,1,0,1,7,1
100,16,1,0,1,0,0,1,0,0,1,0,0,1,0,0,1,0,0,1,5,1
100,17,0,1,1,0,0,0,1,0,0,1,0,1,0,0,0,0,1,3,5,1
100,18,0,1,0,0,1,1,0,0,0,1,0,0,1,0,1,0,0,1,5,1
103,1,1,0,0,1,0,0,1,0,0,1,0,0,1,0,1,0,0,2,2,0
103,2,1,0,0,0,1,0,1,0,1,0,0,0,1,0,0,1,0,3,8,0
103,3,1,0,0,0,1,0,1,0,0,0,1,1,0,0,0,0,1,1,5,0
103,4,1,0,0,1,0,1,0,0,0,1,0,0,0,1,0,0,1,3,4,0
103,5,0,1,0,1,0,1,0,0,0,0,1,1,0,0,0,1,0,2,2,0
103,6,1,0,1,0,0,1,0,0,0,0,1,0,1,0,0,1,0,3,2,0
103,7,1,0,1,0,0,0,1,0,0,0,1,0,0,1,1,0,0,2,2,0
103,8,0,1,1,0,0,0,0,1,1,0,0,0,1,0,0,0,1,2,5,0
103,9,1,0,0,0,1,1,0,0,1,0,0,0,0,1,0,0,1,2,7,0
103,10,0,1,0,0,1,0,0,1,0,0,1,0,0,1,1,0,0,3,1,0
103,11,1,0,1,0,0,0,0,1,0,1,0,0,0,1,0,1,0,1,2,0
103,12,1,0,0,1,0,0,0,1,1,0,0,1,0,0,1,0,0,3,3,0
103,13,1,0,0,1,0,0,0,1,0,0,1,0,1,0,0,0,1,1,1,0
103,14,1,0,0,0,1,0,0,1,0,1,0,1,0,0,0,1,0,2,2,0
103,15,0,1,0,1,0,0,1,0,1,0,0,0,0,1,0,1,0,1,5,0
103,16,1,0,1,0,0,1,0,0,1,0,0,1,0,0,1,0,0,1,2,0
103,17,0,1,1,0,0,0,1,0,0,1,0,1,0,0,0,0,1,3,0,0
103,18,0,1,0,0,1,1,0,0,0,1,0,0,1,0,1,0,0,1,8,0
107,1,1,0,0,1,0,0,1,0,0,1,0,0,1,0,1,0,0,2,3,0
107,2,1,0,0,0,1,0,1,0,1,0,0,0,1,0,0,1,0,3,6,0
107,3,1,0,0,0,1,0,1,0,0,0,1,1,0,0,0,0,1,1,3,0
107,4,1,0,0,1,0,1,0,0,0,1,0,0,0,1,0,0,1,3,7,0
107,5,0,1,0,1,0,1,0,0,0,0,1,1,0,0,0,1,0,2,7,0
107,6,1,0,1,0,0,1,0,0,0,0,1,0,1,0,0,1,0,3,4,0
107,7,1,0,1,0,0,0,1,0,0,0,1,0,0,1,1,0,0,2,2,0
107,8,0,1,1,0,0,0,0,1,1,0,0,0,1,0,0,0,1,2,2,0
107,9,1,0,0,0,1,1,0,0,1,0,0,0,0,1,0,0,1,2,9,0
107,10,0,1,0,0,1,0,0,1,0,0,1,0,0,1,1,0,0,3,3,0
107,11,1,0,1,0,0,0,0,1,0,1,0,0,0,1,0,1,0,1,7,0
107,12,1,0,0,1,0,0,0,1,1,0,0,1,0,0,1,0,0,3,2,0
107,13,1,0,0,1,0,0,0,1,0,0,1,0,1,0,0,0,1,1,6,0
107,14,1,0,0,0,1,0,0,1,0,1,0,1,0,0,0,1,0,2,6,0
107,15,0,1,0,1,0,0,1,0,1,0,0,0,0,1,0,1,0,1,7,0
107,16,1,0,1,0,0,1,0,0,1,0,0,1,0,0,1,0,0,1,3,0
107,17,0,1,1,0,0,0,1,0,0,1,0,1,0,0,0,0,1,3,7,0
107,18,0,1,0,0,1,1,0,0,0,1,0,0,1,0,1,0,0,1,2,0
111,1,1,0,0,1,0,0,1,0,0,1,0,0,1,0,1,0,0,2,6,1
111,2,1,0,0,0,1,0,1,0,1,0,0,0,1,0,0,1,0,3,9,1
111,3,1,0,0,0,1,0,1,0,0,0,1,1,0,0,0,0,1,1,5,1
111,4,1,0,0,1,0,1,0,0,0,1,0,0,0,1,0,0,1,3,9,1
111,5,0,1,0,1,0,1,0,0,0,0,1,1,0,0,0,1,0,2,2,1
111,6,1,0,1,0,0,1,0,0,0,0,1,0,1,0,0,1,0,3,10,1
111,7,1,0,1,0,0,0,1,0,0,0,1,0,0,1,1,0,0,2,5,1
111,8,0,1,1,0,0,0,0,1,1,0,0,0,1,0,0,0,1,2,10,1
111,9,1,0,0,0,1,1,0,0,1,0,0,0,0,1,0,0,1,2,10,1
111,10,0,1,0,0,1,0,0,1,0,0,1,0,0,1,1,0,0,3,8,1
111,11,1,0,1,0,0,0,0,1,0,1,0,0,0,1,0,1,0,1,10,1
111,12,1,0,0,1,0,0,0,1,1,0,0,1,0,0,1,0,0,3,2,1
111,13,1,0,0,1,0,0,0,1,0,0,1,0,1,0,0,0,1,1,10,1
111,14,1,0,0,0,1,0,0,1,0,1,0,1,0,0,0,1,0,2,6,1
111,15,0,1,0,1,0,0,1,0,1,0,0,0,0,1,0,1,0,1,10,1
111,16,1,0,1,0,0,1,0,0,1,0,0,1,0,0,1,0,0,1,0,1
111,17,0,1,1,0,0,0,1,0,0,1,0,1,0,0,0,0,1,3,7,1
111,18,0,1,0,0,1,1,0,0,0,1,0,0,1,0,1,0,0,1,9,1
113,1,1,0,0,1,0,0,1,0,0,1,0,0,1,0,1,0,0,2,4,1
113,2,1,0,0,0,1,0,1,0,1,0,0,0,1,0,0,1,0,3,4,1
113,3,1,0,0,0,1,0,1,0,0,0,1,1,0,0,0,0,1,1,5,1
113,4,1,0,0,1,0,1,0,0,0,1,0,0,0,1,0,0,1,3,4,1
113,5,0,1,0,1,0,1,0,0,0,0,1,1,0,0,0,1,0,2,4,1
113,6,1,0,1,0,0,1,0,0,0,0,1,0,1,0,0,1,0,3,5,1
113,7,1,0,1,0,0,0,1,0,0,0,1,0,0,1,1,0,0,2,5,1
113,8,0,1,1,0,0,0,0,1,1,0,0,0,1,0,0,0,1,2,5,1
113,9,1,0,0,0,1,1,0,0,1,0,0,0,0,1,0,0,1,2,5,1
113,10,0,1,0,0,1,0,0,1,0,0,1,0,0,1,1,0,0,3,3,1
113,11,1,0,1,0,0,0,0,1,0,1,0,0,0,1,0,1,0,1,7,1
113,12,1,0,0,1,0,0,0,1,1,0,0,1,0,0,1,0,0,3,5,1
113,13,1,0,0,1,0,0,0,1,0,0,1,0,1,0,0,0,1,1,7,1
113,14,1,0,0,0,1,0,0,1,0,1,0,1,0,0,0,1,0,2,5,1
113,15,0,1,0,1,0,0,1,0,1,0,0,0,0,1,0,1,0,1,7,1
113,16,1,0,1,0,0,1,0,0,1,0,0,1,0,0,1,0,0,1,7,1
113,17,0,1,1,0,0,0,1,0,0,1,0,1,0,0,0,0,1,3,5,1
113,18,0,1,0,0,1,1,0,0,0,1,0,0,1,0,1,0,0,1,7,1
114,1,1,0,0,1,0,0,1,0,0,1,0,0,1,0,1,0,0,2,5,1
114,2,1,0,0,0,1,0,1,0,1,0,0,0,1,0,0,1,0,3,10,1
114,3,1,0,0,0,1,0,1,0,0,0,1,1,0,0,0,0,1,1,1,1
114,4,1,0,0,1,0,1,0,0,0,1,0,0,0,1,0,0,1,3,5,1
114,5,0,1,0,1,0,1,0,0,0,0,1,1,0,0,0,1,0,2,1,1
114,6,1,0,1,0,0,1,0,0,0,0,1,0,1,0,0,1,0,3,1,1
114,7,1,0,1,0,0,0,1,0,0,0,1,0,0,1,1,0,0,2,1,1
114,8,0,1,1,0,0,0,0,1,1,0,0,0,1,0,0,0,1,2,10,1
114,9,1,0,0,0,1,1,0,0,1,0,0,0,0,1,0,0,1,2,10,1
114,10,0,1,0,0,1,0,0,1,0,0,1,0,0,1,1,0,0,3,1,1
114,11,1,0,1,0,0,0,0,1,0,1,0,0,0,1,0,1,0,1,5,1
114,12,1,0,0,1,0,0,0,1,1,0,0,1,0,0,1,0,0,3,10,1
114,13,1,0,0,1,0,0,0,1,0,0,1,0,1,0,0,0,1,1,1,1
114,14,1,0,0,0,1,0,0,1,0,1,0,1,0,0,0,1,0,2,5,1
114,15,0,1,0,1,0,0,1,0,1,0,0,0,0,1,0,1,0,1,10,1
114,16,1,0,1,0,0,1,0,0,1,0,0,1,0,0,1,0,0,1,10,1
114,17,0,1,1,0,0,0,1,0,0,1,0,1,0,0,0,0,1,3,5,1
114,18,0,1,0,0,1,1,0,0,0,1,0,0,1,0,1,0,0,1,5,1
116,1,1,0,0,1,0,0,1,0,0,1,0,0,1,0,1,0,0,2,4,0
116,2,1,0,0,0,1,0,1,0,1,0,0,0,1,0,0,1,0,3,9,0
116,3,1,0,0,0,1,0,1,0,0,0,1,1,0,0,0,0,1,1,3,0
116,4,1,0,0,1,0,1,0,0,0,1,0,0,0,1,0,0,1,3,6,0
116,5,0,1,0,1,0,1,0,0,0,0,1,1,0,0,0,1,0,2,2,0
116,6,1,0,1,0,0,1,0,0,0,0,1,0,1,0,0,1,0,3,2,0
116,7,1,0,1,0,0,0,1,0,0,0,1,0,0,1,1,0,0,2,2,0
116,8,0,1,1,0,0,0,0,1,1,0,0,0,1,0,0,0,1,2,4,0
116,9,1,0,0,0,1,1,0,0,1,0,0,0,0,1,0,0,1,2,8,0
116,10,0,1,0,0,1,0,0,1,0,0,1,0,0,1,1,0,0,3,6,0
116,11,1,0,1,0,0,0,0,1,0,1,0,0,0,1,0,1,0,1,6,0
116,12,1,0,0,1,0,0,0,1,1,0,0,1,0,0,1,0,0,3,2,0
116,13,1,0,0,1,0,0,0,1,0,0,1,0,1,0,0,0,1,1,6,0
116,14,1,0,0,0,1,0,0,1,0,1,0,1,0,0,0,1,0,2,4,0
116,15,0,1,0,1,0,0,1,0,1,0,0,0,0,1,0,1,0,1,7,0
116,16,1,0,1,0,0,1,0,0,1,0,0,1,0,0,1,0,0,1,2,0
116,17,0,1,1,0,0,0,1,0,0,1,0,1,0,0,0,0,1,3,5,0
116,18,0,1,0,0,1,1,0,0,0,1,0,0,1,0,1,0,0,1,4,0
117,1,1,0,0,1,0,0,1,0,0,1,0,0,1,0,1,0,0,2,3,0
117,2,1,0,0,0,1,0,1,0,1,0,0,0,1,0,0,1,0,3,3,0
117,3,1,0,0,0,1,0,1,0,0,0,1,1,0,0,0,0,1,1,8,0
117,4,1,0,0,1,0,1,0,0,0,1,0,0,0,1,0,0,1,3,5,0
117,5,0,1,0,1,0,1,0,0,0,0,1,1,0,0,0,1,0,2,2,0
117,6,1,0,1,0,0,1,0,0,0,0,1,0,1,0,0,1,0,3,3,0
117,7,1,0,1,0,0,0,1,0,0,0,1,0,0,1,1,0,0,2,5,0
117,8,0,1,1,0,0,0,0,1,1,0,0,0,1,0,0,0,1,2,8,0
117,9,1,0,0,0,1,1,0,0,1,0,0,0,0,1,0,0,1,2,9,0
117,10,0,1,0,0,1,0,0,1,0,0,1,0,0,1,1,0,0,3,8,0
117,11,1,0,1,0,0,0,0,1,0,1,0,0,0,1,0,1,0,1,7,0
117,12,1,0,0,1,0,0,0,1,1,0,0,1,0,0,1,0,0,3,0,0
117,13,1,0,0,1,0,0,0,1,0,0,1,0,1,0,0,0,1,1,3,0
117,14,1,0,0,0,1,0,0,1,0,1,0,1,0,0,0,1,0,2,3,0
117,15,0,1,0,1,0,0,1,0,1,0,0,0,0,1,0,1,0,1,7,0
117,16,1,0,1,0,0,1,0,0,1,0,0,1,0,0,1,0,0,1,0,0
117,17,0,1,1,0,0,0,1,0,0,1,0,1,0,0,0,0,1,3,5,0
117,18,0,1,0,0,1,1,0,0,0,1,0,0,1,0,1,0,0,1,3,0
119,1,1,0,0,1,0,0,1,0,0,1,0,0,1,0,1,0,0,2,6,0
119,2,1,0,0,0,1,0,1,0,1,0,0,0,1,0,0,1,0,3,2,0
119,3,1,0,0,0,1,0,1,0,0,0,1,1,0,0,0,0,1,1,5,0
119,4,1,0,0,1,0,1,0,0,0,1,0,0,0,1,0,0,1,3,6,0
119,5,0,1,0,1,0,1,0,0,0,0,1,1,0,0,0,1,0,2,2,0
119,6,1,0,1,0,0,1,0,0,0,0,1,0,1,0,0,1,0,3,1,0
119,7,1,0,1,0,0,0,1,0,0,0,1,0,0,1,1,0,0,2,3,0
119,8,0,1,1,0,0,0,0,1,1,0,0,0,1,0,0,0,1,2,5,0
119,9,1,0,0,0,1,1,0,0,1,0,0,0,0,1,0,0,1,2,9,0
119,10,0,1,0,0,1,0,0,1,0,0,1,0,0,1,1,0,0,3,3,0
119,11,1,0,1,0,0,0,0,1,0,1,0,0,0,1,0,1,0,1,3,0
119,12,1,0,0,1,0,0,0,1,1,0,0,1,0,0,1,0,0,3,2,0
119,13,1,0,0,1,0,0,0,1,0,0,1,0,1,0,0,0,1,1,3,0
119,14,1,0,0,0,1,0,0,1,0,1,0,1,0,0,0,1,0,2,4,0
119,15,0,1,0,1,0,0,1,0,1,0,0,0,0,1,0,1,0,1,6,0
119,16,1,0,1,0,0,1,0,0,1,0,0,1,0,0,1,0,0,1,3,0
119,17,0,1,1,0,0,0,1,0,0,1,0,1,0,0,0,0,1,3,5,0
119,18,0,1,0,0,1,1,0,0,0,1,0,0,1,0,1,0,0,1,5,0
120,1,1,0,0,1,0,0,1,0,0,1,0,0,1,0,1,0,0,2,5,1
120,2,1,0,0,0,1,0,1,0,1,0,0,0,1,0,0,1,0,3,9,1
120,3,1,0,0,0,1,0,1,0,0,0,1,1,0,0,0,0,1,1,5,1
120,4,1,0,0,1,0,1,0,0,0,1,0,0,0,1,0,0,1,3,8,1
120,5,0,1,0,1,0,1,0,0,0,0,1,1,0,0,0,1,0,2,5,1
120,6,1,0,1,0,0,1,0,0,0,0,1,0,1,0,0,1,0,3,8,1
120,7,1,0,1,0,0,0,1,0,0,0,1,0,0,1,1,0,0,2,5,1
120,8,0,1,1,0,0,0,0,1,1,0,0,0,1,0,0,0,1,2,8,1
120,9,1,0,0,0,1,1,0,0,1,0,0,0,0,1,0,0,1,2,8,1
120,10,0,1,0,0,1,0,0,1,0,0,1,0,0,1,1,0,0,3,6,1
120,11,1,0,1,0,0,0,0,1,0,1,0,0,0,1,0,1,0,1,8,1
120,12,1,0,0,1,0,0,0,1,1,0,0,1,0,0,1,0,0,3,6,1
120,13,1,0,0,1,0,0,0,1,0,0,1,0,1,0,0,0,1,1,7,1
120,14,1,0,0,0,1,0,0,1,0,1,0,1,0,0,0,1,0,2,5,1
120,15,0,1,0,1,0,0,1,0,1,0,0,0,0,1,0,1,0,1,8,1
120,16,1,0,1,0,0,1,0,0,1,0,0,1,0,0,1,0,0,1,5,1
120,17,0,1,1,0,0,0,1,0,0,1,0,1,0,0,0,0,1,3,6,1
120,18,0,1,0,0,1,1,0,0,0,1,0,0,1,0,1,0,0,1,6,1
121,1,1,0,0,1,0,0,1,0,0,1,0,0,1,0,1,0,0,2,6,1
121,2,1,0,0,0,1,0,1,0,1,0,0,0,1,0,0,1,0,3,8,1
121,3,1,0,0,0,1,0,1,0,0,0,1,1,0,0,0,0,1,1,7,1
121,4,1,0,0,1,0,1,0,0,0,1,0,0,0,1,0,0,1,3,4,1
121,5,0,1,0,1,0,1,0,0,0,0,1,1,0,0,0,1,0,2,3,1
121,6,1,0,1,0,0,1,0,0,0,0,1,0,1,0,0,1,0,3,4,1
121,7,1,0,1,0,0,0,1,0,0,0,1,0,0,1,1,0,0,2,5,1
121,8,0,1,1,0,0,0,0,1,1,0,0,0,1,0,0,0,1,2,5,1
121,9,1,0,0,0,1,1,0,0,1,0,0,0,0,1,0,0,1,2,8,1
121,10,0,1,0,0,1,0,0,1,0,0,1,0,0,1,1,0,0,3,7,1
121,11,1,0,1,0,0,0,0,1,0,1,0,0,0,1,0,1,0,1,3,1
121,12,1,0,0,1,0,0,0,1,1,0,0,1,0,0,1,0,0,3,3,1
121,13,1,0,0,1,0,0,0,1,0,0,1,0,1,0,0,0,1,1,6,1
121,14,1,0,0,0,1,0,0,1,0,1,0,1,0,0,0,1,0,2,6,1
121,15,0,1,0,1,0,0,1,0,1,0,0,0,0,1,0,1,0,1,7,1
121,16,1,0,1,0,0,1,0,0,1,0,0,1,0,0,1,0,0,1,4,1
121,17,0,1,1,0,0,0,1,0,0,1,0,1,0,0,0,0,1,3,2,1
121,18,0,1,0,0,1,1,0,0,0,1,0,0,1,0,1,0,0,1,8,1
122,1,1,0,0,1,0,0,1,0,0,1,0,0,1,0,1,0,0,2,3,0
122,2,1,0,0,0,1,0,1,0,1,0,0,0,1,0,0,1,0,3,6,0
122,3,1,0,0,0,1,0,1,0,0,0,1,1,0,0,0,0,1,1,3,0
122,4,1,0,0,1,0,1,0,0,0,1,0,0,0,1,0,0,1,3,6,0
122,5,0,1,0,1,0,1,0,0,0,0,1,1,0,0,0,1,0,2,3,0
122,6,1,0,1,0,0,1,0,0,0,0,1,0,1,0,0,1,0,3,5,0
122,7,1,0,1,0,0,0,1,0,0,0,1,0,0,1,1,0,0,2,4,0
122,8,0,1,1,0,0,0,0,1,1,0,0,0,1,0,0,0,1,2,4,0
122,9,1,0,0,0,1,1,0,0,1,0,0,0,0,1,0,0,1,2,8,0
122,10,0,1,0,0,1,0,0,1,0,0,1,0,0,1,1,0,0,3,6,0
122,11,1,0,1,0,0,0,0,1,0,1,0,0,0,1,0,1,0,1,4,0
122,12,1,0,0,1,0,0,0,1,1,0,0,1,0,0,1,0,0,3,3,0
122,13,1,0,0,1,0,0,0,1,0,0,1,0,1,0,0,0,1,1,3,0
122,14,1,0,0,0,1,0,0,1,0,1,0,1,0,0,0,1,0,2,3,0
122,15,0,1,0,1,0,0,1,0,1,0,0,0,0,1,0,1,0,1,6,0
122,16,1,0,1,0,0,1,0,0,1,0,0,1,0,0,1,0,0,1,5,0
122,17,0,1,1,0,0,0,1,0,0,1,0,1,0,0,0,0,1,3,3,0
122,18,0,1,0,0,1,1,0,0,0,1,0,0,1,0,1,0,0,1,5,0
153,1,1,0,0,1,0,0,1,0,0,1,0,0,1,0,1,0,0,2,5,1
153,2,1,0,0,0,1,0,1,0,1,0,0,0,1,0,0,1,0,3,5,1
153,3,1,0,0,0,1,0,1,0,0,0,1,1,0,0,0,0,1,1,7,1
153,4,1,0,0,1,0,1,0,0,0,1,0,0,0,1,0,0,1,3,7,1
153,5,0,1,0,1,0,1,0,0,0,0,1,1,0,0,0,1,0,2,5,1
153,6,1,0,1,0,0,1,0,0,0,0,1,0,1,0,0,1,0,3,6,1
153,7,1,0,1,0,0,0,1,0,0,0,1,0,0,1,1,0,0,2,7,1
153,8,0,1,1,0,0,0,0,1,1,0,0,0,1,0,0,0,1,2,5,1
153,9,1,0,0,0,1,1,0,0,1,0,0,0,0,1,0,0,1,2,7,1
153,10,0,1,0,0,1,0,0,1,0,0,1,0,0,1,1,0,0,3,7,1
153,11,1,0,1,0,0,0,0,1,0,1,0,0,0,1,0,1,0,1,7,1
153,12,1,0,0,1,0,0,0,1,1,0,0,1,0,0,1,0,0,3,5,1
153,13,1,0,0,1,0,0,0,1,0,0,1,0,1,0,0,0,1,1,6,1
153,14,1,0,0,0,1,0,0,1,0,1,0,1,0,0,0,1,0,2,4,1
153,15,0,1,0,1,0,0,1,0,1,0,0,0,0,1,0,1,0,1,7,1
153,16,1,0,1,0,0,1,0,0,1,0,0,1,0,0,1,0,0,1,2,1
153,17,0,1,1,0,0,0,1,0,0,1,0,1,0,0,0,0,1,3,1,1
153,18,0,1,0,0,1,1,0,0,0,1,0,0,1,0,1,0,0,1,6,1
156,1,1,0,0,1,0,0,1,0,0,1,0,0,1,0,1,0,0,2,5,0
156,2,1,0,0,0,1,0,1,0,1,0,0,0,1,0,0,1,0,3,10,0
156,3,1,0,0,0,1,0,1,0,0,0,1,1,0,0,0,0,1,1,1,0
156,4,1,0,0,1,0,1,0,0,0,1,0,0,0,1,0,0,1,3,1,0
156,5,0,1,0,1,0,1,0,0,0,0,1,1,0,0,0,1,0,2,0,0
156,6,1,0,1,0,0,1,0,0,0,0,1,0,1,0,0,1,0,3,0,0
156,7,1,0,1,0,0,0,1,0,0,0,1,0,0,1,1,0,0,2,3,0
156,8,0,1,1,0,0,0,0,1,1,0,0,0,1,0,0,0,1,2,0,0
156,9,1,0,0,0,1,1,0,0,1,0,0,0,0,1,0,0,1,2,3,0
156,10,0,1,0,0,1,0,0,1,0,0,1,0,0,1,1,0,0,3,0,0
156,11,1,0,1,0,0,0,0,1,0,1,0,0,0,1,0,1,0,1,4,0
156,12,1,0,0,1,0,0,0,1,1,0,0,1,0,0,1,0,0,3,4,0
156,13,1,0,0,1,0,0,0,1,0,0,1,0,1,0,0,0,1,1,1,0
156,14,1,0,0,0,1,0,0,1,0,1,0,1,0,0,0,1,0,2,1,0
156,15,0,1,0,1,0,0,1,0,1,0,0,0,0,1,0,1,0,1,4,0
156,16,1,0,1,0,0,1,0,0,1,0,0,1,0,0,1,0,0,1,4,0
156,17,0,1,1,0,0,0,1,0,0,1,0,1,0,0,0,0,1,3,4,0
156,18,0,1,0,0,1,1,0,0,0,1,0,0,1,0,1,0,0,1,4,0
158,1,1,0,0,1,0,0,1,0,0,1,0,0,1,0,1,0,0,2,5,1
158,2,1,0,0,0,1,0,1,0,1,0,0,0,1,0,0,1,0,3,8,1
158,3,1,0,0,0,1,0,1,0,0,0,1,1,0,0,0,0,1,1,7,1
158,4,1,0,0,1,0,1,0,0,0,1,0,0,0,1,0,0,1,3,7,1
158,5,0,1,0,1,0,1,0,0,0,0,1,1,0,0,0,1,0,2,3,1
158,6,1,0,1,0,0,1,0,0,0,0,1,0,1,0,0,1,0,3,3,1
158,7,1,0,1,0,0,0,1,0,0,0,1,0,0,1,1,0,0,2,4,1
158,8,0,1,1,0,0,0,0,1,1,0,0,0,1,0,0,0,1,2,8,1
158,9,1,0,0,0,1,1,0,0,1,0,0,0,0,1,0,0,1,2,7,1
158,10,0,1,0,0,1,0,0,1,0,0,1,0,0,1,1,0,0,3,5,1
158,11,1,0,1,0,0,0,0,1,0,1,0,0,0,1,0,1,0,1,5,1
158,12,1,0,0,1,0,0,0,1,1,0,0,1,0,0,1,0,0,3,7,1
158,13,1,0,0,1,0,0,0,1,0,0,1,0,1,0,0,0,1,1,5,1
158,14,1,0,0,0,1,0,0,1,0,1,0,1,0,0,0,1,0,2,5,1
158,15,0,1,0,1,0,0,1,0,1,0,0,0,0,1,0,1,0,1,7,1
158,16,1,0,1,0,0,1,0,0,1,0,0,1,0,0,1,0,0,1,6,1
158,17,0,1,1,0,0,0,1,0,0,1,0,1,0,0,0,0,1,3,5,1
158,18,0,1,0,0,1,1,0,0,0,1,0,0,1,0,1,0,0,1,7,1
159,1,1,0,0,1,0,0,1,0,0,1,0,0,1,0,1,0,0,2,1,0
159,2,1,0,0,0,1,0,1,0,1,0,0,0,1,0,0,1,0,3,7,0
159,3,1,0,0,0,1,0,1,0,0,0,1,1,0,0,0,0,1,1,0,0
159,4,1,0,0,1,0,1,0,0,0,1,0,0,0,1,0,0,1,3,9,0
159,5,0,1,0,1,0,1,0,0,0,0,1,1,0,0,0,1,0,2,2,0
159,6,1,0,1,0,0,1,0,0,0,0,1,0,1,0,0,1,0,3,6,0
159,7,1,0,1,0,0,0,1,0,0,0,1,0,0,1,1,0,0,2,5,0
159,8,0,1,1,0,0,0,0,1,1,0,0,0,1,0,0,0,1,2,6,0
159,9,1,0,0,0,1,1,0,0,1,0,0,0,0,1,0,0,1,2,4,0
159,10,0,1,0,0,1,0,0,1,0,0,1,0,0,1,1,0,0,3,1,0
159,11,1,0,1,0,0,0,0,1,0,1,0,0,0,1,0,1,0,1,1,0
159,12,1,0,0,1,0,0,0,1,1,0,0,1,0,0,1,0,0,3,1,0
159,13,1,0,0,1,0,0,0,1,0,0,1,0,1,0,0,0,1,1,2,0
159,14,1,0,0,0,1,0,0,1,0,1,0,1,0,0,0,1,0,2,2,0
159,15,0,1,0,1,0,0,1,0,1,0,0,0,0,1,0,1,0,1,2,0
159,16,1,0,1,0,0,1,0,0,1,0,0,1,0,0,1,0,0,1,0,0
159,17,0,1,1,0,0,0,1,0,0,1,0,1,0,0,0,0,1,3,4,0
159,18,0,1,0,0,1,1,0,0,0,1,0,0,1,0,1,0,0,1,3,0
161,1,1,0,0,1,0,0,1,0,0,1,0,0,1,0,1,0,0,2,7,1
161,2,1,0,0,0,1,0,1,0,1,0,0,0,1,0,0,1,0,3,10,1
161,3,1,0,0,0,1,0,1,0,0,0,1,1,0,0,0,0,1,1,8,1
161,4,1,0,0,1,0,1,0,0,0,1,0,0,0,1,0,0,1,3,9,1
161,5,0,1,0,1,0,1,0,0,0,0,1,1,0,0,0,1,0,2,7,1
161,6,1,0,1,0,0,1,0,0,0,0,1,0,1,0,0,1,0,3,7,1
161,7,1,0,1,0,0,0,1,0,0,0,1,0,0,1,1,0,0,2,7,1
161,8,0,1,1,0,0,0,0,1,1,0,0,0,1,0,0,0,1,2,6,1
161,9,1,0,0,0,1,1,0,0,1,0,0,0,0,1,0,0,1,2,10,1
161,10,0,1,0,0,1,0,0,1,0,0,1,0,0,1,1,0,0,3,7,1
161,11,1,0,1,0,0,0,0,1,0,1,0,0,0,1,0,1,0,1,6,1
161,12,1,0,0,1,0,0,0,1,1,0,0,1,0,0,1,0,0,3,5,1
161,13,1,0,0,1,0,0,0,1,0,0,1,0,1,0,0,0,1,1,6,1
161,14,1,0,0,0,1,0,0,1,0,1,0,1,0,0,0,1,0,2,6,1
161,15,0,1,0,1,0,0,1,0,1,0,0,0,0,1,0,1,0,1,7,1
161,16,1,0,1,0,0,1,0,0,1,0,0,1,0,0,1,0,0,1,7,1
161,17,0,1,1,0,0,0,1,0,0,1,0,1,0,0,0,0,1,3,8,1
161,18,0,1,0,0,1,1,0,0,0,1,0,0,1,0,1,0,0,1,8,1
163,1,1,0,0,1,0,0,1,0,0,1,0,0,1,0,1,0,0,2,8,1
163,2,1,0,0,0,1,0,1,0,1,0,0,0,1,0,0,1,0,3,8,1
163,3,1,0,0,0,1,0,1,0,0,0,1,1,0,0,0,0,1,1,5,1
163,4,1,0,0,1,0,1,0,0,0,1,0,0,0,1,0,0,1,3,4,1
163,5,0,1,0,1,0,1,0,0,0,0,1,1,0,0,0,1,0,2,4,1
163,6,1,0,1,0,0,1,0,0,0,0,1,0,1,0,0,1,0,3,8,1
163,7,1,0,1,0,0,0,1,0,0,0,1,0,0,1,1,0,0,2,6,1
163,8,0,1,1,0,0,0,0,1,1,0,0,0,1,0,0,0,1,2,9,1
163,9,1,0,0,0,1,1,0,0,1,0,0,0,0,1,0,0,1,2,5,1
163,10,0,1,0,0,1,0,0,1,0,0,1,0,0,1,1,0,0,3,6,1
163,11,1,0,1,0,0,0,0,1,0,1,0,0,0,1,0,1,0,1,7,1
163,12,1,0,0,1,0,0,0,1,1,0,0,1,0,0,1,0,0,3,4,1
163,13,1,0,0,1,0,0,0,1,0,0,1,0,1,0,0,0,1,1,3,1
163,14,1,0,0,0,1,0,0,1,0,1,0,1,0,0,0,1,0,2,7,1
163,15,0,1,0,1,0,0,1,0,1,0,0,0,0,1,0,1,0,1,4,1
163,16,1,0,1,0,0,1,0,0,1,0,0,1,0,0,1,0,0,1,6,1
163,17,0,1,1,0,0,0,1,0,0,1,0,1,0,0,0,0,1,3,6,1
163,18,0,1,0,0,1,1,0,0,0,1,0,0,1,0,1,0,0,1,6,1
169,1,1,0,0,1,0,0,1,0,0,1,0,0,1,0,1,0,0,2,5,0
169,2,1,0,0,0,1,0,1,0,1,0,0,0,1,0,0,1,0,3,7,0
169,3,1,0,0,0,1,0,1,0,0,0,1,1,0,0,0,0,1,1,3,0
169,4,1,0,0,1,0,1,0,0,0,1,0,0,0,1,0,0,1,3,5,0
169,5,0,1,0,1,0,1,0,0,0,0,1,1,0,0,0,1,0,2,3,0
169,6,1,0,1,0,0,1,0,0,0,0,1,0,1,0,0,1,0,3,4,0
169,7,1,0,1,0,0,0,1,0,0,0,1,0,0,1,1,0,0,2,3,0
169,8,0,1,1,0,0,0,0,1,1,0,0,0,1,0,0,0,1,2,2,0
169,9,1,0,0,0,1,1,0,0,1,0,0,0,0,1,0,0,1,2,9,0
169,10,0,1,0,0,1,0,0,1,0,0,1,0,0,1,1,0,0,3,3,0
169,11,1,0,1,0,0,0,0,1,0,1,0,0,0,1,0,1,0,1,6,0
169,12,1,0,0,1,0,0,0,1,1,0,0,1,0,0,1,0,0,3,6,0
169,13,1,0,0,1,0,0,0,1,0,0,1,0,1,0,0,0,1,1,3,0
169,14,1,0,0,0,1,0,0,1,0,1,0,1,0,0,0,1,0,2,5,0
169,15,0,1,0,1,0,0,1,0,1,0,0,0,0,1,0,1,0,1,3,0
169,16,1,0,1,0,0,1,0,0,1,0,0,1,0,0,1,0,0,1,7,0
169,17,0,1,1,0,0,0,1,0,0,1,0,1,0,0,0,0,1,3,3,0
169,18,0,1,0,0,1,1,0,0,0,1,0,0,1,0,1,0,0,1,3,0
182,1,1,0,0,1,0,0,1,0,0,1,0,0,1,0,1,0,0,2,3,0
182,2,1,0,0,0,1,0,1,0,1,0,0,0,1,0,0,1,0,3,5,0
182,3,1,0,0,0,1,0,1,0,0,0,1,1,0,0,0,0,1,1,1,0
182,4,1,0,0,1,0,1,0,0,0,1,0,0,0,1,0,0,1,3,2,0
182,5,0,1,0,1,0,1,0,0,0,0,1,1,0,0,0,1,0,2,2,0
182,6,1,0,1,0,0,1,0,0,0,0,1,0,1,0,0,1,0,3,2,0
182,7,1,0,1,0,0,0,1,0,0,0,1,0,0,1,1,0,0,2,2,0
182,8,0,1,1,0,0,0,0,1,1,0,0,0,1,0,0,0,1,2,2,0
182,9,1,0,0,0,1,1,0,0,1,0,0,0,0,1,0,0,1,2,3,0
182,10,0,1,0,0,1,0,0,1,0,0,1,0,0,1,1,0,0,3,1,0
182,11,1,0,1,0,0,0,0,1,0,1,0,0,0,1,0,1,0,1,2,0
182,12,1,0,0,1,0,0,0,1,1,0,0,1,0,0,1,0,0,3,1,0
182,13,1,0,0,1,0,0,0,1,0,0,1,0,1,0,0,0,1,1,1,0
182,14,1,0,0,0,1,0,0,1,0,1,0,1,0,0,0,1,0,2,3,0
182,15,0,1,0,1,0,0,1,0,1,0,0,0,0,1,0,1,0,1,5,0
182,16,1,0,1,0,0,1,0,0,1,0,0,1,0,0,1,0,0,1,5,0
182,17,0,1,1,0,0,0,1,0,0,1,0,1,0,0,0,0,1,3,3,0
182,18,0,1,0,0,1,1,0,0,0,1,0,0,1,0,1,0,0,1,3,0
187,1,1,0,0,1,0,0,1,0,0,1,0,0,1,0,1,0,0,2,5,0
187,2,1,0,0,0,1,0,1,0,1,0,0,0,1,0,0,1,0,3,5,0
187,3,1,0,0,0,1,0,1,0,0,0,1,1,0,0,0,0,1,1,5,0
187,4,1,0,0,1,0,1,0,0,0,1,0,0,0,1,0,0,1,3,5,0
187,5,0,1,0,1,0,1,0,0,0,0,1,1,0,0,0,1,0,2,5,0
187,6,1,0,1,0,0,1,0,0,0,0,1,0,1,0,0,1,0,3,5,0
187,7,1,0,1,0,0,0,1,0,0,0,1,0,0,1,1,0,0,2,5,0
187,8,0,1,1,0,0,0,0,1,1,0,0,0,1,0,0,0,1,2,5,0
187,9,1,0,0,0,1,1,0,0,1,0,0,0,0,1,0,0,1,2,5,0
187,10,0,1,0,0,1,0,0,1,0,0,1,0,0,1,1,0,0,3,5,0
187,11,1,0,1,0,0,0,0,1,0,1,0,0,0,1,0,1,0,1,5,0
187,12,1,0,0,1,0,0,0,1,1,0,0,1,0,0,1,0,0,3,5,0
187,13,1,0,0,1,0,0,0,1,0,0,1,0,1,0,0,0,1,1,4,0
187,14,1,0,0,0,1,0,0,1,0,1,0,1,0,0,0,1,0,2,5,0
187,15,0,1,0,1,0,0,1,0,1,0,0,0,0,1,0,1,0,1,6,0
187,16,1,0,1,0,0,1,0,0,1,0,0,1,0,0,1,0,0,1,4,0
187,17,0,1,1,0,0,0,1,0,0,1,0,1,0,0,0,0,1,3,4,0
187,18,0,1,0,0,1,1,0,0,0,1,0,0,1,0,1,0,0,1,4,0
191,1,1,0,0,1,0,0,1,0,0,1,0,0,1,0,1,0,0,2,8,1
191,2,1,0,0,0,1,0,1,0,1,0,0,0,1,0,0,1,0,3,9,1
191,3,1,0,0,0,1,0,1,0,0,0,1,1,0,0,0,0,1,1,9,1
191,4,1,0,0,1,0,1,0,0,0,1,0,0,0,1,0,0,1,3,9,1
191,5,0,1,0,1,0,1,0,0,0,0,1,1,0,0,0,1,0,2,5,1
191,6,1,0,1,0,0,1,0,0,0,0,1,0,1,0,0,1,0,3,10,1
191,7,1,0,1,0,0,0,1,0,0,0,1,0,0,1,1,0,0,2,7,1
191,8,0,1,1,0,0,0,0,1,1,0,0,0,1,0,0,0,1,2,10,1
191,9,1,0,0,0,1,1,0,0,1,0,0,0,0,1,0,0,1,2,10,1
191,10,0,1,0,0,1,0,0,1,0,0,1,0,0,1,1,0,0,3,8,1
191,11,1,0,1,0,0,0,0,1,0,1,0,0,0,1,0,1,0,1,9,1
191,12,1,0,0,1,0,0,0,1,1,0,0,1,0,0,1,0,0,3,7,1
191,13,1,0,0,1,0,0,0,1,0,0,1,0,1,0,0,0,1,1,8,1
191,14,1,0,0,0,1,0,0,1,0,1,0,1,0,0,0,1,0,2,7,1
191,15,0,1,0,1,0,0,1,0,1,0,0,0,0,1,0,1,0,1,8,1
191,16,1,0,1,0,0,1,0,0,1,0,0,1,0,0,1,0,0,1,5,1
191,17,0,1,1,0,0,0,1,0,0,1,0,1,0,0,0,0,1,3,8,1
191,18,0,1,0,0,1,1,0,0,0,1,0,0,1,0,1,0,0,1,7,1
193,1,1,0,0,1,0,0,1,0,0,1,0,0,1,0,1,0,0,2,5,1
193,2,1,0,0,0,1,0,1,0,1,0,0,0,1,0,0,1,0,3,5,1
193,3,1,0,0,0,1,0,1,0,0,0,1,1,0,0,0,0,1,1,5,1
193,4,1,0,0,1,0,1,0,0,0,1,0,0,0,1,0,0,1,3,5,1
193,5,0,1,0,1,0,1,0,0,0,0,1,1,0,0,0,1,0,2,6,1
193,6,1,0,1,0,0,1,0,0,0,0,1,0,1,0,0,1,0,3,5,1
193,7,1,0,1,0,0,0,1,0,0,0,1,0,0,1,1,0,0,2,5,1
193,8,0,1,1,0,0,0,0,1,1,0,0,0,1,0,0,0,1,2,6,1
193,9,1,0,0,0,1,1,0,0,1,0,0,0,0,1,0,0,1,2,5,1
193,10,0,1,0,0,1,0,0,1,0,0,1,0,0,1,1,0,0,3,6,1
193,11,1,0,1,0,0,0,0,1,0,1,0,0,0,1,0,1,0,1,6,1
193,12,1,0,0,1,0,0,0,1,1,0,0,1,0,0,1,0,0,3,6,1
193,13,1,0,0,1,0,0,0,1,0,0,1,0,1,0,0,0,1,1,5,1
193,14,1,0,0,0,1,0,0,1,0,1,0,1,0,0,0,1,0,2,5,1
193,15,0,1,0,1,0,0,1,0,1,0,0,0,0,1,0,1,0,1,6,1
193,16,1,0,1,0,0,1,0,0,1,0,0,1,0,0,1,0,0,1,5,1
193,17,0,1,1,0,0,0,1,0,0,1,0,1,0,0,0,0,1,3,6,1
193,18,0,1,0,0,1,1,0,0,0,1,0,0,1,0,1,0,0,1,6,1
196,1,1,0,0,1,0,0,1,0,0,1,0,0,1,0,1,0,0,2,5,0
196,2,1,0,0,0,1,0,1,0,1,0,0,0,1,0,0,1,0,3,5,0
196,3,1,0,0,0,1,0,1,0,0,0,1,1,0,0,0,0,1,1,4,0
196,4,1,0,0,1,0,1,0,0,0,1,0,0,0,1,0,0,1,3,4,0
196,5,0,1,0,1,0,1,0,0,0,0,1,1,0,0,0,1,0,2,4,0
196,6,1,0,1,0,0,1,0,0,0,0,1,0,1,0,0,1,0,3,5,0
196,7,1,0,1,0,0,0,1,0,0,0,1,0,0,1,1,0,0,2,4,0
196,8,0,1,1,0,0,0,0,1,1,0,0,0,1,0,0,0,1,2,5,0
196,9,1,0,0,0,1,1,0,0,1,0,0,0,0,1,0,0,1,2,5,0
196,10,0,1,0,0,1,0,0,1,0,0,1,0,0,1,1,0,0,3,4,0
196,11,1,0,1,0,0,0,0,1,0,1,0,0,0,1,0,1,0,1,5,0
196,12,1,0,0,1,0,0,0,1,1,0,0,1,0,0,1,0,0,3,4,0
196,13,1,0,0,1,0,0,0,1,0,0,1,0,1,0,0,0,1,1,5,0
196,14,1,0,0,0,1,0,0,1,0,1,0,1,0,0,0,1,0,2,4,0
196,15,0,1,0,1,0,0,1,0,1,0,0,0,0,1,0,1,0,1,5,0
196,16,1,0,1,0,0,1,0,0,1,0,0,1,0,0,1,0,0,1,4,0
196,17,0,1,1,0,0,0,1,0,0,1,0,1,0,0,0,0,1,3,4,0
196,18,0,1,0,0,1,1,0,0,0,1,0,0,1,0,1,0,0,1,5,0
