CLA1,CLA2,SCA1,SCA2,SCA3,PUR1,PUR2,PUR3,CUL1,CUL2,CUL3,USA1,USA2,USA3,ADD1,ADD2,ADD3,PRICE
0.7713032581389986,0.75642230575795,0.17491645781319343,0.41003550543224226,0.9427736006703357,0.5647974101941369,0.7344402673370087,0.2284878863846266,1.0856307435274783,0.44277360067033866,-0.0006787802820449329,-0.22686925647253364,0.7820593149560566,0.9725355054322476,0.0677736006703259,0.7136069340036857,0.746345029241761,-1.190476190417429e-06
0.014880952380952162,0.0,-0.5014880952380949,0.0,0.0,0.08333333333333309,0.0,0.0,0.8645833333333313,0.0,0.0,-1.1041666666666663,0.0,0.0,-0.662202380952379,0.0,0.0,-1.1904761904875582e-06
0.0148809523809523,0.0,-0.501488095238095,0.0,0.0,0.08333333333333426,0.0,0.0,0.8645833333333321,0.0,0.0,-1.1041666666666665,0.0,0.0,0.0,0.3065476190476184,0.0,-1.1904761905093608e-06
0.01488095238095187,0.0,-0.5014880952380946,0.0,0.0,0.08333333333333404,0.0,0.0,0.8645833333333318,0.0,0.0,-1.1041666666666665,0.0,0.0,0.0,0.0,0.3556547619047595,-1.1904761904808141e-06
0.014880952380951731,0.0,-0.5014880952380947,0.0,0.0,0.08333333333333337,0.0,0.0,0.8645833333333321,0.0,0.0,0.0,0.4092261904761899,0.0,-0.6622023809523796,0.0,0.0,-1.1904761904503616e-06
0.014880952380952356,0.0,-0.5014880952380951,0.0,0.0,0.0833333333333342,0.0,0.0,0.8645833333333329,0.0,0.0,0.0,0.4092261904761888,0.0,0.0,0.30654761904761924,0.0,-1.1904761904640801e-06
0.014880952380951495,0.0,-0.5014880952380958,0.0,0.0,0.08333333333333409,0.0,0.0,0.8645833333333329,0.0,0.0,0.0,0.40922619047618947,0.0,0.0,0.0,0.3556547619047598,-1.1904761904919374e-06
0.01488095238095212,0.0,-0.5014880952380947,0.0,0.0,0.08333333333333381,0.0,0.0,0.8645833333333326,0.0,0.0,0.0,0.0,0.6949404761904728,-0.6622023809523803,0.0,0.0,-1.1904761904814342e-06
0.014880952380951329,0.0,-0.5014880952380952,0.0,0.0,0.08333333333333415,0.0,0.0,0.8645833333333323,0.0,0.0,0.0,0.0,0.6949404761904729,0.0,0.30654761904761946,0.0,-1.1904761904706904e-06
0.014880952380951301,0.0,-0.5014880952380948,0.0,0.0,0.08333333333333431,0.0,0.0,0.864583333333332,0.0,0.0,0.0,0.0,0.6949404761904732,0.0,0.0,0.35565476190475953,-1.1904761905187764e-06
0.014880952380952439,0.0,-0.5014880952380955,0.0,0.0,0.08333333333333454,0.0,0.0,0.0,-0.09970238095238101,0.0,-1.104166666666666,0.0,0.0,-0.6622023809523803,0.0,0.0,-1.1904761904324892e-06
0.014880952380952356,0.0,-0.5014880952380953,0.0,0.0,0.08333333333333409,0.0,0.0,0.0,-0.09970238095238101,0.0,-1.1041666666666672,0.0,0.0,0.0,0.3065476190476196,0.0,-1.1904761904916528e-06
0.0148809523809523,0.0,-0.5014880952380963,0.0,0.0,0.08333333333333343,0.0,0.0,0.0,-0.09970238095238157,0.0,-1.1041666666666667,0.0,0.0,0.0,0.0,0.3556547619047578,-1.1904761904508173e-06
0.014880952380951731,0.0,-0.5014880952380947,0.0,0.0,0.08333333333333287,0.0,0.0,0.0,-0.09970238095238049,0.0,0.0,0.40922619047618924,0.0,-0.6622023809523816,0.0,0.0,-1.190476190502034e-06
0.014880952380951953,0.0,-0.5014880952380957,0.0,0.0,0.08333333333333459,0.0,0.0,0.0,-0.09970238095238182,0.0,0.0,0.40922619047618847,0.0,0.0,0.3065476190476183,0.0,-1.1904761904666128e-06
0.01488095238095262,0.0,-0.5014880952380958,0.0,0.0,0.08333333333333354,0.0,0.0,0.0,-0.09970238095238097,0.0,0.0,0.4092261904761888,0.0,0.0,0.0,0.3556547619047588,-1.1904761904859099e-06
0.014880952380951898,0.0,-0.5014880952380953,0.0,0.0,0.08333333333333387,0.0,0.0,0.0,-0.09970238095238136,0.0,0.0,0.0,0.6949404761904717,-0.6622023809523803,0.0,0.0,-1.1904761904905838e-06
0.014880952380952508,0.0,-0.5014880952380961,0.0,0.0,0.08333333333333354,0.0,0.0,0.0,-0.09970238095238176,0.0,0.0,0.0,0.6949404761904736,0.0,0.3065476190476183,0.0,-1.190476190495195e-06
0.014880952380951454,0.0,-0.5014880952380956,0.0,0.0,0.08333333333333354,0.0,0.0,0.0,-0.09970238095238103,0.0,0.0,0.0,0.6949404761904735,0.0,0.0,0.35565476190475936,-1.1904761904722455e-06
0.014880952380952689,0.0,-0.5014880952380948,0.0,0.0,0.08333333333333404,0.0,0.0,0.0,0.0,-0.7648809523809574,-1.1041666666666679,0.0,0.0,-0.6622023809523798,0.0,0.0,-1.1904761905216885e-06
0.01488095238095255,0.0,-0.5014880952380947,0.0,0.0,0.08333333333333398,0.0,0.0,0.0,0.0,-0.7648809523809579,-1.104166666666667,0.0,0.0,0.0,0.3065476190476202,0.0,-1.1904761905383565e-06
0.014880952380951745,0.0,-0.5014880952380947,0.0,0.0,0.08333333333333326,0.0,0.0,0.0,0.0,-0.7648809523809577,-1.1041666666666672,0.0,0.0,0.0,0.0,0.3556547619047596,-1.1904761904558656e-06
0.014880952380951634,0.0,-0.5014880952380948,0.0,0.0,0.08333333333333409,0.0,0.0,0.0,0.0,-0.7648809523809577,0.0,0.40922619047619035,0.0,-0.6622023809523796,0.0,0.0,-1.190476190495478e-06
0.01488095238095137,0.0,-0.5014880952380955,0.0,0.0,0.08333333333333337,0.0,0.0,0.0,0.0,-0.7648809523809577,0.0,0.40922619047618947,0.0,0.0,0.30654761904761973,0.0,-1.1904761904677004e-06
0.01488095238095205,0.0,-0.5014880952380946,0.0,0.0,0.08333333333333415,0.0,0.0,0.0,0.0,-0.764880952380957,0.0,0.4092261904761907,0.0,0.0,0.0,0.3556547619047609,-1.1904761904854135e-06
0.014880952380953105,0.0,-0.5014880952380949,0.0,0.0,0.08333333333333476,0.0,0.0,0.0,0.0,-0.7648809523809577,0.0,0.0,0.6949404761904747,-0.6622023809523792,0.0,0.0,-1.1904761904891472e-06
0.014880952380951995,0.0,-0.5014880952380955,0.0,0.0,0.08333333333333376,0.0,0.0,0.0,0.0,-0.7648809523809574,0.0,0.0,0.6949404761904736,0.0,0.306547619047619,0.0,-1.1904761904988288e-06
0.0148809523809518,0.0,-0.5014880952380958,0.0,0.0,0.08333333333333537,0.0,0.0,0.0,0.0,-0.7648809523809575,0.0,0.0,0.6949404761904749,0.0,0.0,0.35565476190475925,-1.1904761904766501e-06
0.014880952380952522,0.0,-0.5014880952380958,0.0,0.0,0.0,0.3377976190476152,0.0,0.8645833333333287,0.0,0.0,-1.104166666666667,0.0,0.0,-0.662202380952381,0.0,0.0,-1.1904761905172552e-06
0.014880952380953022,0.0,-0.5014880952380949,0.0,0.0,0.0,0.33779761904761374,0.0,0.8645833333333294,0.0,0.0,-1.1041666666666667,0.0,0.0,0.0,0.30654761904761885,0.0,-1.1904761905002112e-06
0.014880952380951329,0.0,-0.5014880952380947,0.0,0.0,0.0,0.33779761904761263,0.0,0.8645833333333298,0.0,0.0,-1.1041666666666667,0.0,0.0,0.0,0.0,0.35565476190476025,-1.1904761904581848e-06
0.014880952380952037,0.0,-0.5014880952380945,0.0,0.0,0.0,0.3377976190476142,0.0,0.8645833333333295,0.0,0.0,0.0,0.40922619047619124,0.0,-0.6622023809523796,0.0,0.0,-1.1904761904735618e-06
0.0148809523809523,0.0,-0.501488095238095,0.0,0.0,0.0,0.3377976190476134,0.0,0.8645833333333299,0.0,0.0,0.0,0.4092261904761899,0.0,0.0,0.30654761904762007,0.0,-1.1904761904689472e-06
0.014880952380952328,0.0,-0.5014880952380956,0.0,0.0,0.0,0.33779761904761274,0.0,0.8645833333333299,0.0,0.0,0.0,0.4092261904761909,0.0,0.0,0.0,0.3556547619047618,-1.1904761904751509e-06
0.014880952380952453,0.0,-0.5014880952380947,0.0,0.0,0.0,0.3377976190476133,0.0,0.8645833333333313,0.0,0.0,0.0,0.0,0.6949404761904736,-0.6622023809523787,0.0,0.0,-1.19047619047355e-06
0.014880952380951315,0.0,-0.5014880952380958,0.0,0.0,0.0,0.3377976190476131,0.0,0.8645833333333304,0.0,0.0,0.0,0.0,0.6949404761904739,0.0,0.30654761904761973,0.0,-1.190476190510877e-06
0.014880952380952162,0.0,-0.5014880952380942,0.0,0.0,0.0,0.3377976190476123,0.0,0.8645833333333297,0.0,0.0,0.0,0.0,0.6949404761904725,0.0,0.0,0.35565476190475764,-1.190476190466113e-06
0.014880952380952162,0.0,-0.5014880952380951,0.0,0.0,0.0,0.3377976190476142,0.0,0.0,-0.099702380952381,0.0,-1.1041666666666665,0.0,0.0,-0.66220238095238,0.0,0.0,-1.1904761904902602e-06
0.014880952380952217,0.0,-0.5014880952380947,0.0,0.0,0.0,0.33779761904761296,0.0,0.0,-0.0997023809523815,0.0,-1.1041666666666656,0.0,0.0,0.0,0.30654761904761946,0.0,-1.1904761904878259e-06
0.014880952380952092,0.0,-0.5014880952380949,0.0,0.0,0.0,0.3377976190476141,0.0,0.0,-0.09970238095238153,0.0,-1.1041666666666665,0.0,0.0,0.0,0.0,0.3556547619047595,-1.1904761904924524e-06
0.014880952380951551,0.0,-0.5014880952380951,0.0,0.0,0.0,0.3377976190476135,0.0,0.0,-0.09970238095238093,0.0,0.0,0.4092261904761898,0.0,-0.6622023809523795,0.0,0.0,-1.1904761904645731e-06
0.014880952380951704,0.0,-0.5014880952380947,0.0,0.0,0.0,0.3377976190476132,0.0,0.0,-0.09970238095238124,0.0,0.0,0.40922619047619024,0.0,0.0,0.3065476190476193,0.0,-1.1904761904768314e-06
0.014880952380951606,0.0,-0.5014880952380953,0.0,0.0,0.0,0.3377976190476132,0.0,0.0,-0.0997023809523809,0.0,0.0,0.409226190476189,0.0,0.0,0.0,0.3556547619047604,-1.1904761904755744e-06
0.014880952380951357,0.0,-0.5014880952380957,0.0,0.0,0.0,0.3377976190476133,0.0,0.0,-0.09970238095238199,0.0,0.0,0.0,0.6949404761904706,-0.6622023809523798,0.0,0.0,-1.1904761905010938e-06
0.014880952380951912,0.0,-0.5014880952380956,0.0,0.0,0.0,0.33779761904761374,0.0,0.0,-0.0997023809523814,0.0,0.0,0.0,0.69494047619047,0.0,0.30654761904761896,0.0,-1.1904761904856168e-06
0.014880952380951731,0.0,-0.5014880952380949,0.0,0.0,0.0,0.3377976190476131,0.0,0.0,-0.09970238095238178,0.0,0.0,0.0,0.6949404761904701,0.0,0.0,0.35565476190476086,-1.190476190488434e-06
0.014880952380952009,0.0,-0.5014880952380948,0.0,0.0,0.0,0.3377976190476142,0.0,0.0,0.0,-0.7648809523809552,-1.1041666666666665,0.0,0.0,-0.6622023809523792,0.0,0.0,-1.1904761904958473e-06
0.014880952380951953,0.0,-0.5014880952380951,0.0,0.0,0.0,0.33779761904761385,0.0,0.0,0.0,-0.7648809523809561,-1.1041666666666656,0.0,0.0,0.0,0.3065476190476197,0.0,-1.1904761904860437e-06
0.014880952380951093,0.0,-0.5014880952380953,0.0,0.0,0.0,0.33779761904761263,0.0,0.0,0.0,-0.7648809523809559,-1.104166666666666,0.0,0.0,0.0,0.0,0.3556547619047592,-1.1904761905101503e-06
0.014880952380951412,0.0,-0.5014880952380959,0.0,0.0,0.0,0.3377976190476131,0.0,0.0,0.0,-0.7648809523809557,0.0,0.40922619047619024,0.0,-0.6622023809523798,0.0,0.0,-1.190476190487177e-06
0.014880952380952467,0.0,-0.5014880952380958,0.0,0.0,0.0,0.33779761904761374,0.0,0.0,0.0,-0.7648809523809543,0.0,0.4092261904761907,0.0,0.0,0.30654761904761957,0.0,-1.1904761905066334e-06
0.014880952380952134,0.0,-0.5014880952380958,0.0,0.0,0.0,0.3377976190476125,0.0,0.0,0.0,-0.7648809523809548,0.0,0.40922619047619013,0.0,0.0,0.0,0.3556547619047585,-1.1904761905007448e-06
0.014880952380951856,0.0,-0.5014880952380945,0.0,0.0,0.0,0.3377976190476132,0.0,0.0,0.0,-0.7648809523809553,0.0,0.0,0.6949404761904717,-0.6622023809523792,0.0,0.0,-1.190476190492393e-06
0.014880952380952092,0.0,-0.5014880952380949,0.0,0.0,0.0,0.33779761904761296,0.0,0.0,0.0,-0.7648809523809559,0.0,0.0,0.694940476190473,0.0,0.30654761904761985,0.0,-1.190476190475205e-06
0.014880952380952328,0.0,-0.5014880952380948,0.0,0.0,0.0,0.33779761904761396,0.0,0.0,0.0,-0.7648809523809561,0.0,0.0,0.6949404761904723,0.0,0.0,0.355654761904759,-1.19047619048715e-06
0.014880952380952356,0.0,-0.5014880952380947,0.0,0.0,0.0,0.0,-0.4211309523809553,0.8645833333333305,0.0,0.0,-1.1041666666666665,0.0,0.0,-0.6622023809523792,0.0,0.0,-1.190476190502793e-06
0.01488095238095219,0.0,-0.5014880952380951,0.0,0.0,0.0,0.0,-0.4211309523809554,0.8645833333333308,0.0,0.0,-1.1041666666666663,0.0,0.0,0.0,0.3065476190476189,0.0,-1.1904761904757014e-06
0.014880952380952203,0.0,-0.5014880952380947,0.0,0.0,0.0,0.0,-0.42113095238095516,0.8645833333333304,0.0,0.0,-1.1041666666666656,0.0,0.0,0.0,0.0,0.3556547619047595,-1.190476190525844e-06
0.014880952380951745,0.0,-0.5014880952380951,0.0,0.0,0.0,0.0,-0.421130952380955,0.8645833333333308,0.0,0.0,0.0,0.40922619047619047,0.0,-0.6622023809523792,0.0,0.0,-1.1904761904860132e-06
0.014880952380952883,0.0,-0.5014880952380957,0.0,0.0,0.0,0.0,-0.42113095238095594,0.8645833333333309,0.0,0.0,0.0,0.409226190476191,0.0,0.0,0.3065476190476186,0.0,-1.1904761904974465e-06
0.014880952380952411,0.0,-0.5014880952380953,0.0,0.0,0.0,0.0,-0.42113095238095616,0.8645833333333302,0.0,0.0,0.0,0.40922619047619124,0.0,0.0,0.0,0.3556547619047606,-1.1904761904737143e-06
0.01488095238095144,0.0,-0.5014880952380945,0.0,0.0,0.0,0.0,-0.42113095238095555,0.8645833333333308,0.0,0.0,0.0,0.0,0.6949404761904726,-0.6622023809523805,0.0,0.0,-1.1904761904654134e-06
0.014880952380952078,0.0,-0.5014880952380953,0.0,0.0,0.0,0.0,-0.4211309523809564,0.8645833333333299,0.0,0.0,0.0,0.0,0.6949404761904727,0.0,0.3065476190476185,0.0,-1.1904761904493587e-06
0.014880952380952717,0.0,-0.5014880952380958,0.0,0.0,0.0,0.0,-0.42113095238095544,0.8645833333333308,0.0,0.0,0.0,0.0,0.6949404761904728,0.0,0.0,0.3556547619047608,-1.1904761905006364e-06
0.014880952380952966,0.0,-0.5014880952380947,0.0,0.0,0.0,0.0,-0.42113095238095544,0.0,-0.09970238095238176,0.0,-1.1041666666666665,0.0,0.0,-0.6622023809523804,0.0,0.0,-1.1904761904770364e-06
0.014880952380952411,0.0,-0.5014880952380951,0.0,0.0,0.0,0.0,-0.42113095238095566,0.0,-0.09970238095238118,0.0,-1.1041666666666674,0.0,0.0,0.0,0.3065476190476194,0.0,-1.19047619046716e-06
0.014880952380951579,0.0,-0.5014880952380953,0.0,0.0,0.0,0.0,-0.42113095238095616,0.0,-0.09970238095238222,0.0,-1.104166666666667,0.0,0.0,0.0,0.0,0.35565476190475953,-1.1904761904590759e-06
0.014880952380951815,0.0,-0.5014880952380951,0.0,0.0,0.0,0.0,-0.4211309523809552,0.0,-0.09970238095238218,0.0,0.0,0.40922619047619047,0.0,-0.6622023809523805,0.0,0.0,-1.190476190487853e-06
0.014880952380951468,0.0,-0.5014880952380951,0.0,0.0,0.0,0.0,-0.42113095238095516,0.0,-0.09970238095238126,0.0,0.0,0.40922619047619035,0.0,0.0,0.30654761904761907,0.0,-1.1904761904936772e-06
0.014880952380952606,0.0,-0.5014880952380947,0.0,0.0,0.0,0.0,-0.4211309523809551,0.0,-0.0997023809523811,0.0,0.0,0.4092261904761899,0.0,0.0,0.0,0.3556547619047627,-1.1904761904783425e-06
0.014880952380951135,0.0,-0.5014880952380957,0.0,0.0,0.0,0.0,-0.42113095238095616,0.0,-0.09970238095238174,0.0,0.0,0.0,0.6949404761904723,-0.66220238095238,0.0,0.0,-1.190476190505583e-06
0.014880952380951815,0.0,-0.5014880952380949,0.0,0.0,0.0,0.0,-0.4211309523809549,0.0,-0.09970238095238129,0.0,0.0,0.0,0.694940476190471,0.0,0.3065476190476189,0.0,-1.1904761904839363e-06
0.01488095238095205,0.0,-0.5014880952380949,0.0,0.0,0.0,0.0,-0.42113095238095605,0.0,-0.09970238095238183,0.0,0.0,0.0,0.6949404761904725,0.0,0.0,0.35565476190476036,-1.1904761904772888e-06
0.014880952380952092,0.0,-0.5014880952380957,0.0,0.0,0.0,0.0,-0.42113095238095527,0.0,0.0,-0.7648809523809544,-1.1041666666666674,0.0,0.0,-0.6622023809523803,0.0,0.0,-1.1904761905019002e-06
0.014880952380952508,0.0,-0.5014880952380945,0.0,0.0,0.0,0.0,-0.42113095238095577,0.0,0.0,-0.7648809523809557,-1.1041666666666665,0.0,0.0,0.0,0.3065476190476194,0.0,-1.190476190481573e-06
0.014880952380951662,0.0,-0.5014880952380949,0.0,0.0,0.0,0.0,-0.4211309523809553,0.0,0.0,-0.764880952380955,-1.1041666666666674,0.0,0.0,0.0,0.0,0.3556547619047591,-1.1904761905409264e-06
0.014880952380952439,0.0,-0.5014880952380955,0.0,0.0,0.0,0.0,-0.4211309523809556,0.0,0.0,-0.7648809523809565,0.0,0.4092261904761906,0.0,-0.6622023809523796,0.0,0.0,-1.1904761904928996e-06
0.01488095238095169,0.0,-0.5014880952380962,0.0,0.0,0.0,0.0,-0.42113095238095555,0.0,0.0,-0.7648809523809555,0.0,0.40922619047618913,0.0,0.0,0.3065476190476194,0.0,-1.1904761904773176e-06
0.014880952380952592,0.0,-0.501488095238095,0.0,0.0,0.0,0.0,-0.4211309523809563,0.0,0.0,-0.7648809523809554,0.0,0.4092261904761898,0.0,0.0,0.0,0.3556547619047591,-1.1904761904852068e-06
0.014880952380952217,0.0,-0.5014880952380949,0.0,0.0,0.0,0.0,-0.4211309523809559,0.0,0.0,-0.764880952380955,0.0,0.0,0.6949404761904734,-0.6622023809523803,0.0,0.0,-1.1904761904929606e-06
0.01488095238095162,0.0,-0.5014880952380949,0.0,0.0,0.0,0.0,-0.42113095238095544,0.0,0.0,-0.7648809523809561,0.0,0.0,0.6949404761904736,0.0,0.3065476190476191,0.0,-1.190476190491336e-06
0.014880952380951995,0.0,-0.5014880952380953,0.0,0.0,0.0,0.0,-0.4211309523809553,0.0,0.0,-0.7648809523809554,0.0,0.0,0.6949404761904738,0.0,0.0,0.3556547619047586,-1.1904761905049376e-06
0.014880952380952467,0.0,0.0,-0.14880952380952206,0.0,0.0833333333333276,0.0,0.0,0.8645833333333304,0.0,0.0,-1.104166666666667,0.0,0.0,-0.6622023809523794,0.0,0.0,-1.190476190491004e-06
0.014880952380952273,0.0,0.0,-0.14880952380952228,0.0,0.08333333333332876,0.0,0.0,0.8645833333333308,0.0,0.0,-1.1041666666666665,0.0,0.0,0.0,0.3065476190476189,0.0,-1.1904761905011819e-06
0.014880952380952814,0.0,0.0,-0.14880952380952217,0.0,0.0833333333333291,0.0,0.0,0.8645833333333302,0.0,0.0,-1.1041666666666667,0.0,0.0,0.0,0.0,0.3556547619047606,-1.1904761905070688e-06
0.014880952380952328,0.0,0.0,-0.1488095238095234,0.0,0.08333333333332771,0.0,0.0,0.8645833333333305,0.0,0.0,0.0,0.4092261904761897,0.0,-0.6622023809523803,0.0,0.0,-1.1904761904780308e-06
0.014880952380952564,0.0,0.0,-0.1488095238095215,0.0,0.08333333333332837,0.0,0.0,0.864583333333331,0.0,0.0,0.0,0.40922619047619024,0.0,0.0,0.30654761904761896,0.0,-1.1904761904816578e-06
0.0148809523809518,0.0,0.0,-0.1488095238095224,0.0,0.0833333333333286,0.0,0.0,0.8645833333333303,0.0,0.0,0.0,0.40922619047619,0.0,0.0,0.0,0.35565476190476025,-1.1904761904609309e-06
0.014880952380951995,0.0,0.0,-0.14880952380952217,0.0,0.08333333333332765,0.0,0.0,0.8645833333333304,0.0,0.0,0.0,0.0,0.6949404761904717,-0.6622023809523798,0.0,0.0,-1.1904761904749222e-06
0.014880952380952259,0.0,0.0,-0.14880952380952317,0.0,0.08333333333332915,0.0,0.0,0.8645833333333311,0.0,0.0,0.0,0.0,0.6949404761904735,0.0,0.30654761904761907,0.0,-1.190476190490045e-06
0.014880952380951967,0.0,0.0,-0.14880952380952284,0.0,0.08333333333332765,0.0,0.0,0.8645833333333304,0.0,0.0,0.0,0.0,0.6949404761904728,0.0,0.0,0.35565476190475875,-1.190476190459496e-06
0.01488095238095126,0.0,0.0,-0.14880952380952306,0.0,0.08333333333332787,0.0,0.0,0.0,-0.09970238095238151,0.0,-1.104166666666667,0.0,0.0,-0.6622023809523807,0.0,0.0,-1.19047619051292e-06
0.01488095238095305,0.0,0.0,-0.1488095238095224,0.0,0.08333333333332726,0.0,0.0,0.0,-0.09970238095238067,0.0,-1.1041666666666667,0.0,0.0,0.0,0.3065476190476195,0.0,-1.1904761904823794e-06
0.01488095238095205,0.0,0.0,-0.14880952380952306,0.0,0.08333333333332738,0.0,0.0,0.0,-0.09970238095238128,0.0,-1.1041666666666665,0.0,0.0,0.0,0.0,0.3556547619047609,-1.1904761904862013e-06
0.014880952380952217,0.0,0.0,-0.14880952380952372,0.0,0.08333333333332921,0.0,0.0,0.0,-0.09970238095238129,0.0,0.0,0.4092261904761898,0.0,-0.6622023809523802,0.0,0.0,-1.1904761904781578e-06
0.014880952380953064,0.0,0.0,-0.14880952380952361,0.0,0.08333333333332782,0.0,0.0,0.0,-0.09970238095238101,0.0,0.0,0.40922619047619146,0.0,0.0,0.3065476190476187,0.0,-1.1904761904911987e-06
0.01488095238095101,0.0,0.0,-0.14880952380952284,0.0,0.08333333333332843,0.0,0.0,0.0,-0.09970238095238121,0.0,0.0,0.4092261904761907,0.0,0.0,0.0,0.3556547619047611,-1.1904761904869788e-06
0.014880952380950746,0.0,0.0,-0.14880952380952317,0.0,0.0833333333333281,0.0,0.0,0.0,-0.0997023809523806,0.0,0.0,0.0,0.6949404761904707,-0.6622023809523805,0.0,0.0,-1.1904761904905347e-06
0.01488095238095205,0.0,0.0,-0.1488095238095235,0.0,0.08333333333332898,0.0,0.0,0.0,-0.09970238095238118,0.0,0.0,0.0,0.6949404761904712,0.0,0.30654761904761774,0.0,-1.190476190488107e-06
0.014880952380950774,0.0,0.0,-0.14880952380952284,0.0,0.08333333333332799,0.0,0.0,0.0,-0.09970238095238096,0.0,0.0,0.0,0.6949404761904702,0.0,0.0,0.3556547619047596,-1.1904761904645308e-06
0.014880952380952106,0.0,0.0,-0.1488095238095225,0.0,0.08333333333332799,0.0,0.0,0.0,0.0,-0.7648809523809559,-1.1041666666666665,0.0,0.0,-0.6622023809523786,0.0,0.0,-1.1904761904931622e-06
0.014880952380952647,0.0,0.0,-0.14880952380952295,0.0,0.08333333333332865,0.0,0.0,0.0,0.0,-0.7648809523809559,-1.1041666666666663,0.0,0.0,0.0,0.3065476190476203,0.0,-1.1904761905096607e-06
0.014880952380950968,0.0,0.0,-0.14880952380952261,0.0,0.08333333333332837,0.0,0.0,0.0,0.0,-0.7648809523809563,-1.104166666666667,0.0,0.0,0.0,0.0,0.3556547619047598,-1.1904761905131742e-06
0.014880952380951953,0.0,0.0,-0.14880952380952361,0.0,0.08333333333332771,0.0,0.0,0.0,0.0,-0.7648809523809554,0.0,0.40922619047619047,0.0,-0.6622023809523807,0.0,0.0,-1.1904761904956897e-06
0.014880952380951731,0.0,0.0,-0.1488095238095224,0.0,0.08333333333332837,0.0,0.0,0.0,0.0,-0.7648809523809561,0.0,0.40922619047619,0.0,0.0,0.30654761904761857,0.0,-1.1904761905016054e-06
0.014880952380951912,0.0,0.0,-0.14880952380952284,0.0,0.08333333333332771,0.0,0.0,0.0,0.0,-0.7648809523809573,0.0,0.4092261904761899,0.0,0.0,0.0,0.35565476190475886,-1.1904761904666788e-06
0.014880952380952134,0.0,0.0,-0.14880952380952384,0.0,0.08333333333332904,0.0,0.0,0.0,0.0,-0.764880952380956,0.0,0.0,0.6949404761904723,-0.6622023809523803,0.0,0.0,-1.1904761904813156e-06
0.01488095238095219,0.0,0.0,-0.14880952380952372,0.0,0.08333333333332821,0.0,0.0,0.0,0.0,-0.764880952380957,0.0,0.0,0.6949404761904729,0.0,0.3065476190476191,0.0,-1.1904761904851154e-06
0.014880952380951704,0.0,0.0,-0.14880952380952261,0.0,0.08333333333332876,0.0,0.0,0.0,0.0,-0.7648809523809558,0.0,0.0,0.6949404761904725,0.0,0.0,0.35565476190476153,-1.1904761904887983e-06
0.014880952380952217,0.0,0.0,-0.14880952380952295,0.0,0.0,0.33779761904760885,0.0,0.8645833333333311,0.0,0.0,-1.1041666666666672,0.0,0.0,-0.6622023809523794,0.0,0.0,-1.190476190502261e-06
0.014880952380953202,0.0,0.0,-0.14880952380952195,0.0,0.0,0.3377976190476094,0.0,0.8645833333333306,0.0,0.0,-1.1041666666666679,0.0,0.0,0.0,0.30654761904762,0.0,-1.190476190479164e-06
0.014880952380952273,0.0,0.0,-0.1488095238095225,0.0,0.0,0.3377976190476093,0.0,0.8645833333333309,0.0,0.0,-1.1041666666666672,0.0,0.0,0.0,0.0,0.35565476190475903,-1.1904761904518388e-06
0.014880952380951717,0.0,0.0,-0.14880952380952295,0.0,0.0,0.3377976190476102,0.0,0.8645833333333302,0.0,0.0,0.0,0.40922619047618947,0.0,-0.6622023809523805,0.0,0.0,-1.1904761904597501e-06
0.014880952380951759,0.0,0.0,-0.14880952380952428,0.0,0.0,0.33779761904760874,0.0,0.8645833333333304,0.0,0.0,0.0,0.40922619047618947,0.0,0.0,0.306547619047619,0.0,-1.1904761904894674e-06
0.014880952380951579,0.0,0.0,-0.14880952380952295,0.0,0.0,0.3377976190476101,0.0,0.8645833333333303,0.0,0.0,0.0,0.40922619047618836,0.0,0.0,0.0,0.35565476190476203,-1.1904761904769957e-06
0.014880952380952286,0.0,0.0,-0.14880952380952328,0.0,0.0,0.33779761904760897,0.0,0.8645833333333307,0.0,0.0,0.0,0.0,0.6949404761904745,-0.6622023809523788,0.0,0.0,-1.1904761904290536e-06
0.01488095238095194,0.0,0.0,-0.14880952380952195,0.0,0.0,0.33779761904761085,0.0,0.8645833333333307,0.0,0.0,0.0,0.0,0.6949404761904747,0.0,0.30654761904761874,0.0,-1.1904761904585812e-06
0.014880952380952328,0.0,0.0,-0.14880952380952284,0.0,0.0,0.3377976190476104,0.0,0.8645833333333304,0.0,0.0,0.0,0.0,0.694940476190475,0.0,0.0,0.3556547619047616,-1.190476190494409e-06
0.014880952380951745,0.0,0.0,-0.1488095238095234,0.0,0.0,0.3377976190476102,0.0,0.0,-0.09970238095238064,0.0,-1.104166666666667,0.0,0.0,-0.6622023809523796,0.0,0.0,-1.1904761904612765e-06
0.014880952380951162,0.0,0.0,-0.14880952380952273,0.0,0.0,0.33779761904760874,0.0,0.0,-0.09970238095238215,0.0,-1.1041666666666665,0.0,0.0,0.0,0.30654761904761907,0.0,-1.1904761904749272e-06
0.014880952380952134,0.0,0.0,-0.14880952380952195,0.0,0.0,0.3377976190476103,0.0,0.0,-0.09970238095238136,0.0,-1.1041666666666663,0.0,0.0,0.0,0.0,0.35565476190475975,-1.1904761904948562e-06
0.014880952380952286,0.0,0.0,-0.1488095238095234,0.0,0.0,0.33779761904760996,0.0,0.0,-0.09970238095238138,0.0,0.0,0.40922619047618913,0.0,-0.6622023809523803,0.0,0.0,-1.1904761904822033e-06
0.014880952380952092,0.0,0.0,-0.14880952380952317,0.0,0.0,0.3377976190476093,0.0,0.0,-0.09970238095238132,0.0,0.0,0.4092261904761896,0.0,0.0,0.30654761904762007,0.0,-1.1904761904771956e-06
0.014880952380952411,0.0,0.0,-0.1488095238095225,0.0,0.0,0.3377976190476094,0.0,0.0,-0.09970238095238117,0.0,0.0,0.4092261904761886,0.0,0.0,0.0,0.3556547619047619,-1.190476190477421e-06
0.01488095238095248,0.0,0.0,-0.14880952380952306,0.0,0.0,0.33779761904760897,0.0,0.0,-0.09970238095238156,0.0,0.0,0.0,0.6949404761904725,-0.6622023809523799,0.0,0.0,-1.190476190492283e-06
0.014880952380952162,0.0,0.0,-0.14880952380952273,0.0,0.0,0.3377976190476091,0.0,0.0,-0.09970238095238115,0.0,0.0,0.0,0.6949404761904726,0.0,0.3065476190476188,0.0,-1.1904761904996792e-06
0.014880952380951926,0.0,0.0,-0.14880952380952273,0.0,0.0,0.33779761904761085,0.0,0.0,-0.09970238095238165,0.0,0.0,0.0,0.6949404761904733,0.0,0.0,0.3556547619047595,-1.1904761904929945e-06
0.014880952380951856,0.0,0.0,-0.14880952380952406,0.0,0.0,0.33779761904760996,0.0,0.0,0.0,-0.7648809523809518,-1.104166666666667,0.0,0.0,-0.6622023809523795,0.0,0.0,-1.1904761904790946e-06
0.014880952380952134,0.0,0.0,-0.14880952380952284,0.0,0.0,0.3377976190476092,0.0,0.0,0.0,-0.7648809523809513,-1.104166666666668,0.0,0.0,0.0,0.3065476190476184,0.0,-1.1904761904537006e-06
0.014880952380952134,0.0,0.0,-0.14880952380952328,0.0,0.0,0.3377976190476102,0.0,0.0,0.0,-0.7648809523809521,-1.1041666666666665,0.0,0.0,0.0,0.0,0.3556547619047602,-1.1904761904724082e-06
0.014880952380951662,0.0,0.0,-0.14880952380952295,0.0,0.0,0.33779761904760985,0.0,0.0,0.0,-0.7648809523809514,0.0,0.4092261904761899,0.0,-0.6622023809523798,0.0,0.0,-1.1904761904857049e-06
0.014880952380952259,0.0,0.0,-0.14880952380952206,0.0,0.0,0.3377976190476085,0.0,0.0,0.0,-0.7648809523809522,0.0,0.4092261904761906,0.0,0.0,0.3065476190476187,0.0,-1.1904761905076837e-06
0.014880952380951593,0.0,0.0,-0.14880952380952361,0.0,0.0,0.3377976190476104,0.0,0.0,0.0,-0.7648809523809512,0.0,0.40922619047619113,0.0,0.0,0.0,0.3556547619047605,-1.1904761904529738e-06
0.014880952380952814,0.0,0.0,-0.14880952380952317,0.0,0.0,0.3377976190476101,0.0,0.0,0.0,-0.7648809523809514,0.0,0.0,0.6949404761904733,-0.6622023809523785,0.0,0.0,-1.1904761904474664e-06
0.01488095238095169,0.0,0.0,-0.14880952380952361,0.0,0.0,0.3377976190476095,0.0,0.0,0.0,-0.764880952380953,0.0,0.0,0.6949404761904729,0.0,0.30654761904761896,0.0,-1.190476190527523e-06
0.014880952380951246,0.0,0.0,-0.14880952380952317,0.0,0.0,0.33779761904760996,0.0,0.0,0.0,-0.7648809523809522,0.0,0.0,0.6949404761904735,0.0,0.0,0.35565476190476114,-1.1904761904896504e-06
0.014880952380951246,0.0,0.0,-0.1488095238095225,0.0,0.0,0.0,-0.4211309523809575,0.8645833333333285,0.0,0.0,-1.1041666666666676,0.0,0.0,-0.6622023809523794,0.0,0.0,-1.1904761904873515e-06
0.014880952380952647,0.0,0.0,-0.14880952380952261,0.0,0.0,0.0,-0.42113095238095544,0.8645833333333293,0.0,0.0,-1.104166666666667,0.0,0.0,0.0,0.3065476190476186,0.0,-1.1904761904994268e-06
0.014880952380952384,0.0,0.0,-0.14880952380952273,0.0,0.0,0.0,-0.42113095238095605,0.864583333333329,0.0,0.0,-1.104166666666667,0.0,0.0,0.0,0.0,0.35565476190475986,-1.1904761905060879e-06
0.014880952380951634,0.0,0.0,-0.14880952380952273,0.0,0.0,0.0,-0.4211309523809569,0.864583333333328,0.0,0.0,0.0,0.40922619047618913,0.0,-0.6622023809523806,0.0,0.0,-1.190476190492698e-06
0.014880952380952994,0.0,0.0,-0.14880952380952306,0.0,0.0,0.0,-0.4211309523809557,0.8645833333333279,0.0,0.0,0.0,0.40922619047619013,0.0,0.0,0.30654761904762085,0.0,-1.1904761904737058e-06
0.014880952380952092,0.0,0.0,-0.14880952380952284,0.0,0.0,0.0,-0.42113095238095594,0.8645833333333288,0.0,0.0,0.0,0.4092261904761899,0.0,0.0,0.0,0.35565476190476186,-1.190476190499576e-06
0.014880952380951842,0.0,0.0,-0.14880952380952261,0.0,0.0,0.0,-0.4211309523809572,0.8645833333333286,0.0,0.0,0.0,0.0,0.6949404761904717,-0.6622023809523795,0.0,0.0,-1.1904761904905804e-06
0.014880952380952064,0.0,0.0,-0.1488095238095235,0.0,0.0,0.0,-0.42113095238095655,0.8645833333333289,0.0,0.0,0.0,0.0,0.6949404761904702,0.0,0.3065476190476192,0.0,-1.190476190451844e-06
0.014880952380952397,0.0,0.0,-0.14880952380952317,0.0,0.0,0.0,-0.4211309523809565,0.864583333333329,0.0,0.0,0.0,0.0,0.6949404761904714,0.0,0.0,0.3556547619047617,-1.1904761904972686e-06
0.014880952380952134,0.0,0.0,-0.14880952380952217,0.0,0.0,0.0,-0.42113095238095694,0.0,-0.09970238095238143,0.0,-1.1041666666666672,0.0,0.0,-0.66220238095238,0.0,0.0,-1.1904761904678562e-06
0.014880952380952078,0.0,0.0,-0.14880952380952295,0.0,0.0,0.0,-0.421130952380956,0.0,-0.09970238095238132,0.0,-1.104166666666667,0.0,0.0,0.0,0.30654761904761907,0.0,-1.19047619049591e-06
0.014880952380952564,0.0,0.0,-0.1488095238095234,0.0,0.0,0.0,-0.42113095238095666,0.0,-0.09970238095238079,0.0,-1.1041666666666667,0.0,0.0,0.0,0.0,0.35565476190476003,-1.1904761905081733e-06
0.014880952380951731,0.0,0.0,-0.14880952380952206,0.0,0.0,0.0,-0.42113095238095655,0.0,-0.09970238095238151,0.0,0.0,0.4092261904761908,0.0,-0.662202380952379,0.0,0.0,-1.1904761904821914e-06
0.014880952380952328,0.0,0.0,-0.1488095238095225,0.0,0.0,0.0,-0.42113095238095727,0.0,-0.09970238095238085,0.0,0.0,0.4092261904761899,0.0,0.0,0.30654761904761885,0.0,-1.1904761904830435e-06
0.014880952380951273,0.0,0.0,-0.14880952380952228,0.0,0.0,0.0,-0.42113095238095655,0.0,-0.09970238095238126,0.0,0.0,0.4092261904761898,0.0,0.0,0.0,0.35565476190476164,-1.1904761904982596e-06
0.01488095238095194,0.0,0.0,-0.1488095238095225,0.0,0.0,0.0,-0.4211309523809561,0.0,-0.09970238095237996,0.0,0.0,0.0,0.6949404761904738,-0.6622023809523807,0.0,0.0,-1.1904761905028963e-06
0.0148809523809528,0.0,0.0,-0.1488095238095224,0.0,0.0,0.0,-0.4211309523809554,0.0,-0.09970238095238115,0.0,0.0,0.0,0.6949404761904736,0.0,0.3065476190476189,0.0,-1.1904761904808057e-06
0.014880952380951953,0.0,0.0,-0.14880952380952184,0.0,0.0,0.0,-0.4211309523809571,0.0,-0.09970238095238096,0.0,0.0,0.0,0.6949404761904733,0.0,0.0,0.35565476190476236,-1.1904761904914918e-06
0.01488095238095205,0.0,0.0,-0.1488095238095224,0.0,0.0,0.0,-0.4211309523809565,0.0,0.0,-0.7648809523809545,-1.104166666666667,0.0,0.0,-0.6622023809523812,0.0,0.0,-1.1904761904592893e-06
0.014880952380952009,0.0,0.0,-0.14880952380952261,0.0,0.0,0.0,-0.42113095238095555,0.0,0.0,-0.7648809523809561,-1.1041666666666679,0.0,0.0,0.0,0.30654761904761935,0.0,-1.1904761905086832e-06
0.014880952380952397,0.0,0.0,-0.14880952380952228,0.0,0.0,0.0,-0.4211309523809549,0.0,0.0,-0.7648809523809552,-1.1041666666666667,0.0,0.0,0.0,0.0,0.3556547619047616,-1.19047619049725e-06
0.014880952380951412,0.0,0.0,-0.14880952380952284,0.0,0.0,0.0,-0.42113095238095666,0.0,0.0,-0.7648809523809548,0.0,0.40922619047619024,0.0,-0.6622023809523809,0.0,0.0,-1.1904761904862622e-06
0.014880952380952273,0.0,0.0,-0.1488095238095235,0.0,0.0,0.0,-0.4211309523809558,0.0,0.0,-0.764880952380955,0.0,0.4092261904761898,0.0,0.0,0.3065476190476186,0.0,-1.1904761904831706e-06
0.014880952380952064,0.0,0.0,-0.1488095238095224,0.0,0.0,0.0,-0.421130952380956,0.0,0.0,-0.7648809523809549,0.0,0.40922619047619146,0.0,0.0,0.0,0.3556547619047611,-1.1904761904728097e-06
0.014880952380952411,0.0,0.0,-0.14880952380952284,0.0,0.0,0.0,-0.4211309523809557,0.0,0.0,-0.7648809523809552,0.0,0.0,0.6949404761904734,-0.6622023809523807,0.0,0.0,-1.1904761904922e-06
0.014880952380951828,0.0,0.0,-0.1488095238095224,0.0,0.0,0.0,-0.4211309523809563,0.0,0.0,-0.7648809523809561,0.0,0.0,0.6949404761904734,0.0,0.30654761904761973,0.0,-1.1904761904965418e-06
0.014880952380951745,0.0,0.0,-0.14880952380952306,0.0,0.0,0.0,-0.42113095238095744,0.0,0.0,-0.764880952380955,0.0,0.0,0.6949404761904727,0.0,0.0,0.35565476190475837,-1.1904761905151257e-06
0.014880952380952328,0.0,0.0,0.0,0.6502976190476193,0.0833333333333321,0.0,0.0,0.864583333333331,0.0,0.0,-1.1041666666666667,0.0,0.0,-0.6622023809523807,0.0,0.0,-1.1904761904827301e-06
0.014880952380951759,0.0,0.0,0.0,0.6502976190476182,0.08333333333333065,0.0,0.0,0.8645833333333308,0.0,0.0,-1.1041666666666674,0.0,0.0,0.0,0.3065476190476187,0.0,-1.1904761904659724e-06
0.014880952380950926,0.0,0.0,0.0,0.6502976190476182,0.08333333333333232,0.0,0.0,0.8645833333333307,0.0,0.0,-1.1041666666666674,0.0,0.0,0.0,0.0,0.35565476190476075,-1.190476190469186e-06
0.01488095238095151,0.0,0.0,0.0,0.6502976190476173,0.08333333333333082,0.0,0.0,0.8645833333333315,0.0,0.0,0.0,0.4092261904761908,0.0,-0.66220238095238,0.0,0.0,-1.1904761904808616e-06
0.014880952380951024,0.0,0.0,0.0,0.6502976190476184,0.08333333333333093,0.0,0.0,0.8645833333333317,0.0,0.0,0.0,0.40922619047619035,0.0,0.0,0.3065476190476194,0.0,-1.1904761905040482e-06
0.014880952380951329,0.0,0.0,0.0,0.6502976190476195,0.08333333333333148,0.0,0.0,0.8645833333333304,0.0,0.0,0.0,0.40922619047618936,0.0,0.0,0.0,0.35565476190475864,-1.1904761905082766e-06
0.014880952380952245,0.0,0.0,0.0,0.6502976190476186,0.08333333333333143,0.0,0.0,0.8645833333333304,0.0,0.0,0.0,0.0,0.6949404761904748,-0.6622023809523787,0.0,0.0,-1.1904761904783814e-06
0.014880952380951828,0.0,0.0,0.0,0.6502976190476191,0.08333333333333187,0.0,0.0,0.8645833333333304,0.0,0.0,0.0,0.0,0.6949404761904742,0.0,0.3065476190476189,0.0,-1.1904761904718847e-06
0.014880952380951967,0.0,0.0,0.0,0.6502976190476183,0.0833333333333322,0.0,0.0,0.86458333333333,0.0,0.0,0.0,0.0,0.6949404761904745,0.0,0.0,0.3556547619047623,-1.1904761905006008e-06
0.014880952380951551,0.0,0.0,0.0,0.6502976190476191,0.08333333333333215,0.0,0.0,0.0,-0.09970238095238185,0.0,-1.1041666666666674,0.0,0.0,-0.6622023809523809,0.0,0.0,-1.1904761904805126e-06
0.014880952380951717,0.0,0.0,0.0,0.6502976190476184,0.08333333333333148,0.0,0.0,0.0,-0.09970238095238088,0.0,-1.1041666666666665,0.0,0.0,0.0,0.3065476190476195,0.0,-1.1904761905147497e-06
0.014880952380952425,0.0,0.0,0.0,0.6502976190476192,0.08333333333333104,0.0,0.0,0.0,-0.09970238095238149,0.0,-1.1041666666666672,0.0,0.0,0.0,0.0,0.3556547619047617,-1.1904761904955677e-06
0.014880952380952411,0.0,0.0,0.0,0.6502976190476193,0.08333333333333232,0.0,0.0,0.0,-0.09970238095238125,0.0,0.0,0.40922619047618947,0.0,-0.6622023809523807,0.0,0.0,-1.1904761904835094e-06
0.014880952380952245,0.0,0.0,0.0,0.6502976190476184,0.08333333333333182,0.0,0.0,0.0,-0.09970238095238179,0.0,0.0,0.4092261904761897,0.0,0.0,0.3065476190476193,0.0,-1.1904761904790896e-06
0.01488095238095205,0.0,0.0,0.0,0.6502976190476194,0.08333333333333143,0.0,0.0,0.0,-0.09970238095238247,0.0,0.0,0.4092261904761898,0.0,0.0,0.0,0.3556547619047606,-1.1904761904816239e-06
0.014880952380951329,0.0,0.0,0.0,0.650297619047618,0.08333333333333176,0.0,0.0,0.0,-0.09970238095238108,0.0,0.0,0.0,0.694940476190474,-0.6622023809523797,0.0,0.0,-1.1904761904700636e-06
0.01488095238095237,0.0,0.0,0.0,0.6502976190476187,0.08333333333333093,0.0,0.0,0.0,-0.09970238095238182,0.0,0.0,0.0,0.6949404761904728,0.0,0.3065476190476185,0.0,-1.1904761904968264e-06
0.014880952380952606,0.0,0.0,0.0,0.6502976190476195,0.08333333333333226,0.0,0.0,0.0,-0.0997023809523808,0.0,0.0,0.0,0.6949404761904734,0.0,0.0,0.35565476190475925,-1.1904761904830977e-06
0.014880952380952384,0.0,0.0,0.0,0.6502976190476191,0.08333333333333115,0.0,0.0,0.0,0.0,-0.7648809523809577,-1.1041666666666665,0.0,0.0,-0.6622023809523797,0.0,0.0,-1.1904761904719643e-06
0.014880952380952037,0.0,0.0,0.0,0.6502976190476177,0.08333333333333098,0.0,0.0,0.0,0.0,-0.7648809523809585,-1.1041666666666665,0.0,0.0,0.0,0.30654761904761885,0.0,-1.190476190484043e-06
0.014880952380952411,0.0,0.0,0.0,0.6502976190476181,0.08333333333333137,0.0,0.0,0.0,0.0,-0.7648809523809579,-1.1041666666666667,0.0,0.0,0.0,0.0,0.35565476190475953,-1.190476190479164e-06
0.01488095238095169,0.0,0.0,0.0,0.6502976190476182,0.08333333333333193,0.0,0.0,0.0,0.0,-0.7648809523809581,0.0,0.4092261904761906,0.0,-0.6622023809523807,0.0,0.0,-1.1904761904932147e-06
0.014880952380951357,0.0,0.0,0.0,0.6502976190476195,0.08333333333333087,0.0,0.0,0.0,0.0,-0.7648809523809579,0.0,0.40922619047619024,0.0,0.0,0.3065476190476191,0.0,-1.190476190454114e-06
0.014880952380951606,0.0,0.0,0.0,0.650297619047618,0.08333333333333054,0.0,0.0,0.0,0.0,-0.7648809523809581,0.0,0.4092261904761898,0.0,0.0,0.0,0.3556547619047616,-1.1904761904842327e-06
0.0148809523809523,0.0,0.0,0.0,0.6502976190476177,0.0833333333333302,0.0,0.0,0.0,0.0,-0.7648809523809577,0.0,0.0,0.6949404761904725,-0.6622023809523806,0.0,0.0,-1.1904761904780884e-06
0.014880952380951495,0.0,0.0,0.0,0.650297619047618,0.08333333333333126,0.0,0.0,0.0,0.0,-0.7648809523809581,0.0,0.0,0.6949404761904712,0.0,0.30654761904761857,0.0,-1.1904761904914732e-06
0.014880952380950926,0.0,0.0,0.0,0.6502976190476194,0.08333333333333104,0.0,0.0,0.0,0.0,-0.764880952380959,0.0,0.0,0.6949404761904721,0.0,0.0,0.3556547619047595,-1.1904761904917442e-06
0.014880952380952245,0.0,0.0,0.0,0.650297619047619,0.0,0.3377976190476072,0.0,0.8645833333333308,0.0,0.0,-1.1041666666666656,0.0,0.0,-0.662202380952381,0.0,0.0,-1.190476190489796e-06
0.014880952380952592,0.0,0.0,0.0,0.6502976190476181,0.0,0.3377976190476071,0.0,0.8645833333333313,0.0,0.0,-1.1041666666666665,0.0,0.0,0.0,0.3065476190476192,0.0,-1.1904761904701042e-06
0.01488095238095219,0.0,0.0,0.0,0.6502976190476185,0.0,0.33779761904760786,0.0,0.8645833333333308,0.0,0.0,-1.1041666666666659,0.0,0.0,0.0,0.0,0.35565476190476,-1.190476190474021e-06
0.01488095238095187,0.0,0.0,0.0,0.6502976190476184,0.0,0.3377976190476083,0.0,0.8645833333333319,0.0,0.0,0.0,0.4092261904761899,0.0,-0.6622023809523798,0.0,0.0,-1.1904761904513001e-06
0.01488095238095205,0.0,0.0,0.0,0.6502976190476184,0.0,0.33779761904760786,0.0,0.8645833333333305,0.0,0.0,0.0,0.4092261904761887,0.0,0.0,0.30654761904761935,0.0,-1.1904761904808548e-06
0.014880952380952578,0.0,0.0,0.0,0.6502976190476184,0.0,0.3377976190476084,0.0,0.8645833333333314,0.0,0.0,0.0,0.4092261904761896,0.0,0.0,0.0,0.3556547619047598,-1.1904761905007872e-06
0.014880952380951773,0.0,0.0,0.0,0.6502976190476186,0.0,0.33779761904760763,0.0,0.8645833333333308,0.0,0.0,0.0,0.0,0.6949404761904716,-0.6622023809523805,0.0,0.0,-1.1904761904754744e-06
0.014880952380953133,0.0,0.0,0.0,0.6502976190476193,0.0,0.3377976190476074,0.0,0.8645833333333321,0.0,0.0,0.0,0.0,0.6949404761904728,0.0,0.30654761904762007,0.0,-1.1904761904735517e-06
0.014880952380952661,0.0,0.0,0.0,0.6502976190476188,0.0,0.3377976190476074,0.0,0.8645833333333315,0.0,0.0,0.0,0.0,0.6949404761904726,0.0,0.0,0.35565476190476025,-1.1904761905100283e-06
0.014880952380951606,0.0,0.0,0.0,0.6502976190476191,0.0,0.33779761904760774,0.0,0.0,-0.09970238095238074,0.0,-1.1041666666666665,0.0,0.0,-0.6622023809523812,0.0,0.0,-1.1904761904951984e-06
0.014880952380952356,0.0,0.0,0.0,0.650297619047619,0.0,0.3377976190476092,0.0,0.0,-0.09970238095238021,0.0,-1.1041666666666674,0.0,0.0,0.0,0.30654761904761935,0.0,-1.1904761904820796e-06
0.0148809523809518,0.0,0.0,0.0,0.6502976190476173,0.0,0.33779761904760763,0.0,0.0,-0.09970238095238135,0.0,-1.1041666666666674,0.0,0.0,0.0,0.0,0.35565476190475925,-1.1904761904614543e-06
0.014880952380952245,0.0,0.0,0.0,0.6502976190476184,0.0,0.33779761904760797,0.0,0.0,-0.0997023809523803,0.0,0.0,0.4092261904761909,0.0,-0.6622023809523785,0.0,0.0,-1.1904761904968281e-06
0.014880952380951495,0.0,0.0,0.0,0.6502976190476182,0.0,0.3377976190476081,0.0,0.0,-0.09970238095238157,0.0,0.0,0.4092261904761898,0.0,0.0,0.3065476190476191,0.0,-1.1904761904923168e-06
0.014880952380951343,0.0,0.0,0.0,0.6502976190476185,0.0,0.33779761904760797,0.0,0.0,-0.0997023809523809,0.0,0.0,0.4092261904761899,0.0,0.0,0.0,0.35565476190475853,-1.1904761904832942e-06
0.014880952380951745,0.0,0.0,0.0,0.6502976190476188,0.0,0.33779761904760786,0.0,0.0,-0.09970238095238096,0.0,0.0,0.0,0.6949404761904754,-0.66220238095238,0.0,0.0,-1.1904761905196879e-06
0.01488095238095083,0.0,0.0,0.0,0.6502976190476188,0.0,0.3377976190476075,0.0,0.0,-0.09970238095238093,0.0,0.0,0.0,0.6949404761904758,0.0,0.30654761904761874,0.0,-1.190476190462037e-06
0.014880952380951815,0.0,0.0,0.0,0.6502976190476188,0.0,0.33779761904760774,0.0,0.0,-0.09970238095238063,0.0,0.0,0.0,0.6949404761904755,0.0,0.0,0.35565476190476036,-1.190476190492598e-06
0.014880952380951717,0.0,0.0,0.0,0.6502976190476177,0.0,0.33779761904760697,0.0,0.0,0.0,-0.7648809523809573,-1.104166666666667,0.0,0.0,-0.6622023809523794,0.0,0.0,-1.1904761904960658e-06
0.014880952380951731,0.0,0.0,0.0,0.6502976190476187,0.0,0.3377976190476084,0.0,0.0,0.0,-0.7648809523809565,-1.104166666666667,0.0,0.0,0.0,0.3065476190476194,0.0,-1.1904761904638464e-06
0.014880952380951523,0.0,0.0,0.0,0.6502976190476182,0.0,0.33779761904760874,0.0,0.0,0.0,-0.7648809523809569,-1.1041666666666667,0.0,0.0,0.0,0.0,0.3556547619047608,-1.1904761904948071e-06
0.014880952380951357,0.0,0.0,0.0,0.6502976190476182,0.0,0.33779761904760797,0.0,0.0,0.0,-0.764880952380958,0.0,0.40922619047618947,0.0,-0.6622023809523809,0.0,0.0,-1.1904761904362365e-06
0.014880952380951162,0.0,0.0,0.0,0.6502976190476181,0.0,0.33779761904760763,0.0,0.0,0.0,-0.7648809523809578,0.0,0.40922619047619035,0.0,0.0,0.30654761904761973,0.0,-1.1904761904693538e-06
0.014880952380951953,0.0,0.0,0.0,0.6502976190476186,0.0,0.33779761904760797,0.0,0.0,0.0,-0.7648809523809577,0.0,0.4092261904761896,0.0,0.0,0.0,0.35565476190475703,-1.1904761904727707e-06
0.014880952380951981,0.0,0.0,0.0,0.6502976190476182,0.0,0.3377976190476081,0.0,0.0,0.0,-0.764880952380957,0.0,0.0,0.6949404761904742,-0.6622023809523809,0.0,0.0,-1.190476190496784e-06
0.014880952380951301,0.0,0.0,0.0,0.6502976190476183,0.0,0.33779761904760786,0.0,0.0,0.0,-0.7648809523809568,0.0,0.0,0.6949404761904753,0.0,0.30654761904761874,0.0,-1.1904761904655726e-06
0.014880952380952037,0.0,0.0,0.0,0.6502976190476186,0.0,0.3377976190476083,0.0,0.0,0.0,-0.7648809523809577,0.0,0.0,0.6949404761904759,0.0,0.0,0.3556547619047592,-1.1904761904874074e-06
0.014880952380950926,0.0,0.0,0.0,0.6502976190476177,0.0,0.0,-0.42113095238095605,0.8645833333333319,0.0,0.0,-1.1041666666666665,0.0,0.0,-0.6622023809523793,0.0,0.0,-1.1904761905114123e-06
0.014880952380952162,0.0,0.0,0.0,0.6502976190476183,0.0,0.0,-0.42113095238095494,0.864583333333331,0.0,0.0,-1.1041666666666656,0.0,0.0,0.0,0.3065476190476184,0.0,-1.1904761904852577e-06
0.014880952380952037,0.0,0.0,0.0,0.6502976190476191,0.0,0.0,-0.4211309523809563,0.8645833333333311,0.0,0.0,-1.104166666666667,0.0,0.0,0.0,0.0,0.3556547619047624,-1.1904761904750933e-06
0.014880952380951967,0.0,0.0,0.0,0.6502976190476185,0.0,0.0,-0.4211309523809559,0.864583333333332,0.0,0.0,0.0,0.4092261904761887,0.0,-0.6622023809523783,0.0,0.0,-1.190476190451129e-06
0.014880952380950982,0.0,0.0,0.0,0.6502976190476196,0.0,0.0,-0.42113095238095655,0.8645833333333319,0.0,0.0,0.0,0.40922619047618913,0.0,0.0,0.3065476190476184,0.0,-1.1904761904962267e-06
0.014880952380951731,0.0,0.0,0.0,0.6502976190476186,0.0,0.0,-0.4211309523809559,0.8645833333333321,0.0,0.0,0.0,0.40922619047619,0.0,0.0,0.0,0.35565476190475925,-1.1904761904614103e-06
0.014880952380951495,0.0,0.0,0.0,0.6502976190476186,0.0,0.0,-0.4211309523809548,0.864583333333332,0.0,0.0,0.0,0.0,0.6949404761904704,-0.6622023809523794,0.0,0.0,-1.1904761904719745e-06
0.014880952380951662,0.0,0.0,0.0,0.6502976190476191,0.0,0.0,-0.42113095238095544,0.8645833333333317,0.0,0.0,0.0,0.0,0.694940476190471,0.0,0.3065476190476184,0.0,-1.1904761904495806e-06
0.014880952380952148,0.0,0.0,0.0,0.6502976190476186,0.0,0.0,-0.42113095238095644,0.8645833333333316,0.0,0.0,0.0,0.0,0.6949404761904714,0.0,0.0,0.3556547619047616,-1.1904761904915985e-06
0.01488095238095119,0.0,0.0,0.0,0.6502976190476182,0.0,0.0,-0.4211309523809559,0.0,-0.09970238095238054,0.0,-1.1041666666666674,0.0,0.0,-0.6622023809523807,0.0,0.0,-1.190476190495461e-06
0.014880952380951842,0.0,0.0,0.0,0.6502976190476182,0.0,0.0,-0.4211309523809552,0.0,-0.09970238095238079,0.0,-1.1041666666666665,0.0,0.0,0.0,0.30654761904761857,0.0,-1.1904761904651084e-06
0.014880952380951884,0.0,0.0,0.0,0.6502976190476177,0.0,0.0,-0.42113095238095566,0.0,-0.09970238095238086,0.0,-1.104166666666667,0.0,0.0,0.0,0.0,0.35565476190475903,-1.190476190495971e-06
0.014880952380951856,0.0,0.0,0.0,0.6502976190476182,0.0,0.0,-0.421130952380956,0.0,-0.09970238095238113,0.0,0.0,0.40922619047618913,0.0,-0.66220238095238,0.0,0.0,-1.1904761904694215e-06
0.014880952380951273,0.0,0.0,0.0,0.6502976190476182,0.0,0.0,-0.4211309523809551,0.0,-0.09970238095238046,0.0,0.0,0.40922619047618936,0.0,0.0,0.3065476190476195,0.0,-1.1904761904760436e-06
0.01488095238095162,0.0,0.0,0.0,0.6502976190476188,0.0,0.0,-0.42113095238095566,0.0,-0.09970238095238082,0.0,0.0,0.4092261904761896,0.0,0.0,0.0,0.3556547619047585,-1.1904761904741446e-06
0.014880952380951495,0.0,0.0,0.0,0.6502976190476187,0.0,0.0,-0.42113095238095544,0.0,-0.09970238095238025,0.0,0.0,0.0,0.6949404761904729,-0.6622023809523798,0.0,0.0,-1.1904761904804685e-06
0.014880952380951745,0.0,0.0,0.0,0.6502976190476191,0.0,0.0,-0.4211309523809551,0.0,-0.09970238095238079,0.0,0.0,0.0,0.6949404761904733,0.0,0.3065476190476185,0.0,-1.1904761904919526e-06
0.014880952380951482,0.0,0.0,0.0,0.6502976190476195,0.0,0.0,-0.42113095238095566,0.0,-0.09970238095238043,0.0,0.0,0.0,0.6949404761904736,0.0,0.0,0.3556547619047578,-1.190476190489342e-06
0.014880952380951051,0.0,0.0,0.0,0.6502976190476192,0.0,0.0,-0.42113095238095555,0.0,0.0,-0.7648809523809545,-1.1041666666666674,0.0,0.0,-0.66220238095238,0.0,0.0,-1.1904761905363964e-06
0.014880952380951787,0.0,0.0,0.0,0.6502976190476183,0.0,0.0,-0.42113095238095566,0.0,0.0,-0.7648809523809552,-1.1041666666666674,0.0,0.0,0.0,0.30654761904761907,0.0,-1.1904761904929386e-06
0.014880952380951301,0.0,0.0,0.0,0.6502976190476188,0.0,0.0,-0.42113095238095544,0.0,0.0,-0.7648809523809557,-1.1041666666666674,0.0,0.0,0.0,0.0,0.35565476190475914,-1.1904761905127947e-06
0.014880952380951357,0.0,0.0,0.0,0.6502976190476191,0.0,0.0,-0.4211309523809555,0.0,0.0,-0.7648809523809561,0.0,0.40922619047618947,0.0,-0.6622023809523803,0.0,0.0,-1.1904761904628977e-06
0.014880952380951273,0.0,0.0,0.0,0.6502976190476186,0.0,0.0,-0.4211309523809557,0.0,0.0,-0.7648809523809551,0.0,0.4092261904761898,0.0,0.0,0.3065476190476182,0.0,-1.1904761904759877e-06
0.014880952380951273,0.0,0.0,0.0,0.6502976190476184,0.0,0.0,-0.421130952380956,0.0,0.0,-0.7648809523809557,0.0,0.4092261904761898,0.0,0.0,0.0,0.3556547619047593,-1.1904761904903568e-06
0.01488095238095151,0.0,0.0,0.0,0.6502976190476175,0.0,0.0,-0.42113095238095627,0.0,0.0,-0.7648809523809552,0.0,0.0,0.6949404761904728,-0.6622023809523794,0.0,0.0,-1.1904761904824641e-06
0.01488095238095212,0.0,0.0,0.0,0.6502976190476182,0.0,0.0,-0.4211309523809559,0.0,0.0,-0.7648809523809559,0.0,0.0,0.6949404761904716,0.0,0.3065476190476188,0.0,-1.1904761904834111e-06
0.014880952380952162,0.0,0.0,0.0,0.6502976190476181,0.0,0.0,-0.4211309523809555,0.0,0.0,-0.7648809523809557,0.0,0.0,0.6949404761904727,0.0,0.0,0.3556547619047597,-1.190476190477553e-06
0.0,-0.014880952380952592,-0.5014880952380956,0.0,0.0,0.08333333333333193,0.0,0.0,0.8645833333333319,0.0,0.0,-1.1041666666666659,0.0,0.0,-0.6622023809523792,0.0,0.0,-1.1904761905022932e-06
0.0,-0.01488095238095316,-0.5014880952380952,0.0,0.0,0.0833333333333316,0.0,0.0,0.8645833333333314,0.0,0.0,-1.1041666666666665,0.0,0.0,0.0,0.30654761904761885,0.0,-1.1904761905125152e-06
0.0,-0.014880952380952772,-0.5014880952380949,0.0,0.0,0.0833333333333321,0.0,0.0,0.8645833333333313,0.0,0.0,-1.1041666666666665,0.0,0.0,0.0,0.0,0.3556547619047602,-1.1904761904866265e-06
0.0,-0.01488095238095237,-0.5014880952380958,0.0,0.0,0.0833333333333326,0.0,0.0,0.8645833333333321,0.0,0.0,0.0,0.409226190476191,0.0,-0.66220238095238,0.0,0.0,-1.1904761905066554e-06
0.0,-0.014880952380953993,-0.5014880952380953,0.0,0.0,0.0833333333333316,0.0,0.0,0.8645833333333319,0.0,0.0,0.0,0.40922619047618913,0.0,0.0,0.3065476190476191,0.0,-1.190476190469972e-06
0.0,-0.014880952380953105,-0.501488095238095,0.0,0.0,0.08333333333333104,0.0,0.0,0.8645833333333326,0.0,0.0,0.0,0.40922619047619024,0.0,0.0,0.0,0.3556547619047605,-1.1904761904811038e-06
0.0,-0.01488095238095137,-0.5014880952380947,0.0,0.0,0.08333333333333198,0.0,0.0,0.8645833333333337,0.0,0.0,0.0,0.0,0.6949404761904725,-0.6622023809523797,0.0,0.0,-1.1904761905202503e-06
0.0,-0.014880952380953077,-0.5014880952380956,0.0,0.0,0.08333333333333148,0.0,0.0,0.8645833333333324,0.0,0.0,0.0,0.0,0.6949404761904722,0.0,0.30654761904761885,0.0,-1.1904761905119477e-06
0.0,-0.014880952380952939,-0.5014880952380941,0.0,0.0,0.08333333333333126,0.0,0.0,0.8645833333333318,0.0,0.0,0.0,0.0,0.6949404761904721,0.0,0.0,0.35565476190476036,-1.1904761904521336e-06
0.0,-0.014880952380952106,-0.5014880952380958,0.0,0.0,0.08333333333333248,0.0,0.0,0.0,-0.09970238095238027,0.0,-1.1041666666666659,0.0,0.0,-0.6622023809523789,0.0,0.0,-1.1904761905094286e-06
0.0,-0.014880952380952148,-0.5014880952380949,0.0,0.0,0.0833333333333321,0.0,0.0,0.0,-0.09970238095238074,0.0,-1.1041666666666656,0.0,0.0,0.0,0.3065476190476202,0.0,-1.1904761904835822e-06
0.0,-0.014880952380951842,-0.5014880952380958,0.0,0.0,0.08333333333333237,0.0,0.0,0.0,-0.09970238095238004,0.0,-1.1041666666666665,0.0,0.0,0.0,0.0,0.3556547619047588,-1.190476190479342e-06
0.0,-0.0148809523809528,-0.5014880952380951,0.0,0.0,0.08333333333333182,0.0,0.0,0.0,-0.09970238095238063,0.0,0.0,0.4092261904761916,0.0,-0.6622023809523812,0.0,0.0,-1.1904761904692538e-06
0.0,-0.01488095238095316,-0.5014880952380949,0.0,0.0,0.08333333333333165,0.0,0.0,0.0,-0.09970238095238078,0.0,0.0,0.4092261904761909,0.0,0.0,0.3065476190476196,0.0,-1.1904761905021153e-06
0.0,-0.01488095238095219,-0.5014880952380949,0.0,0.0,0.0833333333333321,0.0,0.0,0.0,-0.09970238095238106,0.0,0.0,0.409226190476191,0.0,0.0,0.0,0.355654761904759,-1.1904761905046225e-06
0.0,-0.014880952380952828,-0.5014880952380958,0.0,0.0,0.08333333333333093,0.0,0.0,0.0,-0.09970238095238054,0.0,0.0,0.0,0.6949404761904715,-0.6622023809523796,0.0,0.0,-1.1904761905076244e-06
0.0,-0.014880952380952162,-0.5014880952380953,0.0,0.0,0.0833333333333322,0.0,0.0,0.0,-0.09970238095238121,0.0,0.0,0.0,0.6949404761904723,0.0,0.30654761904762007,0.0,-1.1904761905026337e-06
0.0,-0.014880952380951815,-0.5014880952380946,0.0,0.0,0.0833333333333321,0.0,0.0,0.0,-0.09970238095237935,0.0,0.0,0.0,0.694940476190473,0.0,0.0,0.35565476190475936,-1.190476190480067e-06
0.0,-0.014880952380952148,-0.5014880952380947,0.0,0.0,0.08333333333333237,0.0,0.0,0.0,0.0,-0.7648809523809588,-1.1041666666666667,0.0,0.0,-0.6622023809523796,0.0,0.0,-1.1904761905209753e-06
0.0,-0.014880952380952675,-0.5014880952380957,0.0,0.0,0.0833333333333316,0.0,0.0,0.0,0.0,-0.7648809523809583,-1.104166666666667,0.0,0.0,0.0,0.3065476190476189,0.0,-1.1904761904953475e-06
0.0,-0.0148809523809518,-0.5014880952380955,0.0,0.0,0.08333333333333104,0.0,0.0,0.0,0.0,-0.7648809523809572,-1.1041666666666672,0.0,0.0,0.0,0.0,0.35565476190475925,-1.1904761905140974e-06
0.0,-0.014880952380953133,-0.5014880952380953,0.0,0.0,0.0833333333333326,0.0,0.0,0.0,0.0,-0.7648809523809583,0.0,0.4092261904761908,0.0,-0.6622023809523803,0.0,0.0,-1.1904761904829486e-06
0.0,-0.014880952380952758,-0.5014880952380956,0.0,0.0,0.08333333333333226,0.0,0.0,0.0,0.0,-0.7648809523809581,0.0,0.40922619047619135,0.0,0.0,0.30654761904761885,0.0,-1.1904761905217614e-06
0.0,-0.014880952380953077,-0.5014880952380953,0.0,0.0,0.08333333333333182,0.0,0.0,0.0,0.0,-0.7648809523809585,0.0,0.40922619047619124,0.0,0.0,0.0,0.35565476190475853,-1.1904761904675479e-06
0.0,-0.01488095238095255,-0.5014880952380959,0.0,0.0,0.08333333333333243,0.0,0.0,0.0,0.0,-0.7648809523809579,0.0,0.0,0.6949404761904745,-0.6622023809523816,0.0,0.0,-1.190476190523242e-06
0.0,-0.014880952380952439,-0.5014880952380957,0.0,0.0,0.08333333333333148,0.0,0.0,0.0,0.0,-0.7648809523809583,0.0,0.0,0.6949404761904729,0.0,0.3065476190476184,0.0,-1.1904761904981478e-06
0.0,-0.014880952380953105,-0.5014880952380947,0.0,0.0,0.08333333333333204,0.0,0.0,0.0,0.0,-0.7648809523809581,0.0,0.0,0.6949404761904736,0.0,0.0,0.3556547619047613,-1.190476190523757e-06
0.0,-0.01488095238095305,-0.5014880952380949,0.0,0.0,0.0,0.33779761904760885,0.0,0.8645833333333295,0.0,0.0,-1.104166666666666,0.0,0.0,-0.6622023809523805,0.0,0.0,-1.190476190469352e-06
0.0,-0.0148809523809523,-0.5014880952380945,0.0,0.0,0.0,0.3377976190476105,0.0,0.8645833333333297,0.0,0.0,-1.1041666666666665,0.0,0.0,0.0,0.3065476190476201,0.0,-1.1904761905379245e-06
0.0,-0.014880952380952578,-0.5014880952380956,0.0,0.0,0.0,0.3377976190476105,0.0,0.8645833333333295,0.0,0.0,-1.1041666666666674,0.0,0.0,0.0,0.0,0.35565476190476125,-1.190476190510118e-06
0.0,-0.014880952380952883,-0.501488095238095,0.0,0.0,0.0,0.33779761904760874,0.0,0.8645833333333298,0.0,0.0,0.0,0.409226190476192,0.0,-0.6622023809523798,0.0,0.0,-1.1904761904821524e-06
0.0,-0.014880952380952439,-0.5014880952380951,0.0,0.0,0.0,0.3377976190476103,0.0,0.8645833333333294,0.0,0.0,0.0,0.40922619047619124,0.0,0.0,0.3065476190476195,0.0,-1.1904761905062166e-06
0.0,-0.014880952380953355,-0.5014880952380952,0.0,0.0,0.0,0.3377976190476091,0.0,0.8645833333333299,0.0,0.0,0.0,0.40922619047619135,0.0,0.0,0.0,0.3556547619047578,-1.1904761904745003e-06
0.0,-0.014880952380953175,-0.5014880952380952,0.0,0.0,0.0,0.3377976190476095,0.0,0.8645833333333302,0.0,0.0,0.0,0.0,0.6949404761904729,-0.66220238095238,0.0,0.0,-1.1904761905231133e-06
0.0,-0.014880952380952606,-0.5014880952380947,0.0,0.0,0.0,0.3377976190476095,0.0,0.8645833333333306,0.0,0.0,0.0,0.0,0.6949404761904742,0.0,0.3065476190476196,0.0,-1.1904761904767551e-06
0.0,-0.014880952380953147,-0.5014880952380959,0.0,0.0,0.0,0.3377976190476091,0.0,0.8645833333333302,0.0,0.0,0.0,0.0,0.6949404761904728,0.0,0.0,0.35565476190475875,-1.1904761904490555e-06
0.0,-0.014880952380952411,-0.5014880952380955,0.0,0.0,0.0,0.33779761904760885,0.0,0.0,-0.09970238095238128,0.0,-1.1041666666666665,0.0,0.0,-0.6622023809523788,0.0,0.0,-1.1904761904939143e-06
0.0,-0.014880952380951828,-0.5014880952380956,0.0,0.0,0.0,0.33779761904760863,0.0,0.0,-0.09970238095238032,0.0,-1.1041666666666674,0.0,0.0,0.0,0.30654761904761885,0.0,-1.1904761905229472e-06
0.0,-0.014880952380952855,-0.5014880952380951,0.0,0.0,0.0,0.33779761904760885,0.0,0.0,-0.09970238095238107,0.0,-1.1041666666666665,0.0,0.0,0.0,0.0,0.3556547619047595,-1.190476190511907e-06
0.0,-0.014880952380953119,-0.5014880952380945,0.0,0.0,0.0,0.33779761904760985,0.0,0.0,-0.0997023809523811,0.0,0.0,0.4092261904761899,0.0,-0.6622023809523798,0.0,0.0,-1.190476190502627e-06
0.0,-0.01488095238095355,-0.5014880952380947,0.0,0.0,0.0,0.3377976190476093,0.0,0.0,-0.09970238095238133,0.0,0.0,0.4092261904761897,0.0,0.0,0.30654761904761996,0.0,-1.1904761904932367e-06
0.0,-0.014880952380952966,-0.5014880952380952,0.0,0.0,0.0,0.3377976190476101,0.0,0.0,-0.0997023809523806,0.0,0.0,0.4092261904761909,0.0,0.0,0.0,0.35565476190475864,-1.1904761904826607e-06
0.0,-0.014880952380953105,-0.5014880952380958,0.0,0.0,0.0,0.3377976190476091,0.0,0.0,-0.09970238095238149,0.0,0.0,0.0,0.694940476190472,-0.6622023809523798,0.0,0.0,-1.1904761905068299e-06
0.0,-0.014880952380952966,-0.5014880952380951,0.0,0.0,0.0,0.33779761904760963,0.0,0.0,-0.09970238095238135,0.0,0.0,0.0,0.6949404761904707,0.0,0.30654761904761985,0.0,-1.1904761904877547e-06
0.0,-0.014880952380952522,-0.501488095238095,0.0,0.0,0.0,0.33779761904760974,0.0,0.0,-0.09970238095238149,0.0,0.0,0.0,0.6949404761904704,0.0,0.0,0.35565476190476014,-1.1904761904910548e-06
0.0,-0.01488095238095194,-0.501488095238095,0.0,0.0,0.0,0.33779761904760897,0.0,0.0,0.0,-0.7648809523809557,-1.1041666666666665,0.0,0.0,-0.6622023809523809,0.0,0.0,-1.1904761905043057e-06
0.0,-0.01488095238095273,-0.5014880952380951,0.0,0.0,0.0,0.33779761904760885,0.0,0.0,0.0,-0.7648809523809568,-1.1041666666666665,0.0,0.0,0.0,0.3065476190476185,0.0,-1.1904761905011124e-06
0.0,-0.014880952380952911,-0.5014880952380946,0.0,0.0,0.0,0.3377976190476082,0.0,0.0,0.0,-0.7648809523809565,-1.1041666666666679,0.0,0.0,0.0,0.0,0.35565476190476114,-1.1904761905385767e-06
0.0,-0.014880952380952175,-0.5014880952380952,0.0,0.0,0.0,0.3377976190476104,0.0,0.0,0.0,-0.7648809523809559,0.0,0.40922619047619013,0.0,-0.6622023809523785,0.0,0.0,-1.190476190510406e-06
0.0,-0.0148809523809533,-0.5014880952380956,0.0,0.0,0.0,0.3377976190476095,0.0,0.0,0.0,-0.7648809523809563,0.0,0.4092261904761906,0.0,0.0,0.30654761904761857,0.0,-1.1904761905071264e-06
0.0,-0.014880952380953119,-0.5014880952380955,0.0,0.0,0.0,0.3377976190476094,0.0,0.0,0.0,-0.7648809523809563,0.0,0.4092261904761907,0.0,0.0,0.0,0.3556547619047588,-1.1904761905252156e-06
0.0,-0.014880952380952495,-0.5014880952380947,0.0,0.0,0.0,0.33779761904760985,0.0,0.0,0.0,-0.7648809523809572,0.0,0.0,0.6949404761904744,-0.6622023809523794,0.0,0.0,-1.1904761905105162e-06
0.0,-0.01488095238095355,-0.5014880952380953,0.0,0.0,0.0,0.3377976190476095,0.0,0.0,0.0,-0.7648809523809565,0.0,0.0,0.6949404761904729,0.0,0.30654761904761807,0.0,-1.1904761904783984e-06
0.0,-0.01488095238095212,-0.5014880952380947,0.0,0.0,0.0,0.33779761904760985,0.0,0.0,0.0,-0.7648809523809565,0.0,0.0,0.6949404761904755,0.0,0.0,0.3556547619047593,-1.190476190488673e-06
0.0,-0.014880952380952675,-0.5014880952380952,0.0,0.0,0.0,0.0,-0.42113095238095616,0.8645833333333284,0.0,0.0,-1.1041666666666672,0.0,0.0,-0.6622023809523789,0.0,0.0,-1.190476190498053e-06
0.0,-0.014880952380953022,-0.5014880952380955,0.0,0.0,0.0,0.0,-0.42113095238095705,0.8645833333333288,0.0,0.0,-1.1041666666666676,0.0,0.0,0.0,0.30654761904761885,0.0,-1.1904761905287359e-06
0.0,-0.014880952380953744,-0.5014880952380951,0.0,0.0,0.0,0.0,-0.4211309523809566,0.8645833333333276,0.0,0.0,-1.104166666666667,0.0,0.0,0.0,0.0,0.3556547619047581,-1.1904761905184952e-06
0.0,-0.014880952380952689,-0.5014880952380951,0.0,0.0,0.0,0.0,-0.42113095238095605,0.8645833333333295,0.0,0.0,0.0,0.4092261904761897,0.0,-0.6622023809523796,0.0,0.0,-1.1904761905297506e-06
0.0,-0.014880952380952883,-0.5014880952380957,0.0,0.0,0.0,0.0,-0.42113095238095655,0.8645833333333294,0.0,0.0,0.0,0.4092261904761907,0.0,0.0,0.30654761904761907,0.0,-1.190476190500201e-06
0.0,-0.014880952380953924,-0.501488095238096,0.0,0.0,0.0,0.0,-0.42113095238095616,0.8645833333333288,0.0,0.0,0.0,0.4092261904761896,0.0,0.0,0.0,0.3556547619047586,-1.1904761904502244e-06
0.0,-0.01488095238095355,-0.501488095238096,0.0,0.0,0.0,0.0,-0.42113095238095616,0.864583333333329,0.0,0.0,0.0,0.0,0.6949404761904716,-0.6622023809523803,0.0,0.0,-1.1904761905004653e-06
0.0,-0.01488095238095212,-0.5014880952380956,0.0,0.0,0.0,0.0,-0.42113095238095694,0.8645833333333283,0.0,0.0,0.0,0.0,0.6949404761904721,0.0,0.3065476190476185,0.0,-1.1904761904900298e-06
0.0,-0.014880952380952994,-0.5014880952380953,0.0,0.0,0.0,0.0,-0.42113095238095666,0.8645833333333276,0.0,0.0,0.0,0.0,0.6949404761904715,0.0,0.0,0.35565476190476014,-1.190476190486274e-06
0.0,-0.014880952380952828,-0.5014880952380958,0.0,0.0,0.0,0.0,-0.4211309523809557,0.0,-0.09970238095238072,0.0,-1.1041666666666667,0.0,0.0,-0.66220238095238,0.0,0.0,-1.1904761905298048e-06
0.0,-0.014880952380952384,-0.5014880952380955,0.0,0.0,0.0,0.0,-0.4211309523809562,0.0,-0.09970238095238075,0.0,-1.104166666666667,0.0,0.0,0.0,0.3065476190476194,0.0,-1.1904761905171501e-06
0.0,-0.014880952380952439,-0.5014880952380952,0.0,0.0,0.0,0.0,-0.42113095238095694,0.0,-0.0997023809523811,0.0,-1.1041666666666672,0.0,0.0,0.0,0.0,0.3556547619047605,-1.1904761905054204e-06
0.0,-0.014880952380952606,-0.5014880952380951,0.0,0.0,0.0,0.0,-0.4211309523809553,0.0,-0.09970238095238086,0.0,0.0,0.40922619047619013,0.0,-0.6622023809523804,0.0,0.0,-1.1904761904888677e-06
0.0,-0.014880952380952675,-0.5014880952380942,0.0,0.0,0.0,0.0,-0.42113095238095644,0.0,-0.0997023809523811,0.0,0.0,0.4092261904761917,0.0,0.0,0.3065476190476191,0.0,-1.1904761904731417e-06
0.0,-0.01488095238095273,-0.5014880952380951,0.0,0.0,0.0,0.0,-0.4211309523809566,0.0,-0.09970238095238095,0.0,0.0,0.4092261904761916,0.0,0.0,0.0,0.3556547619047609,-1.1904761904827386e-06
0.0,-0.014880952380953175,-0.501488095238096,0.0,0.0,0.0,0.0,-0.421130952380956,0.0,-0.09970238095238126,0.0,0.0,0.0,0.6949404761904717,-0.6622023809523805,0.0,0.0,-1.1904761904613476e-06
0.0,-0.014880952380953605,-0.5014880952380951,0.0,0.0,0.0,0.0,-0.42113095238095644,0.0,-0.09970238095238114,0.0,0.0,0.0,0.6949404761904712,0.0,0.3065476190476183,0.0,-1.1904761904908057e-06
0.0,-0.014880952380952744,-0.5014880952380951,0.0,0.0,0.0,0.0,-0.42113095238095677,0.0,-0.09970238095238085,0.0,0.0,0.0,0.6949404761904708,0.0,0.0,0.3556547619047607,-1.190476190505151e-06
0.0,-0.01488095238095305,-0.5014880952380955,0.0,0.0,0.0,0.0,-0.421130952380957,0.0,0.0,-0.7648809523809561,-1.1041666666666685,0.0,0.0,-0.6622023809523802,0.0,0.0,-1.1904761905070705e-06
0.0,-0.014880952380953244,-0.5014880952380958,0.0,0.0,0.0,0.0,-0.4211309523809561,0.0,0.0,-0.764880952380957,-1.1041666666666679,0.0,0.0,0.0,0.30654761904761885,0.0,-1.1904761905272214e-06
0.0,-0.014880952380953077,-0.5014880952380962,0.0,0.0,0.0,0.0,-0.42113095238095644,0.0,0.0,-0.7648809523809563,-1.1041666666666672,0.0,0.0,0.0,0.0,0.35565476190475925,-1.1904761905294999e-06
0.0,-0.014880952380952744,-0.5014880952380955,0.0,0.0,0.0,0.0,-0.42113095238095494,0.0,0.0,-0.764880952380955,0.0,0.40922619047619035,0.0,-0.6622023809523796,0.0,0.0,-1.19047619050406e-06
0.0,-0.0148809523809533,-0.5014880952380953,0.0,0.0,0.0,0.0,-0.4211309523809559,0.0,0.0,-0.764880952380955,0.0,0.40922619047619035,0.0,0.0,0.30654761904761885,0.0,-1.1904761905406367e-06
0.0,-0.014880952380952966,-0.501488095238095,0.0,0.0,0.0,0.0,-0.4211309523809557,0.0,0.0,-0.7648809523809552,0.0,0.40922619047619124,0.0,0.0,0.0,0.3556547619047619,-1.1904761905075719e-06
0.0,-0.014880952380952661,-0.5014880952380959,0.0,0.0,0.0,0.0,-0.4211309523809562,0.0,0.0,-0.7648809523809548,0.0,0.0,0.6949404761904732,-0.6622023809523798,0.0,0.0,-1.1904761904896165e-06
0.0,-0.014880952380953105,-0.5014880952380956,0.0,0.0,0.0,0.0,-0.42113095238095516,0.0,0.0,-0.7648809523809557,0.0,0.0,0.6949404761904733,0.0,0.3065476190476193,0.0,-1.1904761904910056e-06
0.0,-0.014880952380953216,-0.5014880952380959,0.0,0.0,0.0,0.0,-0.42113095238095677,0.0,0.0,-0.7648809523809572,0.0,0.0,0.6949404761904736,0.0,0.0,0.35565476190475803,-1.1904761904936534e-06
0.0,-0.014880952380953369,0.0,-0.14880952380952361,0.0,0.0833333333333281,0.0,0.0,0.8645833333333306,0.0,0.0,-1.1041666666666674,0.0,0.0,-0.6622023809523796,0.0,0.0,-1.1904761905237553e-06
0.0,-0.014880952380952717,0.0,-0.1488095238095246,0.0,0.0833333333333286,0.0,0.0,0.8645833333333314,0.0,0.0,-1.1041666666666674,0.0,0.0,0.0,0.3065476190476198,0.0,-1.190476190462635e-06
0.0,-0.014880952380952106,0.0,-0.14880952380952395,0.0,0.08333333333332699,0.0,0.0,0.8645833333333303,0.0,0.0,-1.1041666666666674,0.0,0.0,0.0,0.0,0.35565476190476003,-1.190476190487199e-06
0.0,-0.014880952380951815,0.0,-0.14880952380952317,0.0,0.08333333333332821,0.0,0.0,0.864583333333331,0.0,0.0,0.0,0.40922619047619113,0.0,-0.6622023809523797,0.0,0.0,-1.1904761904936246e-06
0.0,-0.014880952380952522,0.0,-0.14880952380952284,0.0,0.08333333333332749,0.0,0.0,0.8645833333333315,0.0,0.0,0.0,0.4092261904761916,0.0,0.0,0.30654761904761907,0.0,-1.1904761904840074e-06
0.0,-0.014880952380952925,0.0,-0.14880952380952472,0.0,0.08333333333332776,0.0,0.0,0.8645833333333315,0.0,0.0,0.0,0.4092261904761897,0.0,0.0,0.0,0.3556547619047601,-1.1904761904983257e-06
0.0,-0.014880952380952939,0.0,-0.14880952380952306,0.0,0.08333333333332743,0.0,0.0,0.8645833333333313,0.0,0.0,0.0,0.0,0.6949404761904762,-0.6622023809523798,0.0,0.0,-1.1904761904904906e-06
0.0,-0.014880952380953646,0.0,-0.14880952380952384,0.0,0.0833333333333281,0.0,0.0,0.864583333333331,0.0,0.0,0.0,0.0,0.6949404761904759,0.0,0.3065476190476195,0.0,-1.19047619044676e-06
0.0,-0.014880952380952328,0.0,-0.14880952380952372,0.0,0.0833333333333281,0.0,0.0,0.8645833333333311,0.0,0.0,0.0,0.0,0.6949404761904765,0.0,0.0,0.35565476190476103,-1.190476190491175e-06
0.0,-0.01488095238095316,0.0,-0.14880952380952328,0.0,0.08333333333332771,0.0,0.0,0.0,-0.09970238095238153,0.0,-1.1041666666666667,0.0,0.0,-0.6622023809523789,0.0,0.0,-1.190476190463892e-06
0.0,-0.0148809523809528,0.0,-0.14880952380952372,0.0,0.08333333333332771,0.0,0.0,0.0,-0.09970238095238124,0.0,-1.104166666666667,0.0,0.0,0.0,0.306547619047619,0.0,-1.1904761904874904e-06
0.0,-0.014880952380953216,0.0,-0.14880952380952372,0.0,0.08333333333332743,0.0,0.0,0.0,-0.09970238095238204,0.0,-1.1041666666666663,0.0,0.0,0.0,0.0,0.3556547619047607,-1.1904761904752813e-06
0.0,-0.014880952380952522,0.0,-0.14880952380952273,0.0,0.08333333333332882,0.0,0.0,0.0,-0.09970238095238201,0.0,0.0,0.40922619047619135,0.0,-0.6622023809523787,0.0,0.0,-1.1904761904949748e-06
0.0,-0.01488095238095255,0.0,-0.14880952380952284,0.0,0.08333333333332865,0.0,0.0,0.0,-0.099702380952381,0.0,0.0,0.40922619047619,0.0,0.0,0.3065476190476186,0.0,-1.1904761904950544e-06
0.0,-0.014880952380952342,0.0,-0.14880952380952406,0.0,0.08333333333332787,0.0,0.0,0.0,-0.09970238095238138,0.0,0.0,0.40922619047619024,0.0,0.0,0.0,0.35565476190476103,-1.1904761904839193e-06
0.0,-0.014880952380952495,0.0,-0.1488095238095246,0.0,0.08333333333332826,0.0,0.0,0.0,-0.09970238095238232,0.0,0.0,0.0,0.694940476190474,-0.66220238095238,0.0,0.0,-1.1904761905027912e-06
0.0,-0.014880952380952425,0.0,-0.14880952380952284,0.0,0.08333333333332826,0.0,0.0,0.0,-0.09970238095238058,0.0,0.0,0.0,0.6949404761904752,0.0,0.3065476190476186,0.0,-1.190476190492266e-06
0.0,-0.014880952380952606,0.0,-0.14880952380952406,0.0,0.08333333333332832,0.0,0.0,0.0,-0.09970238095238111,0.0,0.0,0.0,0.6949404761904745,0.0,0.0,0.3556547619047593,-1.190476190492288e-06
0.0,-0.014880952380952342,0.0,-0.14880952380952372,0.0,0.08333333333332771,0.0,0.0,0.0,0.0,-0.7648809523809537,-1.1041666666666665,0.0,0.0,-0.6622023809523797,0.0,0.0,-1.1904761905429508e-06
0.0,-0.014880952380952606,0.0,-0.14880952380952495,0.0,0.0833333333333276,0.0,0.0,0.0,0.0,-0.7648809523809545,-1.1041666666666667,0.0,0.0,0.0,0.30654761904761957,0.0,-1.190476190539771e-06
0.0,-0.014880952380952175,0.0,-0.14880952380952372,0.0,0.08333333333332749,0.0,0.0,0.0,0.0,-0.7648809523809548,-1.1041666666666665,0.0,0.0,0.0,0.0,0.35565476190475903,-1.1904761905068146e-06
0.0,-0.014880952380953189,0.0,-0.1488095238095244,0.0,0.08333333333332704,0.0,0.0,0.0,0.0,-0.7648809523809543,0.0,0.40922619047618936,0.0,-0.6622023809523806,0.0,0.0,-1.190476190518563e-06
0.0,-0.014880952380953452,0.0,-0.14880952380952417,0.0,0.08333333333332738,0.0,0.0,0.0,0.0,-0.7648809523809544,0.0,0.4092261904761896,0.0,0.0,0.3065476190476192,0.0,-1.1904761905159406e-06
0.0,-0.014880952380953189,0.0,-0.14880952380952317,0.0,0.08333333333332865,0.0,0.0,0.0,0.0,-0.7648809523809539,0.0,0.4092261904761899,0.0,0.0,0.0,0.35565476190476036,-1.190476190500533e-06
0.0,-0.014880952380951884,0.0,-0.14880952380952406,0.0,0.08333333333332715,0.0,0.0,0.0,0.0,-0.7648809523809539,0.0,0.0,0.6949404761904739,-0.6622023809523794,0.0,0.0,-1.1904761905101452e-06
0.0,-0.014880952380952411,0.0,-0.1488095238095244,0.0,0.08333333333332821,0.0,0.0,0.0,0.0,-0.7648809523809541,0.0,0.0,0.6949404761904733,0.0,0.30654761904761985,0.0,-1.1904761904596823e-06
0.0,-0.014880952380952925,0.0,-0.1488095238095246,0.0,0.08333333333332726,0.0,0.0,0.0,0.0,-0.7648809523809535,0.0,0.0,0.6949404761904738,0.0,0.0,0.3556547619047577,-1.1904761904872516e-06
0.0,-0.014880952380952578,0.0,-0.14880952380952361,0.0,0.0,0.33779761904760885,0.0,0.8645833333333323,0.0,0.0,-1.1041666666666667,0.0,0.0,-0.6622023809523794,0.0,0.0,-1.1904761905267318e-06
0.0,-0.014880952380953383,0.0,-0.14880952380952372,0.0,0.0,0.33779761904760863,0.0,0.8645833333333323,0.0,0.0,-1.1041666666666672,0.0,0.0,0.0,0.30654761904762023,0.0,-1.1904761904998148e-06
0.0,-0.014880952380952411,0.0,-0.14880952380952384,0.0,0.0,0.33779761904760885,0.0,0.8645833333333313,0.0,0.0,-1.1041666666666674,0.0,0.0,0.0,0.0,0.3556547619047615,-1.1904761904957863e-06
0.0,-0.01488095238095305,0.0,-0.1488095238095234,0.0,0.0,0.33779761904760786,0.0,0.8645833333333315,0.0,0.0,0.0,0.40922619047619013,0.0,-0.6622023809523803,0.0,0.0,-1.1904761904617644e-06
0.0,-0.014880952380952231,0.0,-0.14880952380952417,0.0,0.0,0.3377976190476073,0.0,0.8645833333333319,0.0,0.0,0.0,0.4092261904761908,0.0,0.0,0.30654761904761885,0.0,-1.1904761904995132e-06
0.0,-0.014880952380952273,0.0,-0.14880952380952284,0.0,0.0,0.3377976190476095,0.0,0.8645833333333326,0.0,0.0,0.0,0.4092261904761906,0.0,0.0,0.0,0.35565476190476275,-1.1904761904947207e-06
0.0,-0.014880952380952522,0.0,-0.1488095238095235,0.0,0.0,0.33779761904760885,0.0,0.8645833333333317,0.0,0.0,0.0,0.0,0.694940476190474,-0.66220238095238,0.0,0.0,-1.1904761904956203e-06
0.0,-0.014880952380952342,0.0,-0.14880952380952428,0.0,0.0,0.33779761904760786,0.0,0.8645833333333326,0.0,0.0,0.0,0.0,0.6949404761904728,0.0,0.30654761904761973,0.0,-1.1904761904742598e-06
0.0,-0.014880952380953064,0.0,-0.1488095238095234,0.0,0.0,0.33779761904760763,0.0,0.8645833333333328,0.0,0.0,0.0,0.0,0.6949404761904724,0.0,0.0,0.3556547619047615,-1.1904761904899536e-06
0.0,-0.014880952380952217,0.0,-0.1488095238095235,0.0,0.0,0.33779761904760763,0.0,0.0,-0.09970238095238178,0.0,-1.104166666666666,0.0,0.0,-0.6622023809523796,0.0,0.0,-1.1904761905166538e-06
0.0,-0.014880952380952606,0.0,-0.14880952380952395,0.0,0.0,0.33779761904760897,0.0,0.0,-0.09970238095238104,0.0,-1.1041666666666667,0.0,0.0,0.0,0.3065476190476196,0.0,-1.1904761905041787e-06
0.0,-0.014880952380952883,0.0,-0.14880952380952395,0.0,0.0,0.33779761904760897,0.0,0.0,-0.09970238095238096,0.0,-1.104166666666667,0.0,0.0,0.0,0.0,0.3556547619047611,-1.190476190472515e-06
0.0,-0.014880952380952606,0.0,-0.14880952380952395,0.0,0.0,0.33779761904760797,0.0,0.0,-0.09970238095238082,0.0,0.0,0.4092261904761899,0.0,-0.6622023809523788,0.0,0.0,-1.1904761904875802e-06
0.0,-0.014880952380952744,0.0,-0.1488095238095235,0.0,0.0,0.3377976190476085,0.0,0.0,-0.09970238095238146,0.0,0.0,0.40922619047619024,0.0,0.0,0.30654761904761973,0.0,-1.190476190505915e-06
0.0,-0.014880952380952897,0.0,-0.14880952380952295,0.0,0.0,0.33779761904760786,0.0,0.0,-0.09970238095238027,0.0,0.0,0.40922619047619,0.0,0.0,0.0,0.355654761904759,-1.1904761904792437e-06
0.0,-0.01488095238095391,0.0,-0.14880952380952406,0.0,0.0,0.33779761904760797,0.0,0.0,-0.09970238095238101,0.0,0.0,0.0,0.6949404761904738,-0.6622023809523787,0.0,0.0,-1.190476190490428e-06
0.0,-0.014880952380952384,0.0,-0.14880952380952384,0.0,0.0,0.3377976190476083,0.0,0.0,-0.09970238095238054,0.0,0.0,0.0,0.6949404761904739,0.0,0.30654761904761885,0.0,-1.1904761905090339e-06
0.0,-0.014880952380952522,0.0,-0.1488095238095246,0.0,0.0,0.33779761904760897,0.0,0.0,-0.09970238095238088,0.0,0.0,0.0,0.6949404761904739,0.0,0.0,0.3556547619047605,-1.1904761904858082e-06
0.0,-0.014880952380953508,0.0,-0.14880952380952428,0.0,0.0,0.3377976190476093,0.0,0.0,0.0,-0.7648809523809537,-1.1041666666666674,0.0,0.0,-0.6622023809523797,0.0,0.0,-1.190476190496203e-06
0.0,-0.01488095238095305,0.0,-0.14880952380952428,0.0,0.0,0.33779761904760897,0.0,0.0,0.0,-0.7648809523809541,-1.104166666666667,0.0,0.0,0.0,0.30654761904761924,0.0,-1.1904761904834603e-06
0.0,-0.014880952380952592,0.0,-0.14880952380952361,0.0,0.0,0.3377976190476085,0.0,0.0,0.0,-0.7648809523809539,-1.104166666666667,0.0,0.0,0.0,0.0,0.35565476190475925,-1.190476190488346e-06
0.0,-0.014880952380952703,0.0,-0.14880952380952428,0.0,0.0,0.3377976190476072,0.0,0.0,0.0,-0.7648809523809538,0.0,0.40922619047618924,0.0,-0.6622023809523804,0.0,0.0,-1.1904761905002196e-06
0.0,-0.014880952380952467,0.0,-0.14880952380952417,0.0,0.0,0.33779761904760774,0.0,0.0,0.0,-0.7648809523809532,0.0,0.40922619047619,0.0,0.0,0.30654761904761907,0.0,-1.1904761904816984e-06
0.0,-0.014880952380952106,0.0,-0.14880952380952317,0.0,0.0,0.3377976190476075,0.0,0.0,0.0,-0.7648809523809543,0.0,0.409226190476189,0.0,0.0,0.0,0.35565476190476086,-1.190476190531387e-06
0.0,-0.01488095238095255,0.0,-0.14880952380952484,0.0,0.0,0.3377976190476093,0.0,0.0,0.0,-0.7648809523809534,0.0,0.0,0.6949404761904745,-0.6622023809523803,0.0,0.0,-1.1904761904595434e-06
0.0,-0.01488095238095262,0.0,-0.14880952380952372,0.0,0.0,0.3377976190476081,0.0,0.0,0.0,-0.7648809523809541,0.0,0.0,0.6949404761904742,0.0,0.3065476190476196,0.0,-1.1904761904977294e-06
0.0,-0.014880952380952633,0.0,-0.1488095238095235,0.0,0.0,0.3377976190476081,0.0,0.0,0.0,-0.7648809523809541,0.0,0.0,0.6949404761904725,0.0,0.0,0.35565476190475925,-1.1904761904836754e-06
0.0,-0.014880952380952273,0.0,-0.1488095238095235,0.0,0.0,0.0,-0.4211309523809578,0.864583333333329,0.0,0.0,-1.1041666666666683,0.0,0.0,-0.66220238095238,0.0,0.0,-1.1904761904970856e-06
0.0,-0.014880952380953369,0.0,-0.1488095238095244,0.0,0.0,0.0,-0.4211309523809584,0.8645833333333286,0.0,0.0,-1.1041666666666676,0.0,0.0,0.0,0.3065476190476184,0.0,-1.1904761905231742e-06
0.0,-0.014880952380952661,0.0,-0.14880952380952328,0.0,0.0,0.0,-0.42113095238095766,0.8645833333333283,0.0,0.0,-1.1041666666666667,0.0,0.0,0.0,0.0,0.3556547619047604,-1.1904761905478077e-06
0.0,-0.014880952380953147,0.0,-0.14880952380952406,0.0,0.0,0.0,-0.42113095238095777,0.8645833333333286,0.0,0.0,0.0,0.40922619047619024,0.0,-0.66220238095238,0.0,0.0,-1.1904761904825607e-06
0.0,-0.014880952380952259,0.0,-0.14880952380952295,0.0,0.0,0.0,-0.42113095238095766,0.8645833333333292,0.0,0.0,0.0,0.40922619047619124,0.0,0.0,0.3065476190476194,0.0,-1.1904761904953187e-06
0.0,-0.014880952380952855,0.0,-0.14880952380952384,0.0,0.0,0.0,-0.4211309523809586,0.8645833333333284,0.0,0.0,0.0,0.40922619047619,0.0,0.0,0.0,0.35565476190476125,-1.1904761904635262e-06
0.0,-0.014880952380952772,0.0,-0.14880952380952317,0.0,0.0,0.0,-0.42113095238095755,0.8645833333333293,0.0,0.0,0.0,0.0,0.6949404761904715,-0.6622023809523803,0.0,0.0,-1.190476190458898e-06
0.0,-0.014880952380952633,0.0,-0.14880952380952428,0.0,0.0,0.0,-0.42113095238095744,0.8645833333333294,0.0,0.0,0.0,0.0,0.6949404761904708,0.0,0.3065476190476191,0.0,-1.1904761904996166e-06
0.0,-0.014880952380952162,0.0,-0.1488095238095234,0.0,0.0,0.0,-0.42113095238095827,0.864583333333329,0.0,0.0,0.0,0.0,0.6949404761904707,0.0,0.0,0.3556547619047618,-1.190476190509847e-06
0.0,-0.014880952380952883,0.0,-0.14880952380952384,0.0,0.0,0.0,-0.4211309523809582,0.0,-0.09970238095238039,0.0,-1.1041666666666676,0.0,0.0,-0.6622023809523809,0.0,0.0,-1.1904761904921135e-06
0.0,-0.014880952380953369,0.0,-0.14880952380952372,0.0,0.0,0.0,-0.4211309523809586,0.0,-0.0997023809523797,0.0,-1.1041666666666674,0.0,0.0,0.0,0.3065476190476198,0.0,-1.1904761905034706e-06
0.0,-0.014880952380953369,0.0,-0.1488095238095245,0.0,0.0,0.0,-0.42113095238095816,0.0,-0.09970238095238117,0.0,-1.1041666666666679,0.0,0.0,0.0,0.0,0.3556547619047603,-1.190476190519056e-06
0.0,-0.014880952380953022,0.0,-0.14880952380952417,0.0,0.0,0.0,-0.42113095238095893,0.0,-0.09970238095238095,0.0,0.0,0.4092261904761908,0.0,-0.6622023809523796,0.0,0.0,-1.190476190514848e-06
0.0,-0.014880952380953244,0.0,-0.14880952380952395,0.0,0.0,0.0,-0.42113095238095793,0.0,-0.09970238095238135,0.0,0.0,0.40922619047618924,0.0,0.0,0.30654761904761857,0.0,-1.190476190495029e-06
0.0,-0.014880952380952578,0.0,-0.14880952380952328,0.0,0.0,0.0,-0.42113095238095805,0.0,-0.09970238095238111,0.0,0.0,0.40922619047619024,0.0,0.0,0.0,0.35565476190476025,-1.1904761904858472e-06
0.0,-0.014880952380952966,0.0,-0.14880952380952417,0.0,0.0,0.0,-0.42113095238095827,0.0,-0.09970238095238051,0.0,0.0,0.0,0.6949404761904726,-0.6622023809523804,0.0,0.0,-1.190476190523818e-06
0.0,-0.014880952380952148,0.0,-0.14880952380952417,0.0,0.0,0.0,-0.42113095238095793,0.0,-0.09970238095238042,0.0,0.0,0.0,0.694940476190474,0.0,0.30654761904761846,0.0,-1.1904761904836737e-06
0.0,-0.01488095238095287,0.0,-0.14880952380952417,0.0,0.0,0.0,-0.42113095238095805,0.0,-0.09970238095238149,0.0,0.0,0.0,0.6949404761904729,0.0,0.0,0.3556547619047605,-1.1904761905101282e-06
0.0,-0.014880952380952203,0.0,-0.14880952380952428,0.0,0.0,0.0,-0.4211309523809584,0.0,0.0,-0.7648809523809581,-1.1041666666666665,0.0,0.0,-0.6622023809523802,0.0,0.0,-1.1904761905190644e-06
0.0,-0.014880952380952286,0.0,-0.14880952380952406,0.0,0.0,0.0,-0.42113095238095777,0.0,0.0,-0.7648809523809572,-1.1041666666666665,0.0,0.0,0.0,0.30654761904761896,0.0,-1.1904761905052358e-06
0.0,-0.014880952380952356,0.0,-0.14880952380952395,0.0,0.0,0.0,-0.42113095238095816,0.0,0.0,-0.7648809523809579,-1.1041666666666656,0.0,0.0,0.0,0.0,0.3556547619047607,-1.1904761904753203e-06
0.0,-0.014880952380953189,0.0,-0.1488095238095246,0.0,0.0,0.0,-0.4211309523809572,0.0,0.0,-0.764880952380958,0.0,0.4092261904761898,0.0,-0.6622023809523803,0.0,0.0,-1.1904761904975058e-06
0.0,-0.014880952380952911,0.0,-0.1488095238095244,0.0,0.0,0.0,-0.4211309523809579,0.0,0.0,-0.7648809523809572,0.0,0.4092261904761887,0.0,0.0,0.3065476190476191,0.0,-1.1904761904473089e-06
0.0,-0.0148809523809528,0.0,-0.14880952380952384,0.0,0.0,0.0,-0.42113095238095744,0.0,0.0,-0.7648809523809572,0.0,0.40922619047619,0.0,0.0,0.0,0.35565476190476225,-1.1904761905042634e-06
0.0,-0.014880952380952911,0.0,-0.14880952380952384,0.0,0.0,0.0,-0.4211309523809572,0.0,0.0,-0.7648809523809574,0.0,0.0,0.6949404761904729,-0.6622023809523805,0.0,0.0,-1.1904761905330523e-06
0.0,-0.014880952380951926,0.0,-0.14880952380952328,0.0,0.0,0.0,-0.42113095238095777,0.0,0.0,-0.7648809523809565,0.0,0.0,0.6949404761904739,0.0,0.30654761904761885,0.0,-1.190476190475964e-06
0.0,-0.014880952380952439,0.0,-0.1488095238095245,0.0,0.0,0.0,-0.4211309523809581,0.0,0.0,-0.764880952380957,0.0,0.0,0.6949404761904729,0.0,0.0,0.35565476190476136,-1.1904761904803787e-06
0.0,-0.014880952380952578,0.0,0.0,0.6502976190476133,0.08333333333333204,0.0,0.0,0.8645833333333304,0.0,0.0,-1.1041666666666674,0.0,0.0,-0.6622023809523809,0.0,0.0,-1.1904761904675564e-06
0.0,-0.014880952380952245,0.0,0.0,0.6502976190476131,0.08333333333333182,0.0,0.0,0.8645833333333318,0.0,0.0,-1.104166666666667,0.0,0.0,0.0,0.30654761904761896,0.0,-1.1904761904515864e-06
0.0,-0.014880952380952328,0.0,0.0,0.6502976190476131,0.08333333333333265,0.0,0.0,0.8645833333333305,0.0,0.0,-1.104166666666667,0.0,0.0,0.0,0.0,0.3556547619047597,-1.190476190465549e-06
0.0,-0.014880952380953008,0.0,0.0,0.6502976190476135,0.08333333333333248,0.0,0.0,0.8645833333333314,0.0,0.0,0.0,0.4092261904761896,0.0,-0.66220238095238,0.0,0.0,-1.1904761904670244e-06
0.0,-0.014880952380953119,0.0,0.0,0.6502976190476135,0.0833333333333321,0.0,0.0,0.8645833333333316,0.0,0.0,0.0,0.4092261904761896,0.0,0.0,0.30654761904761946,0.0,-1.1904761904726335e-06
0.0,-0.014880952380952994,0.0,0.0,0.650297619047614,0.0833333333333317,0.0,0.0,0.8645833333333323,0.0,0.0,0.0,0.4092261904761896,0.0,0.0,0.0,0.35565476190476014,-1.190476190508324e-06
0.0,-0.014880952380952939,0.0,0.0,0.6502976190476129,0.0833333333333326,0.0,0.0,0.8645833333333311,0.0,0.0,0.0,0.0,0.6949404761904733,-0.6622023809523806,0.0,0.0,-1.1904761904406936e-06
0.0,-0.014880952380952508,0.0,0.0,0.6502976190476129,0.0833333333333327,0.0,0.0,0.8645833333333325,0.0,0.0,0.0,0.0,0.6949404761904742,0.0,0.30654761904761985,0.0,-1.1904761904458317e-06
0.0,-0.01488095238095248,0.0,0.0,0.6502976190476133,0.0833333333333316,0.0,0.0,0.8645833333333307,0.0,0.0,0.0,0.0,0.6949404761904734,0.0,0.0,0.3556547619047578,-1.1904761904494417e-06
0.0,-0.014880952380951926,0.0,0.0,0.6502976190476127,0.08333333333333226,0.0,0.0,0.0,-0.0997023809523806,0.0,-1.104166666666667,0.0,0.0,-0.6622023809523803,0.0,0.0,-1.1904761905361288e-06
0.0,-0.014880952380952467,0.0,0.0,0.6502976190476117,0.08333333333333143,0.0,0.0,0.0,-0.09970238095238139,0.0,-1.1041666666666672,0.0,0.0,0.0,0.3065476190476194,0.0,-1.1904761905227084e-06
0.0,-0.014880952380952883,0.0,0.0,0.6502976190476124,0.08333333333333287,0.0,0.0,0.0,-0.09970238095238088,0.0,-1.1041666666666674,0.0,0.0,0.0,0.0,0.35565476190476253,-1.1904761904821033e-06
0.0,-0.014880952380953244,0.0,0.0,0.6502976190476133,0.08333333333333331,0.0,0.0,0.0,-0.09970238095238113,0.0,0.0,0.40922619047618936,0.0,-0.6622023809523796,0.0,0.0,-1.1904761904980902e-06
0.0,-0.014880952380953147,0.0,0.0,0.6502976190476137,0.08333333333333282,0.0,0.0,0.0,-0.09970238095238074,0.0,0.0,0.4092261904761897,0.0,0.0,0.30654761904761924,0.0,-1.190476190493147e-06
0.0,-0.014880952380952467,0.0,0.0,0.6502976190476126,0.08333333333333237,0.0,0.0,0.0,-0.09970238095238085,0.0,0.0,0.4092261904761906,0.0,0.0,0.0,0.3556547619047616,-1.1904761904650932e-06
0.0,-0.01488095238095255,0.0,0.0,0.6502976190476137,0.08333333333333182,0.0,0.0,0.0,-0.09970238095238049,0.0,0.0,0.0,0.6949404761904743,-0.662202380952382,0.0,0.0,-1.1904761904785729e-06
0.0,-0.014880952380953799,0.0,0.0,0.6502976190476119,0.0833333333333317,0.0,0.0,0.0,-0.09970238095238088,0.0,0.0,0.0,0.6949404761904732,0.0,0.3065476190476189,0.0,-1.1904761904589708e-06
0.0,-0.014880952380952314,0.0,0.0,0.6502976190476129,0.08333333333333254,0.0,0.0,0.0,-0.09970238095238124,0.0,0.0,0.0,0.6949404761904737,0.0,0.0,0.35565476190475903,-1.190476190489857e-06
0.0,-0.014880952380951828,0.0,0.0,0.6502976190476126,0.0833333333333322,0.0,0.0,0.0,0.0,-0.7648809523809581,-1.1041666666666667,0.0,0.0,-0.6622023809523809,0.0,0.0,-1.190476190447424e-06
0.0,-0.014880952380952162,0.0,0.0,0.6502976190476123,0.08333333333333232,0.0,0.0,0.0,0.0,-0.7648809523809577,-1.1041666666666665,0.0,0.0,0.0,0.30654761904761907,0.0,-1.1904761905462762e-06
0.0,-0.014880952380953105,0.0,0.0,0.6502976190476131,0.08333333333333254,0.0,0.0,0.0,0.0,-0.7648809523809583,-1.1041666666666665,0.0,0.0,0.0,0.0,0.35565476190475925,-1.190476190505561e-06
0.0,-0.014880952380952647,0.0,0.0,0.6502976190476133,0.08333333333333232,0.0,0.0,0.0,0.0,-0.764880952380957,0.0,0.40922619047618936,0.0,-0.6622023809523796,0.0,0.0,-1.1904761904979496e-06
0.0,-0.014880952380952953,0.0,0.0,0.6502976190476132,0.0833333333333321,0.0,0.0,0.0,0.0,-0.7648809523809577,0.0,0.40922619047618913,0.0,0.0,0.30654761904761885,0.0,-1.1904761904798993e-06
0.0,-0.014880952380953272,0.0,0.0,0.6502976190476134,0.08333333333333309,0.0,0.0,0.0,0.0,-0.764880952380958,0.0,0.40922619047619124,0.0,0.0,0.0,0.35565476190476014,-1.1904761904666754e-06
0.0,-0.014880952380953036,0.0,0.0,0.6502976190476135,0.08333333333333215,0.0,0.0,0.0,0.0,-0.7648809523809581,0.0,0.0,0.6949404761904727,-0.6622023809523809,0.0,0.0,-1.190476190513491e-06
0.0,-0.014880952380952467,0.0,0.0,0.6502976190476127,0.08333333333333193,0.0,0.0,0.0,0.0,-0.7648809523809579,0.0,0.0,0.6949404761904722,0.0,0.3065476190476185,0.0,-1.1904761905000773e-06
0.0,-0.014880952380953105,0.0,0.0,0.6502976190476133,0.08333333333333237,0.0,0.0,0.0,0.0,-0.7648809523809572,0.0,0.0,0.6949404761904732,0.0,0.0,0.355654761904761,-1.1904761904748104e-06
0.0,-0.014880952380952411,0.0,0.0,0.6502976190476135,0.0,0.3377976190476081,0.0,0.8645833333333319,0.0,0.0,-1.104166666666666,0.0,0.0,-0.6622023809523794,0.0,0.0,-1.1904761905111074e-06
0.0,-0.014880952380951676,0.0,0.0,0.6502976190476144,0.0,0.33779761904760697,0.0,0.8645833333333315,0.0,0.0,-1.1041666666666672,0.0,0.0,0.0,0.3065476190476191,0.0,-1.19047619046593e-06
0.0,-0.01488095238095287,0.0,0.0,0.6502976190476124,0.0,0.33779761904760786,0.0,0.8645833333333304,0.0,0.0,-1.104166666666667,0.0,0.0,0.0,0.0,0.35565476190476025,-1.1904761904768314e-06
0.0,-0.01488095238095355,0.0,0.0,0.6502976190476133,0.0,0.33779761904760863,0.0,0.8645833333333328,0.0,0.0,0.0,0.4092261904761906,0.0,-0.6622023809523807,0.0,0.0,-1.1904761904734873e-06
0.0,-0.014880952380953355,0.0,0.0,0.6502976190476133,0.0,0.33779761904760697,0.0,0.8645833333333321,0.0,0.0,0.0,0.40922619047619013,0.0,0.0,0.30654761904761935,0.0,-1.1904761904777767e-06
0.0,-0.014880952380953882,0.0,0.0,0.6502976190476135,0.0,0.3377976190476065,0.0,0.8645833333333318,0.0,0.0,0.0,0.40922619047619013,0.0,0.0,0.0,0.355654761904759,-1.1904761904790049e-06
0.0,-0.01488095238095237,0.0,0.0,0.6502976190476137,0.0,0.33779761904760786,0.0,0.8645833333333328,0.0,0.0,0.0,0.0,0.6949404761904763,-0.6622023809523804,0.0,0.0,-1.1904761905217292e-06
0.0,-0.014880952380953077,0.0,0.0,0.6502976190476129,0.0,0.33779761904760885,0.0,0.8645833333333319,0.0,0.0,0.0,0.0,0.6949404761904746,0.0,0.3065476190476193,0.0,-1.1904761904586117e-06
0.0,-0.014880952380952411,0.0,0.0,0.6502976190476133,0.0,0.3377976190476075,0.0,0.8645833333333315,0.0,0.0,0.0,0.0,0.6949404761904743,0.0,0.0,0.35565476190475925,-1.190476190461871e-06
0.0,-0.014880952380951995,0.0,0.0,0.6502976190476126,0.0,0.3377976190476082,0.0,0.0,-0.09970238095238038,0.0,-1.104166666666666,0.0,0.0,-0.6622023809523802,0.0,0.0,-1.1904761905571182e-06
0.0,-0.014880952380953105,0.0,0.0,0.6502976190476132,0.0,0.3377976190476071,0.0,0.0,-0.09970238095238051,0.0,-1.1041666666666665,0.0,0.0,0.0,0.3065476190476195,0.0,-1.190476190475073e-06
0.0,-0.014880952380952994,0.0,0.0,0.6502976190476133,0.0,0.33779761904760697,0.0,0.0,-0.0997023809523807,0.0,-1.1041666666666667,0.0,0.0,0.0,0.0,0.3556547619047596,-1.190476190501502e-06
0.0,-0.014880952380952522,0.0,0.0,0.650297619047614,0.0,0.3377976190476071,0.0,0.0,-0.09970238095238021,0.0,0.0,0.40922619047618947,0.0,-0.6622023809523805,0.0,0.0,-1.1904761905180378e-06
0.0,-0.014880952380952592,0.0,0.0,0.6502976190476134,0.0,0.3377976190476075,0.0,0.0,-0.09970238095238004,0.0,0.0,0.4092261904761897,0.0,0.0,0.3065476190476199,0.0,-1.190476190454988e-06
0.0,-0.01488095238095219,0.0,0.0,0.6502976190476141,0.0,0.3377976190476072,0.0,0.0,-0.09970238095238082,0.0,0.0,0.40922619047619024,0.0,0.0,0.0,0.35565476190476153,-1.1904761904891557e-06
0.0,-0.014880952380952175,0.0,0.0,0.6502976190476126,0.0,0.33779761904760697,0.0,0.0,-0.09970238095238027,0.0,0.0,0.0,0.694940476190474,-0.6622023809523805,0.0,0.0,-1.1904761904924185e-06
0.0,-0.014880952380953202,0.0,0.0,0.6502976190476132,0.0,0.33779761904760763,0.0,0.0,-0.09970238095238065,0.0,0.0,0.0,0.6949404761904743,0.0,0.30654761904761996,0.0,-1.1904761904920271e-06
0.0,-0.01488095238095255,0.0,0.0,0.6502976190476133,0.0,0.3377976190476081,0.0,0.0,-0.09970238095238058,0.0,0.0,0.0,0.6949404761904754,0.0,0.0,0.3556547619047616,-1.1904761904625182e-06
0.0,-0.014880952380952647,0.0,0.0,0.6502976190476129,0.0,0.33779761904760763,0.0,0.0,0.0,-0.7648809523809518,-1.1041666666666665,0.0,0.0,-0.6622023809523809,0.0,0.0,-1.1904761905339909e-06
0.0,-0.014880952380952703,0.0,0.0,0.6502976190476123,0.0,0.33779761904760863,0.0,0.0,0.0,-0.7648809523809521,-1.1041666666666663,0.0,0.0,0.0,0.3065476190476186,0.0,-1.1904761904849172e-06
0.0,-0.01488095238095255,0.0,0.0,0.6502976190476147,0.0,0.3377976190476081,0.0,0.0,0.0,-0.7648809523809526,-1.104166666666666,0.0,0.0,0.0,0.0,0.35565476190475936,-1.19047619045902e-06
0.0,-0.014880952380952842,0.0,0.0,0.6502976190476135,0.0,0.33779761904760797,0.0,0.0,0.0,-0.7648809523809526,0.0,0.40922619047619035,0.0,-0.6622023809523806,0.0,0.0,-1.1904761904835822e-06
0.0,-0.014880952380952495,0.0,0.0,0.6502976190476131,0.0,0.33779761904760797,0.0,0.0,0.0,-0.7648809523809521,0.0,0.40922619047619124,0.0,0.0,0.30654761904761874,0.0,-1.1904761905111311e-06
0.0,-0.014880952380952606,0.0,0.0,0.6502976190476126,0.0,0.3377976190476073,0.0,0.0,0.0,-0.7648809523809526,0.0,0.4092261904761909,0.0,0.0,0.0,0.3556547619047589,-1.1904761904750916e-06
0.0,-0.014880952380953147,0.0,0.0,0.6502976190476129,0.0,0.33779761904760663,0.0,0.0,0.0,-0.7648809523809512,0.0,0.0,0.6949404761904735,-0.6622023809523789,0.0,0.0,-1.1904761904694791e-06
0.0,-0.014880952380953716,0.0,0.0,0.6502976190476125,0.0,0.33779761904760774,0.0,0.0,0.0,-0.7648809523809526,0.0,0.0,0.694940476190475,0.0,0.30654761904761885,0.0,-1.1904761905064386e-06
0.0,-0.014880952380952273,0.0,0.0,0.6502976190476139,0.0,0.3377976190476075,0.0,0.0,0.0,-0.7648809523809532,0.0,0.0,0.6949404761904738,0.0,0.0,0.35565476190475825,-1.1904761904959523e-06
0.0,-0.014880952380952647,0.0,0.0,0.6502976190476133,0.0,0.0,-0.4211309523809553,0.864583333333332,0.0,0.0,-1.1041666666666665,0.0,0.0,-0.6622023809523797,0.0,0.0,-1.1904761904822304e-06
0.0,-0.014880952380952453,0.0,0.0,0.6502976190476135,0.0,0.0,-0.4211309523809551,0.8645833333333313,0.0,0.0,-1.1041666666666667,0.0,0.0,0.0,0.30654761904761846,0.0,-1.1904761905367827e-06
0.0,-0.014880952380952939,0.0,0.0,0.6502976190476132,0.0,0.0,-0.42113095238095516,0.8645833333333317,0.0,0.0,-1.1041666666666665,0.0,0.0,0.0,0.0,0.3556547619047603,-1.1904761904696723e-06
0.0,-0.01488095238095205,0.0,0.0,0.6502976190476131,0.0,0.0,-0.42113095238095527,0.864583333333332,0.0,0.0,0.0,0.4092261904761899,0.0,-0.6622023809523797,0.0,0.0,-1.1904761905304333e-06
0.0,-0.014880952380952744,0.0,0.0,0.6502976190476137,0.0,0.0,-0.42113095238095444,0.8645833333333304,0.0,0.0,0.0,0.40922619047619047,0.0,0.0,0.30654761904761824,0.0,-1.1904761904782832e-06
0.0,-0.0148809523809528,0.0,0.0,0.6502976190476132,0.0,0.0,-0.4211309523809552,0.864583333333331,0.0,0.0,0.0,0.4092261904761899,0.0,0.0,0.0,0.3556547619047602,-1.1904761904680171e-06
0.0,-0.014880952380952023,0.0,0.0,0.6502976190476131,0.0,0.0,-0.42113095238095505,0.8645833333333317,0.0,0.0,0.0,0.0,0.6949404761904712,-0.6622023809523795,0.0,0.0,-1.1904761904543884e-06
0.0,-0.014880952380952356,0.0,0.0,0.6502976190476131,0.0,0.0,-0.42113095238095527,0.8645833333333317,0.0,0.0,0.0,0.0,0.6949404761904707,0.0,0.3065476190476192,0.0,-1.1904761904530535e-06
0.0,-0.014880952380952411,0.0,0.0,0.6502976190476131,0.0,0.0,-0.42113095238095477,0.8645833333333316,0.0,0.0,0.0,0.0,0.6949404761904702,0.0,0.0,0.35565476190475925,-1.1904761905041414e-06
0.0,-0.014880952380952703,0.0,0.0,0.6502976190476124,0.0,0.0,-0.42113095238095477,0.0,-0.09970238095238064,0.0,-1.1041666666666667,0.0,0.0,-0.6622023809523815,0.0,0.0,-1.190476190492415e-06
0.0,-0.014880952380952078,0.0,0.0,0.6502976190476126,0.0,0.0,-0.42113095238095527,0.0,-0.09970238095238053,0.0,-1.1041666666666679,0.0,0.0,0.0,0.3065476190476189,0.0,-1.1904761905114462e-06
0.0,-0.014880952380953327,0.0,0.0,0.6502976190476126,0.0,0.0,-0.4211309523809554,0.0,-0.09970238095237996,0.0,-1.1041666666666674,0.0,0.0,0.0,0.0,0.35565476190475814,-1.1904761904804092e-06
0.0,-0.014880952380953064,0.0,0.0,0.6502976190476133,0.0,0.0,-0.42113095238095566,0.0,-0.0997023809523799,0.0,0.0,0.4092261904761887,0.0,-0.6622023809523796,0.0,0.0,-1.190476190480316e-06
0.0,-0.014880952380952883,0.0,0.0,0.6502976190476135,0.0,0.0,-0.4211309523809544,0.0,-0.09970238095238029,0.0,0.0,0.40922619047619013,0.0,0.0,0.30654761904761973,0.0,-1.190476190472437e-06
0.0,-0.014880952380953119,0.0,0.0,0.6502976190476137,0.0,0.0,-0.4211309523809552,0.0,-0.0997023809523802,0.0,0.0,0.4092261904761897,0.0,0.0,0.0,0.35565476190475953,-1.1904761904999215e-06
0.0,-0.01488095238095262,0.0,0.0,0.6502976190476144,0.0,0.0,-0.421130952380955,0.0,-0.09970238095237968,0.0,0.0,0.0,0.6949404761904728,-0.6622023809523809,0.0,0.0,-1.190476190479142e-06
0.0,-0.0148809523809523,0.0,0.0,0.6502976190476132,0.0,0.0,-0.42113095238095466,0.0,-0.09970238095238013,0.0,0.0,0.0,0.6949404761904716,0.0,0.3065476190476193,0.0,-1.1904761904841853e-06
0.0,-0.014880952380952883,0.0,0.0,0.6502976190476129,0.0,0.0,-0.42113095238095544,0.0,-0.09970238095238004,0.0,0.0,0.0,0.694940476190472,0.0,0.0,0.3556547619047596,-1.190476190470682e-06
0.0,-0.014880952380952425,0.0,0.0,0.6502976190476133,0.0,0.0,-0.4211309523809549,0.0,0.0,-0.7648809523809554,-1.104166666666667,0.0,0.0,-0.6622023809523812,0.0,0.0,-1.1904761905085917e-06
0.0,-0.014880952380953244,0.0,0.0,0.6502976190476133,0.0,0.0,-0.4211309523809552,0.0,0.0,-0.7648809523809554,-1.104166666666667,0.0,0.0,0.0,0.3065476190476196,0.0,-1.1904761905070129e-06
0.0,-0.014880952380952883,0.0,0.0,0.6502976190476129,0.0,0.0,-0.4211309523809551,0.0,0.0,-0.764880952380955,-1.1041666666666674,0.0,0.0,0.0,0.0,0.35565476190476114,-1.1904761905049783e-06
0.0,-0.014880952380953216,0.0,0.0,0.6502976190476133,0.0,0.0,-0.42113095238095444,0.0,0.0,-0.764880952380955,0.0,0.40922619047619024,0.0,-0.6622023809523803,0.0,0.0,-1.1904761905003535e-06
0.0,-0.014880952380953036,0.0,0.0,0.6502976190476119,0.0,0.0,-0.4211309523809546,0.0,0.0,-0.764880952380955,0.0,0.40922619047619124,0.0,0.0,0.3065476190476188,0.0,-1.1904761904905431e-06
0.0,-0.014880952380952883,0.0,0.0,0.6502976190476133,0.0,0.0,-0.42113095238095477,0.0,0.0,-0.7648809523809547,0.0,0.40922619047619035,0.0,0.0,0.0,0.35565476190476175,-1.190476190499847e-06
0.0,-0.014880952380952439,0.0,0.0,0.6502976190476126,0.0,0.0,-0.42113095238095455,0.0,0.0,-0.7648809523809552,0.0,0.0,0.694940476190473,-0.6622023809523812,0.0,0.0,-1.190476190495959e-06
0.0,-0.014880952380952273,0.0,0.0,0.6502976190476137,0.0,0.0,-0.42113095238095555,0.0,0.0,-0.7648809523809554,0.0,0.0,0.6949404761904708,0.0,0.3065476190476185,0.0,-1.1904761905059558e-06
0.0,-0.014880952380953175,0.0,0.0,0.6502976190476116,0.0,0.0,-0.4211309523809551,0.0,0.0,-0.7648809523809554,0.0,0.0,0.6949404761904723,0.0,0.0,0.3556547619047604,-1.1904761904869822e-06
