INDEX,CARD,BIO1,BIO2,BIO3,SCA1,SCA2,SCA3,KNO1,KNO2,KNO3,USE1,USE2,USE3,MET1,MET2,ANA1,ANA2,PRICE,Y,Cluster
14,1,1,0,0,0,0,1,0,1,0,0,1,0,1,0,1,0,3,2,0
14,2,0,1,0,0,1,0,1,0,0,0,1,0,1,0,0,1,2,3,0
14,3,0,1,0,1,0,0,0,1,0,0,0,1,0,1,0,1,1,5,0
14,4,1,0,0,0,1,0,0,0,1,1,0,0,0,1,0,1,3,1,0
14,5,0,1,0,0,0,1,0,1,0,1,0,0,0,1,1,0,2,4,0
14,6,0,0,1,1,0,0,0,0,1,0,0,1,1,0,1,0,2,2,0
14,7,0,1,0,0,0,1,0,0,1,0,1,0,1,0,1,0,1,6,0
14,8,1,0,0,1,0,0,1,0,0,1,0,0,1,0,1,0,1,3,0
14,9,0,0,1,0,0,1,0,0,1,1,0,0,1,0,0,1,1,6,0
14,10,0,0,1,0,1,0,1,0,0,0,1,0,0,1,1,0,1,6,0
14,11,1,0,0,0,1,0,0,1,0,0,0,1,1,0,1,0,1,6,0
14,12,1,0,0,1,0,0,0,0,1,0,1,0,0,1,1,0,2,1,0
14,13,0,1,0,0,1,0,0,0,1,0,0,1,1,0,1,0,3,1,0
14,14,0,0,1,1,0,0,0,1,0,0,1,0,1,0,0,1,3,1,0
14,15,0,0,1,0,1,0,0,1,0,1,0,0,1,0,1,0,2,4,0
14,16,0,1,0,1,0,0,1,0,0,1,0,0,1,0,1,0,3,2,0
14,17,0,0,1,0,0,1,1,0,0,0,0,1,0,1,1,0,3,2,0
14,18,1,0,0,0,0,1,1,0,0,0,0,1,1,0,0,1,2,2,0
17,1,1,0,0,0,0,1,0,1,0,0,1,0,1,0,1,0,3,4,1
17,2,0,1,0,0,1,0,1,0,0,0,1,0,1,0,0,1,2,5,1
17,3,0,1,0,1,0,0,0,1,0,0,0,1,0,1,0,1,1,10,1
17,4,1,0,0,0,1,0,0,0,1,1,0,0,0,1,0,1,3,5,1
17,5,0,1,0,0,0,1,0,1,0,1,0,0,0,1,1,0,2,8,1
17,6,0,0,1,1,0,0,0,0,1,0,0,1,1,0,1,0,2,8,1
17,7,0,1,0,0,0,1,0,0,1,0,1,0,1,0,1,0,1,10,1
17,8,1,0,0,1,0,0,1,0,0,1,0,0,1,0,1,0,1,10,1
17,9,0,0,1,0,0,1,0,0,1,1,0,0,1,0,0,1,1,10,1
17,10,0,0,1,0,1,0,1,0,0,0,1,0,0,1,1,0,1,10,1
17,11,1,0,0,0,1,0,0,1,0,0,0,1,1,0,1,0,1,10,1
17,12,1,0,0,1,0,0,0,0,1,0,1,0,0,1,1,0,2,10,1
17,13,0,1,0,0,1,0,0,0,1,0,0,1,1,0,1,0,3,5,1
17,14,0,0,1,1,0,0,0,1,0,0,1,0,1,0,0,1,3,5,1
17,15,0,0,1,0,1,0,0,1,0,1,0,0,1,0,1,0,2,4,1
17,16,0,1,0,1,0,0,1,0,0,1,0,0,1,0,1,0,3,4,1
17,17,0,0,1,0,0,1,1,0,0,0,0,1,0,1,1,0,3,6,1
17,18,1,0,0,0,0,1,1,0,0,0,0,1,1,0,0,1,2,6,1
19,1,1,0,0,0,0,1,0,1,0,0,1,0,1,0,1,0,3,0,0
19,2,0,1,0,0,1,0,1,0,0,0,1,0,1,0,0,1,2,2,0
19,3,0,1,0,1,0,0,0,1,0,0,0,1,0,1,0,1,1,8,0
19,4,1,0,0,0,1,0,0,0,1,1,0,0,0,1,0,1,3,1,0
19,5,0,1,0,0,0,1,0,1,0,1,0,0,0,1,1,0,2,6,0
19,6,0,0,1,1,0,0,0,0,1,0,0,1,1,0,1,0,2,2,0
19,7,0,1,0,0,0,1,0,0,1,0,1,0,1,0,1,0,1,3,0
19,8,1,0,0,1,0,0,1,0,0,1,0,0,1,0,1,0,1,0,0
19,9,0,0,1,0,0,1,0,0,1,1,0,0,1,0,0,1,1,4,0
19,10,0,0,1,0,1,0,1,0,0,0,1,0,0,1,1,0,1,5,0
19,11,1,0,0,0,1,0,0,1,0,0,0,1,1,0,1,0,1,1,0
19,12,1,0,0,1,0,0,0,0,1,0,1,0,0,1,1,0,2,6,0
19,13,0,1,0,0,1,0,0,0,1,0,0,1,1,0,1,0,3,3,0
19,14,0,0,1,1,0,0,0,1,0,0,1,0,1,0,0,1,3,7,0
19,15,0,0,1,0,1,0,0,1,0,1,0,0,1,0,1,0,2,3,0
19,16,0,1,0,1,0,0,1,0,0,1,0,0,1,0,1,0,3,0,0
19,17,0,0,1,0,0,1,1,0,0,0,0,1,0,1,1,0,3,7,0
19,18,1,0,0,0,0,1,1,0,0,0,0,1,1,0,0,1,2,1,0
22,1,1,0,0,0,0,1,0,1,0,0,1,0,1,0,1,0,3,0,0
22,2,0,1,0,0,1,0,1,0,0,0,1,0,1,0,0,1,2,3,0
22,3,0,1,0,1,0,0,0,1,0,0,0,1,0,1,0,1,1,5,0
22,4,1,0,0,0,1,0,0,0,1,1,0,0,0,1,0,1,3,0,0
22,5,0,1,0,0,0,1,0,1,0,1,0,0,0,1,1,0,2,5,0
22,6,0,0,1,1,0,0,0,0,1,0,0,1,1,0,1,0,2,3,0
22,7,0,1,0,0,0,1,0,0,1,0,1,0,1,0,1,0,1,5,0
22,8,1,0,0,1,0,0,1,0,0,1,0,0,1,0,1,0,1,0,0
22,9,0,0,1,0,0,1,0,0,1,1,0,0,1,0,0,1,1,2,0
22,10,0,0,1,0,1,0,1,0,0,0,1,0,0,1,1,0,1,2,0
22,11,1,0,0,0,1,0,0,1,0,0,0,1,1,0,1,0,1,0,0
22,12,1,0,0,1,0,0,0,0,1,0,1,0,0,1,1,0,2,0,0
22,13,0,1,0,0,1,0,0,0,1,0,0,1,1,0,1,0,3,0,0
22,14,0,0,1,1,0,0,0,1,0,0,1,0,1,0,0,1,3,4,0
22,15,0,0,1,0,1,0,0,1,0,1,0,0,1,0,1,0,2,3,0
22,16,0,1,0,1,0,0,1,0,0,1,0,0,1,0,1,0,3,2,0
22,17,0,0,1,0,0,1,1,0,0,0,0,1,0,1,1,0,3,2,0
22,18,1,0,0,0,0,1,1,0,0,0,0,1,1,0,0,1,2,0,0
23,1,1,0,0,0,0,1,0,1,0,0,1,0,1,0,1,0,3,0,0
23,2,0,1,0,0,1,0,1,0,0,0,1,0,1,0,0,1,2,9,0
23,3,0,1,0,1,0,0,0,1,0,0,0,1,0,1,0,1,1,1,0
23,4,1,0,0,0,1,0,0,0,1,1,0,0,0,1,0,1,3,4,0
23,5,0,1,0,0,0,1,0,1,0,1,0,0,0,1,1,0,2,6,0
23,6,0,0,1,1,0,0,0,0,1,0,0,1,1,0,1,0,2,1,0
23,7,0,1,0,0,0,1,0,0,1,0,1,0,1,0,1,0,1,3,0
23,8,1,0,0,1,0,0,1,0,0,1,0,0,1,0,1,0,1,0,0
23,9,0,0,1,0,0,1,0,0,1,1,0,0,1,0,0,1,1,7,0
23,10,0,0,1,0,1,0,1,0,0,0,1,0,0,1,1,0,1,2,0
23,11,1,0,0,0,1,0,0,1,0,0,0,1,1,0,1,0,1,0,0
23,12,1,0,0,1,0,0,0,0,1,0,1,0,0,1,1,0,2,0,0
23,13,0,1,0,0,1,0,0,0,1,0,0,1,1,0,1,0,3,0,0
23,14,0,0,1,1,0,0,0,1,0,0,1,0,1,0,0,1,3,0,0
23,15,0,0,1,0,1,0,0,1,0,1,0,0,1,0,1,0,2,5,0
23,16,0,1,0,1,0,0,1,0,0,1,0,0,1,0,1,0,3,0,0
23,17,0,0,1,0,0,1,1,0,0,0,0,1,0,1,1,0,3,1,0
23,18,1,0,0,0,0,1,1,0,0,0,0,1,1,0,0,1,2,10,0
24,1,1,0,0,0,0,1,0,1,0,0,1,0,1,0,1,0,3,5,0
24,2,0,1,0,0,1,0,1,0,0,0,1,0,1,0,0,1,2,6,0
24,3,0,1,0,1,0,0,0,1,0,0,0,1,0,1,0,1,1,8,0
24,4,1,0,0,0,1,0,0,0,1,1,0,0,0,1,0,1,3,9,0
24,5,0,1,0,0,0,1,0,1,0,1,0,0,0,1,1,0,2,6,0
24,6,0,0,1,1,0,0,0,0,1,0,0,1,1,0,1,0,2,5,0
24,7,0,1,0,0,0,1,0,0,1,0,1,0,1,0,1,0,1,5,0
24,8,1,0,0,1,0,0,1,0,0,1,0,0,1,0,1,0,1,5,0
24,9,0,0,1,0,0,1,0,0,1,1,0,0,1,0,0,1,1,6,0
24,10,0,0,1,0,1,0,1,0,0,0,1,0,0,1,1,0,1,6,0
24,11,1,0,0,0,1,0,0,1,0,0,0,1,1,0,1,0,1,5,0
24,12,1,0,0,1,0,0,0,0,1,0,1,0,0,1,1,0,2,6,0
24,13,0,1,0,0,1,0,0,0,1,0,0,1,1,0,1,0,3,5,0
24,14,0,0,1,1,0,0,0,1,0,0,1,0,1,0,0,1,3,5,0
24,15,0,0,1,0,1,0,0,1,0,1,0,0,1,0,1,0,2,5,0
24,16,0,1,0,1,0,0,1,0,0,1,0,0,1,0,1,0,3,5,0
24,17,0,0,1,0,0,1,1,0,0,0,0,1,0,1,1,0,3,6,0
24,18,1,0,0,0,0,1,1,0,0,0,0,1,1,0,0,1,2,6,0
25,1,1,0,0,0,0,1,0,1,0,0,1,0,1,0,1,0,3,0,0
25,2,0,1,0,0,1,0,1,0,0,0,1,0,1,0,0,1,2,7,0
25,3,0,1,0,1,0,0,0,1,0,0,0,1,0,1,0,1,1,9,0
25,4,1,0,0,0,1,0,0,0,1,1,0,0,0,1,0,1,3,0,0
25,5,0,1,0,0,0,1,0,1,0,1,0,0,0,1,1,0,2,4,0
25,6,0,0,1,1,0,0,0,0,1,0,0,1,1,0,1,0,2,2,0
25,7,0,1,0,0,0,1,0,0,1,0,1,0,1,0,1,0,1,2,0
25,8,1,0,0,1,0,0,1,0,0,1,0,0,1,0,1,0,1,0,0
25,9,0,0,1,0,0,1,0,0,1,1,0,0,1,0,0,1,1,6,0
25,10,0,0,1,0,1,0,1,0,0,0,1,0,0,1,1,0,1,4,0
25,11,1,0,0,0,1,0,0,1,0,0,0,1,1,0,1,0,1,0,0
25,12,1,0,0,1,0,0,0,0,1,0,1,0,0,1,1,0,2,0,0
25,13,0,1,0,0,1,0,0,0,1,0,0,1,1,0,1,0,3,3,0
25,14,0,0,1,1,0,0,0,1,0,0,1,0,1,0,0,1,3,6,0
25,15,0,0,1,0,1,0,0,1,0,1,0,0,1,0,1,0,2,4,0
25,16,0,1,0,1,0,0,1,0,0,1,0,0,1,0,1,0,3,3,0
25,17,0,0,1,0,0,1,1,0,0,0,0,1,0,1,1,0,3,3,0
25,18,1,0,0,0,0,1,1,0,0,0,0,1,1,0,0,1,2,0,0
26,1,1,0,0,0,0,1,0,1,0,0,1,0,1,0,1,0,3,2,0
26,2,0,1,0,0,1,0,1,0,0,0,1,0,1,0,0,1,2,5,0
26,3,0,1,0,1,0,0,0,1,0,0,0,1,0,1,0,1,1,10,0
26,4,1,0,0,0,1,0,0,0,1,1,0,0,0,1,0,1,3,7,0
26,5,0,1,0,0,0,1,0,1,0,1,0,0,0,1,1,0,2,5,0
26,6,0,0,1,1,0,0,0,0,1,0,0,1,1,0,1,0,2,1,0
26,7,0,1,0,0,0,1,0,0,1,0,1,0,1,0,1,0,1,3,0
26,8,1,0,0,1,0,0,1,0,0,1,0,0,1,0,1,0,1,3,0
26,9,0,0,1,0,0,1,0,0,1,1,0,0,1,0,0,1,1,6,0
26,10,0,0,1,0,1,0,1,0,0,0,1,0,0,1,1,0,1,5,0
26,11,1,0,0,0,1,0,0,1,0,0,0,1,1,0,1,0,1,3,0
26,12,1,0,0,1,0,0,0,0,1,0,1,0,0,1,1,0,2,4,0
26,13,0,1,0,0,1,0,0,0,1,0,0,1,1,0,1,0,3,1,0
26,14,0,0,1,1,0,0,0,1,0,0,1,0,1,0,0,1,3,5,0
26,15,0,0,1,0,1,0,0,1,0,1,0,0,1,0,1,0,2,1,0
26,16,0,1,0,1,0,0,1,0,0,1,0,0,1,0,1,0,3,1,0
26,17,0,0,1,0,0,1,1,0,0,0,0,1,0,1,1,0,3,2,0
26,18,1,0,0,0,0,1,1,0,0,0,0,1,1,0,0,1,2,5,0
27,1,1,0,0,0,0,1,0,1,0,0,1,0,1,0,1,0,3,0,0
27,2,0,1,0,0,1,0,1,0,0,0,1,0,1,0,0,1,2,0,0
27,3,0,1,0,1,0,0,0,1,0,0,0,1,0,1,0,1,1,10,0
27,4,1,0,0,0,1,0,0,0,1,1,0,0,0,1,0,1,3,5,0
27,5,0,1,0,0,0,1,0,1,0,1,0,0,0,1,1,0,2,10,0
27,6,0,0,1,1,0,0,0,0,1,0,0,1,1,0,1,0,2,0,0
27,7,0,1,0,0,0,1,0,0,1,0,1,0,1,0,1,0,1,4,0
27,8,1,0,0,1,0,0,1,0,0,1,0,0,1,0,1,0,1,0,0
27,9,0,0,1,0,0,1,0,0,1,1,0,0,1,0,0,1,1,10,0
27,10,0,0,1,0,1,0,1,0,0,0,1,0,0,1,1,0,1,10,0
27,11,1,0,0,0,1,0,0,1,0,0,0,1,1,0,1,0,1,5,0
27,12,1,0,0,1,0,0,0,0,1,0,1,0,0,1,1,0,2,5,0
27,13,0,1,0,0,1,0,0,0,1,0,0,1,1,0,1,0,3,0,0
27,14,0,0,1,1,0,0,0,1,0,0,1,0,1,0,0,1,3,0,0
27,15,0,0,1,0,1,0,0,1,0,1,0,0,1,0,1,0,2,0,0
27,16,0,1,0,1,0,0,1,0,0,1,0,0,1,0,1,0,3,0,0
27,17,0,0,1,0,0,1,1,0,0,0,0,1,0,1,1,0,3,8,0
27,18,1,0,0,0,0,1,1,0,0,0,0,1,1,0,0,1,2,8,0
28,1,1,0,0,0,0,1,0,1,0,0,1,0,1,0,1,0,3,0,0
28,2,0,1,0,0,1,0,1,0,0,0,1,0,1,0,0,1,2,0,0
28,3,0,1,0,1,0,0,0,1,0,0,0,1,0,1,0,1,1,4,0
28,4,1,0,0,0,1,0,0,0,1,1,0,0,0,1,0,1,3,3,0
28,5,0,1,0,0,0,1,0,1,0,1,0,0,0,1,1,0,2,3,0
28,6,0,0,1,1,0,0,0,0,1,0,0,1,1,0,1,0,2,0,0
28,7,0,1,0,0,0,1,0,0,1,0,1,0,1,0,1,0,1,0,0
28,8,1,0,0,1,0,0,1,0,0,1,0,0,1,0,1,0,1,0,0
28,9,0,0,1,0,0,1,0,0,1,1,0,0,1,0,0,1,1,0,0
28,10,0,0,1,0,1,0,1,0,0,0,1,0,0,1,1,0,1,4,0
28,11,1,0,0,0,1,0,0,1,0,0,0,1,1,0,1,0,1,0,0
28,12,1,0,0,1,0,0,0,0,1,0,1,0,0,1,1,0,2,4,0
28,13,0,1,0,0,1,0,0,0,1,0,0,1,1,0,1,0,3,0,0
28,14,0,0,1,1,0,0,0,1,0,0,1,0,1,0,0,1,3,0,0
28,15,0,0,1,0,1,0,0,1,0,1,0,0,1,0,1,0,2,0,0
28,16,0,1,0,1,0,0,1,0,0,1,0,0,1,0,1,0,3,0,0
28,17,0,0,1,0,0,1,1,0,0,0,0,1,0,1,1,0,3,5,0
28,18,1,0,0,0,0,1,1,0,0,0,0,1,1,0,0,1,2,0,0
32,1,1,0,0,0,0,1,0,1,0,0,1,0,1,0,1,0,3,6,0
32,2,0,1,0,0,1,0,1,0,0,0,1,0,1,0,0,1,2,6,0
32,3,0,1,0,1,0,0,0,1,0,0,0,1,0,1,0,1,1,8,0
32,4,1,0,0,0,1,0,0,0,1,1,0,0,0,1,0,1,3,4,0
32,5,0,1,0,0,0,1,0,1,0,1,0,0,0,1,1,0,2,7,0
32,6,0,0,1,1,0,0,0,0,1,0,0,1,1,0,1,0,2,7,0
32,7,0,1,0,0,0,1,0,0,1,0,1,0,1,0,1,0,1,6,0
32,8,1,0,0,1,0,0,1,0,0,1,0,0,1,0,1,0,1,5,0
32,9,0,0,1,0,0,1,0,0,1,1,0,0,1,0,0,1,1,8,0
32,10,0,0,1,0,1,0,1,0,0,0,1,0,0,1,1,0,1,7,0
32,11,1,0,0,0,1,0,0,1,0,0,0,1,1,0,1,0,1,6,0
32,12,1,0,0,1,0,0,0,0,1,0,1,0,0,1,1,0,2,7,0
32,13,0,1,0,0,1,0,0,0,1,0,0,1,1,0,1,0,3,6,0
32,14,0,0,1,1,0,0,0,1,0,0,1,0,1,0,0,1,3,8,0
32,15,0,0,1,0,1,0,0,1,0,1,0,0,1,0,1,0,2,7,0
32,16,0,1,0,1,0,0,1,0,0,1,0,0,1,0,1,0,3,6,0
32,17,0,0,1,0,0,1,1,0,0,0,0,1,0,1,1,0,3,8,0
32,18,1,0,0,0,0,1,1,0,0,0,0,1,1,0,0,1,2,8,0
37,1,1,0,0,0,0,1,0,1,0,0,1,0,1,0,1,0,3,2,0
37,2,0,1,0,0,1,0,1,0,0,0,1,0,1,0,0,1,2,3,0
37,3,0,1,0,1,0,0,0,1,0,0,0,1,0,1,0,1,1,7,0
37,4,1,0,0,0,1,0,0,0,1,1,0,0,0,1,0,1,3,4,0
37,5,0,1,0,0,0,1,0,1,0,1,0,0,0,1,1,0,2,3,0
37,6,0,0,1,1,0,0,0,0,1,0,0,1,1,0,1,0,2,3,0
37,7,0,1,0,0,0,1,0,0,1,0,1,0,1,0,1,0,1,2,0
37,8,1,0,0,1,0,0,1,0,0,1,0,0,1,0,1,0,1,2,0
37,9,0,0,1,0,0,1,0,0,1,1,0,0,1,0,0,1,1,6,0
37,10,0,0,1,0,1,0,1,0,0,0,1,0,0,1,1,0,1,5,0
37,11,1,0,0,0,1,0,0,1,0,0,0,1,1,0,1,0,1,2,0
37,12,1,0,0,1,0,0,0,0,1,0,1,0,0,1,1,0,2,3,0
37,13,0,1,0,0,1,0,0,0,1,0,0,1,1,0,1,0,3,3,0
37,14,0,0,1,1,0,0,0,1,0,0,1,0,1,0,0,1,3,3,0
37,15,0,0,1,0,1,0,0,1,0,1,0,0,1,0,1,0,2,2,0
37,16,0,1,0,1,0,0,1,0,0,1,0,0,1,0,1,0,3,2,0
37,17,0,0,1,0,0,1,1,0,0,0,0,1,0,1,1,0,3,4,0
37,18,1,0,0,0,0,1,1,0,0,0,0,1,1,0,0,1,2,3,0
39,1,1,0,0,0,0,1,0,1,0,0,1,0,1,0,1,0,3,5,1
39,2,0,1,0,0,1,0,1,0,0,0,1,0,1,0,0,1,2,8,1
39,3,0,1,0,1,0,0,0,1,0,0,0,1,0,1,0,1,1,8,1
39,4,1,0,0,0,1,0,0,0,1,1,0,0,0,1,0,1,3,5,1
39,5,0,1,0,0,0,1,0,1,0,1,0,0,0,1,1,0,2,10,1
39,6,0,0,1,1,0,0,0,0,1,0,0,1,1,0,1,0,2,10,1
39,7,0,1,0,0,0,1,0,0,1,0,1,0,1,0,1,0,1,10,1
39,8,1,0,0,1,0,0,1,0,0,1,0,0,1,0,1,0,1,10,1
39,9,0,0,1,0,0,1,0,0,1,1,0,0,1,0,0,1,1,10,1
39,10,0,0,1,0,1,0,1,0,0,0,1,0,0,1,1,0,1,10,1
39,11,1,0,0,0,1,0,0,1,0,0,0,1,1,0,1,0,1,10,1
39,12,1,0,0,1,0,0,0,0,1,0,1,0,0,1,1,0,2,10,1
39,13,0,1,0,0,1,0,0,0,1,0,0,1,1,0,1,0,3,5,1
39,14,0,0,1,1,0,0,0,1,0,0,1,0,1,0,0,1,3,5,1
39,15,0,0,1,0,1,0,0,1,0,1,0,0,1,0,1,0,2,9,1
39,16,0,1,0,1,0,0,1,0,0,1,0,0,1,0,1,0,3,5,1
39,17,0,0,1,0,0,1,1,0,0,0,0,1,0,1,1,0,3,5,1
39,18,1,0,0,0,0,1,1,0,0,0,0,1,1,0,0,1,2,10,1
41,1,1,0,0,0,0,1,0,1,0,0,1,0,1,0,1,0,3,4,0
41,2,0,1,0,0,1,0,1,0,0,0,1,0,1,0,0,1,2,6,0
41,3,0,1,0,1,0,0,0,1,0,0,0,1,0,1,0,1,1,6,0
41,4,1,0,0,0,1,0,0,0,1,1,0,0,0,1,0,1,3,8,0
41,5,0,1,0,0,0,1,0,1,0,1,0,0,0,1,1,0,2,8,0
41,6,0,0,1,1,0,0,0,0,1,0,0,1,1,0,1,0,2,4,0
41,7,0,1,0,0,0,1,0,0,1,0,1,0,1,0,1,0,1,5,0
41,8,1,0,0,1,0,0,1,0,0,1,0,0,1,0,1,0,1,4,0
41,9,0,0,1,0,0,1,0,0,1,1,0,0,1,0,0,1,1,8,0
41,10,0,0,1,0,1,0,1,0,0,0,1,0,0,1,1,0,1,5,0
41,11,1,0,0,0,1,0,0,1,0,0,0,1,1,0,1,0,1,3,0
41,12,1,0,0,1,0,0,0,0,1,0,1,0,0,1,1,0,2,3,0
41,13,0,1,0,0,1,0,0,0,1,0,0,1,1,0,1,0,3,5,0
41,14,0,0,1,1,0,0,0,1,0,0,1,0,1,0,0,1,3,5,0
41,15,0,0,1,0,1,0,0,1,0,1,0,0,1,0,1,0,2,3,0
41,16,0,1,0,1,0,0,1,0,0,1,0,0,1,0,1,0,3,4,0
41,17,0,0,1,0,0,1,1,0,0,0,0,1,0,1,1,0,3,6,0
41,18,1,0,0,0,0,1,1,0,0,0,0,1,1,0,0,1,2,5,0
42,1,1,0,0,0,0,1,0,1,0,0,1,0,1,0,1,0,3,5,0
42,2,0,1,0,0,1,0,1,0,0,0,1,0,1,0,0,1,2,4,0
42,3,0,1,0,1,0,0,0,1,0,0,0,1,0,1,0,1,1,5,0
42,4,1,0,0,0,1,0,0,0,1,1,0,0,0,1,0,1,3,5,0
42,5,0,1,0,0,0,1,0,1,0,1,0,0,0,1,1,0,2,5,0
42,6,0,0,1,1,0,0,0,0,1,0,0,1,1,0,1,0,2,5,0
42,7,0,1,0,0,0,1,0,0,1,0,1,0,1,0,1,0,1,5,0
42,8,1,0,0,1,0,0,1,0,0,1,0,0,1,0,1,0,1,4,0
42,9,0,0,1,0,0,1,0,0,1,1,0,0,1,0,0,1,1,5,0
42,10,0,0,1,0,1,0,1,0,0,0,1,0,0,1,1,0,1,5,0
42,11,1,0,0,0,1,0,0,1,0,0,0,1,1,0,1,0,1,6,0
42,12,1,0,0,1,0,0,0,0,1,0,1,0,0,1,1,0,2,5,0
42,13,0,1,0,0,1,0,0,0,1,0,0,1,1,0,1,0,3,4,0
42,14,0,0,1,1,0,0,0,1,0,0,1,0,1,0,0,1,3,5,0
42,15,0,0,1,0,1,0,0,1,0,1,0,0,1,0,1,0,2,6,0
42,16,0,1,0,1,0,0,1,0,0,1,0,0,1,0,1,0,3,5,0
42,17,0,0,1,0,0,1,1,0,0,0,0,1,0,1,1,0,3,5,0
42,18,1,0,0,0,0,1,1,0,0,0,0,1,1,0,0,1,2,6,0
46,1,1,0,0,0,0,1,0,1,0,0,1,0,1,0,1,0,3,0,1
46,2,0,1,0,0,1,0,1,0,0,0,1,0,1,0,0,1,2,5,1
46,3,0,1,0,1,0,0,0,1,0,0,0,1,0,1,0,1,1,8,1
46,4,1,0,0,0,1,0,0,0,1,1,0,0,0,1,0,1,3,0,1
46,5,0,1,0,0,0,1,0,1,0,1,0,0,0,1,1,0,2,5,1
46,6,0,0,1,1,0,0,0,0,1,0,0,1,1,0,1,0,2,8,1
46,7,0,1,0,0,0,1,0,0,1,0,1,0,1,0,1,0,1,8,1
46,8,1,0,0,1,0,0,1,0,0,1,0,0,1,0,1,0,1,8,1
46,9,0,0,1,0,0,1,0,0,1,1,0,0,1,0,0,1,1,8,1
46,10,0,0,1,0,1,0,1,0,0,0,1,0,0,1,1,0,1,8,1
46,11,1,0,0,0,1,0,0,1,0,0,0,1,1,0,1,0,1,8,1
46,12,1,0,0,1,0,0,0,0,1,0,1,0,0,1,1,0,2,8,1
46,13,0,1,0,0,1,0,0,0,1,0,0,1,1,0,1,0,3,0,1
46,14,0,0,1,1,0,0,0,1,0,0,1,0,1,0,0,1,3,0,1
46,15,0,0,1,0,1,0,0,1,0,1,0,0,1,0,1,0,2,5,1
46,16,0,1,0,1,0,0,1,0,0,1,0,0,1,0,1,0,3,0,1
46,17,0,0,1,0,0,1,1,0,0,0,0,1,0,1,1,0,3,0,1
46,18,1,0,0,0,0,1,1,0,0,0,0,1,1,0,0,1,2,5,1
49,1,1,0,0,0,0,1,0,1,0,0,1,0,1,0,1,0,3,4,0
49,2,0,1,0,0,1,0,1,0,0,0,1,0,1,0,0,1,2,5,0
49,3,0,1,0,1,0,0,0,1,0,0,0,1,0,1,0,1,1,4,0
49,4,1,0,0,0,1,0,0,0,1,1,0,0,0,1,0,1,3,5,0
49,5,0,1,0,0,0,1,0,1,0,1,0,0,0,1,1,0,2,4,0
49,6,0,0,1,1,0,0,0,0,1,0,0,1,1,0,1,0,2,5,0
49,7,0,1,0,0,0,1,0,0,1,0,1,0,1,0,1,0,1,4,0
49,8,1,0,0,1,0,0,1,0,0,1,0,0,1,0,1,0,1,5,0
49,9,0,0,1,0,0,1,0,0,1,1,0,0,1,0,0,1,1,4,0
49,10,0,0,1,0,1,0,1,0,0,0,1,0,0,1,1,0,1,5,0
49,11,1,0,0,0,1,0,0,1,0,0,0,1,1,0,1,0,1,4,0
49,12,1,0,0,1,0,0,0,0,1,0,1,0,0,1,1,0,2,5,0
49,13,0,1,0,0,1,0,0,0,1,0,0,1,1,0,1,0,3,4,0
49,14,0,0,1,1,0,0,0,1,0,0,1,0,1,0,0,1,3,5,0
49,15,0,0,1,0,1,0,0,1,0,1,0,0,1,0,1,0,2,4,0
49,16,0,1,0,1,0,0,1,0,0,1,0,0,1,0,1,0,3,5,0
49,17,0,0,1,0,0,1,1,0,0,0,0,1,0,1,1,0,3,4,0
49,18,1,0,0,0,0,1,1,0,0,0,0,1,1,0,0,1,2,5,0
56,1,1,0,0,0,0,1,0,1,0,0,1,0,1,0,1,0,3,7,1
56,2,0,1,0,0,1,0,1,0,0,0,1,0,1,0,0,1,2,8,1
56,3,0,1,0,1,0,0,0,1,0,0,0,1,0,1,0,1,1,6,1
56,4,1,0,0,0,1,0,0,0,1,1,0,0,0,1,0,1,3,6,1
56,5,0,1,0,0,0,1,0,1,0,1,0,0,0,1,1,0,2,9,1
56,6,0,0,1,1,0,0,0,0,1,0,0,1,1,0,1,0,2,7,1
56,7,0,1,0,0,0,1,0,0,1,0,1,0,1,0,1,0,1,10,1
56,8,1,0,0,1,0,0,1,0,0,1,0,0,1,0,1,0,1,6,1
56,9,0,0,1,0,0,1,0,0,1,1,0,0,1,0,0,1,1,8,1
56,10,0,0,1,0,1,0,1,0,0,0,1,0,0,1,1,0,1,7,1
56,11,1,0,0,0,1,0,0,1,0,0,0,1,1,0,1,0,1,9,1
56,12,1,0,0,1,0,0,0,0,1,0,1,0,0,1,1,0,2,7,1
56,13,0,1,0,0,1,0,0,0,1,0,0,1,1,0,1,0,3,6,1
56,14,0,0,1,1,0,0,0,1,0,0,1,0,1,0,0,1,3,5,1
56,15,0,0,1,0,1,0,0,1,0,1,0,0,1,0,1,0,2,7,1
56,16,0,1,0,1,0,0,1,0,0,1,0,0,1,0,1,0,3,6,1
56,17,0,0,1,0,0,1,1,0,0,0,0,1,0,1,1,0,3,8,1
56,18,1,0,0,0,0,1,1,0,0,0,0,1,1,0,0,1,2,9,1
57,1,1,0,0,0,0,1,0,1,0,0,1,0,1,0,1,0,3,4,0
57,2,0,1,0,0,1,0,1,0,0,0,1,0,1,0,0,1,2,7,0
57,3,0,1,0,1,0,0,0,1,0,0,0,1,0,1,0,1,1,2,0
57,4,1,0,0,0,1,0,0,0,1,1,0,0,0,1,0,1,3,3,0
57,5,0,1,0,0,0,1,0,1,0,1,0,0,0,1,1,0,2,6,0
57,6,0,0,1,1,0,0,0,0,1,0,0,1,1,0,1,0,2,5,0
57,7,0,1,0,0,0,1,0,0,1,0,1,0,1,0,1,0,1,3,0
57,8,1,0,0,1,0,0,1,0,0,1,0,0,1,0,1,0,1,2,0
57,9,0,0,1,0,0,1,0,0,1,1,0,0,1,0,0,1,1,6,0
57,10,0,0,1,0,1,0,1,0,0,0,1,0,0,1,1,0,1,3,0
57,11,1,0,0,0,1,0,0,1,0,0,0,1,1,0,1,0,1,3,0
57,12,1,0,0,1,0,0,0,0,1,0,1,0,0,1,1,0,2,3,0
57,13,0,1,0,0,1,0,0,0,1,0,0,1,1,0,1,0,3,3,0
57,14,0,0,1,1,0,0,0,1,0,0,1,0,1,0,0,1,3,6,0
57,15,0,0,1,0,1,0,0,1,0,1,0,0,1,0,1,0,2,4,0
57,16,0,1,0,1,0,0,1,0,0,1,0,0,1,0,1,0,3,4,0
57,17,0,0,1,0,0,1,1,0,0,0,0,1,0,1,1,0,3,5,0
57,18,1,0,0,0,0,1,1,0,0,0,0,1,1,0,0,1,2,7,0
59,1,1,0,0,0,0,1,0,1,0,0,1,0,1,0,1,0,3,2,1
59,2,0,1,0,0,1,0,1,0,0,0,1,0,1,0,0,1,2,4,1
59,3,0,1,0,1,0,0,0,1,0,0,0,1,0,1,0,1,1,7,1
59,4,1,0,0,0,1,0,0,0,1,1,0,0,0,1,0,1,3,1,1
59,5,0,1,0,0,0,1,0,1,0,1,0,0,0,1,1,0,2,3,1
59,6,0,0,1,1,0,0,0,0,1,0,0,1,1,0,1,0,2,5,1
59,7,0,1,0,0,0,1,0,0,1,0,1,0,1,0,1,0,1,8,1
59,8,1,0,0,1,0,0,1,0,0,1,0,0,1,0,1,0,1,8,1
59,9,0,0,1,0,0,1,0,0,1,1,0,0,1,0,0,1,1,8,1
59,10,0,0,1,0,1,0,1,0,0,0,1,0,0,1,1,0,1,6,1
59,11,1,0,0,0,1,0,0,1,0,0,0,1,1,0,1,0,1,8,1
59,12,1,0,0,1,0,0,0,0,1,0,1,0,0,1,1,0,2,3,1
59,13,0,1,0,0,1,0,0,0,1,0,0,1,1,0,1,0,3,1,1
59,14,0,0,1,1,0,0,0,1,0,0,1,0,1,0,0,1,3,1,1
59,15,0,0,1,0,1,0,0,1,0,1,0,0,1,0,1,0,2,3,1
59,16,0,1,0,1,0,0,1,0,0,1,0,0,1,0,1,0,3,1,1
59,17,0,0,1,0,0,1,1,0,0,0,0,1,0,1,1,0,3,1,1
59,18,1,0,0,0,0,1,1,0,0,0,0,1,1,0,0,1,2,4,1
64,1,1,0,0,0,0,1,0,1,0,0,1,0,1,0,1,0,3,0,0
64,2,0,1,0,0,1,0,1,0,0,0,1,0,1,0,0,1,2,7,0
64,3,0,1,0,1,0,0,0,1,0,0,0,1,0,1,0,1,1,6,0
64,4,1,0,0,0,1,0,0,0,1,1,0,0,0,1,0,1,3,0,0
64,5,0,1,0,0,0,1,0,1,0,1,0,0,0,1,1,0,2,2,0
64,6,0,0,1,1,0,0,0,0,1,0,0,1,1,0,1,0,2,1,0
64,7,0,1,0,0,0,1,0,0,1,0,1,0,1,0,1,0,1,6,0
64,8,1,0,0,1,0,0,1,0,0,1,0,0,1,0,1,0,1,3,0
64,9,0,0,1,0,0,1,0,0,1,1,0,0,1,0,0,1,1,6,0
64,10,0,0,1,0,1,0,1,0,0,0,1,0,0,1,1,0,1,6,0
64,11,1,0,0,0,1,0,0,1,0,0,0,1,1,0,1,0,1,2,0
64,12,1,0,0,1,0,0,0,0,1,0,1,0,0,1,1,0,2,4,0
64,13,0,1,0,0,1,0,0,0,1,0,0,1,1,0,1,0,3,0,0
64,14,0,0,1,1,0,0,0,1,0,0,1,0,1,0,0,1,3,0,0
64,15,0,0,1,0,1,0,0,1,0,1,0,0,1,0,1,0,2,1,0
64,16,0,1,0,1,0,0,1,0,0,1,0,0,1,0,1,0,3,0,0
64,17,0,0,1,0,0,1,1,0,0,0,0,1,0,1,1,0,3,0,0
64,18,1,0,0,0,0,1,1,0,0,0,0,1,1,0,0,1,2,4,0
65,1,1,0,0,0,0,1,0,1,0,0,1,0,1,0,1,0,3,0,1
65,2,0,1,0,0,1,0,1,0,0,0,1,0,1,0,0,1,2,0,1
65,3,0,1,0,1,0,0,0,1,0,0,0,1,0,1,0,1,1,10,1
65,4,1,0,0,0,1,0,0,0,1,1,0,0,0,1,0,1,3,5,1
65,5,0,1,0,0,0,1,0,1,0,1,0,0,0,1,1,0,2,7,1
65,6,0,0,1,1,0,0,0,0,1,0,0,1,1,0,1,0,2,3,1
65,7,0,1,0,0,0,1,0,0,1,0,1,0,1,0,1,0,1,8,1
65,8,1,0,0,1,0,0,1,0,0,1,0,0,1,0,1,0,1,3,1
65,9,0,0,1,0,0,1,0,0,1,1,0,0,1,0,0,1,1,8,1
65,10,0,0,1,0,1,0,1,0,0,0,1,0,0,1,1,0,1,7,1
65,11,1,0,0,0,1,0,0,1,0,0,0,1,1,0,1,0,1,7,1
65,12,1,0,0,1,0,0,0,0,1,0,1,0,0,1,1,0,2,3,1
65,13,0,1,0,0,1,0,0,0,1,0,0,1,1,0,1,0,3,0,1
65,14,0,0,1,1,0,0,0,1,0,0,1,0,1,0,0,1,3,0,1
65,15,0,0,1,0,1,0,0,1,0,1,0,0,1,0,1,0,2,3,1
65,16,0,1,0,1,0,0,1,0,0,1,0,0,1,0,1,0,3,0,1
65,17,0,0,1,0,0,1,1,0,0,0,0,1,0,1,1,0,3,0,1
65,18,1,0,0,0,0,1,1,0,0,0,0,1,1,0,0,1,2,3,1
66,1,1,0,0,0,0,1,0,1,0,0,1,0,1,0,1,0,3,7,0
66,2,0,1,0,0,1,0,1,0,0,0,1,0,1,0,0,1,2,0,0
66,3,0,1,0,1,0,0,0,1,0,0,0,1,0,1,0,1,1,0,0
66,4,1,0,0,0,1,0,0,0,1,1,0,0,0,1,0,1,3,0,0
66,5,0,1,0,0,0,1,0,1,0,1,0,0,0,1,1,0,2,9,0
66,6,0,0,1,1,0,0,0,0,1,0,0,1,1,0,1,0,2,3,0
66,7,0,1,0,0,0,1,0,0,1,0,1,0,1,0,1,0,1,7,0
66,8,1,0,0,1,0,0,1,0,0,1,0,0,1,0,1,0,1,1,0
66,9,0,0,1,0,0,1,0,0,1,1,0,0,1,0,0,1,1,3,0
66,10,0,0,1,0,1,0,1,0,0,0,1,0,0,1,1,0,1,2,0
66,11,1,0,0,0,1,0,0,1,0,0,0,1,1,0,1,0,1,0,0
66,12,1,0,0,1,0,0,0,0,1,0,1,0,0,1,1,0,2,0,0
66,13,0,1,0,0,1,0,0,0,1,0,0,1,1,0,1,0,3,5,0
66,14,0,0,1,1,0,0,0,1,0,0,1,0,1,0,0,1,3,5,0
66,15,0,0,1,0,1,0,0,1,0,1,0,0,1,0,1,0,2,5,0
66,16,0,1,0,1,0,0,1,0,0,1,0,0,1,0,1,0,3,5,0
66,17,0,0,1,0,0,1,1,0,0,0,0,1,0,1,1,0,3,5,0
66,18,1,0,0,0,0,1,1,0,0,0,0,1,1,0,0,1,2,5,0
70,1,1,0,0,0,0,1,0,1,0,0,1,0,1,0,1,0,3,2,1
70,2,0,1,0,0,1,0,1,0,0,0,1,0,1,0,0,1,2,6,1
70,3,0,1,0,1,0,0,0,1,0,0,0,1,0,1,0,1,1,9,1
70,4,1,0,0,0,1,0,0,0,1,1,0,0,0,1,0,1,3,2,1
70,5,0,1,0,0,0,1,0,1,0,1,0,0,0,1,1,0,2,4,1
70,6,0,0,1,1,0,0,0,0,1,0,0,1,1,0,1,0,2,6,1
70,7,0,1,0,0,0,1,0,0,1,0,1,0,1,0,1,0,1,7,1
70,8,1,0,0,1,0,0,1,0,0,1,0,0,1,0,1,0,1,5,1
70,9,0,0,1,0,0,1,0,0,1,1,0,0,1,0,0,1,1,8,1
70,10,0,0,1,0,1,0,1,0,0,0,1,0,0,1,1,0,1,7,1
70,11,1,0,0,0,1,0,0,1,0,0,0,1,1,0,1,0,1,3,1
70,12,1,0,0,1,0,0,0,0,1,0,1,0,0,1,1,0,2,3,1
70,13,0,1,0,0,1,0,0,0,1,0,0,1,1,0,1,0,3,1,1
70,14,0,0,1,1,0,0,0,1,0,0,1,0,1,0,0,1,3,1,1
70,15,0,0,1,0,1,0,0,1,0,1,0,0,1,0,1,0,2,6,1
70,16,0,1,0,1,0,0,1,0,0,1,0,0,1,0,1,0,3,1,1
70,17,0,0,1,0,0,1,1,0,0,0,0,1,0,1,1,0,3,1,1
70,18,1,0,0,0,0,1,1,0,0,0,0,1,1,0,0,1,2,6,1
71,1,1,0,0,0,0,1,0,1,0,0,1,0,1,0,1,0,3,8,0
71,2,0,1,0,0,1,0,1,0,0,0,1,0,1,0,0,1,2,6,0
71,3,0,1,0,1,0,0,0,1,0,0,0,1,0,1,0,1,1,10,0
71,4,1,0,0,0,1,0,0,0,1,1,0,0,0,1,0,1,3,6,0
71,5,0,1,0,0,0,1,0,1,0,1,0,0,0,1,1,0,2,9,0
71,6,0,0,1,1,0,0,0,0,1,0,0,1,1,0,1,0,2,6,0
71,7,0,1,0,0,0,1,0,0,1,0,1,0,1,0,1,0,1,10,0
71,8,1,0,0,1,0,0,1,0,0,1,0,0,1,0,1,0,1,1,0
71,9,0,0,1,0,0,1,0,0,1,1,0,0,1,0,0,1,1,9,0
71,10,0,0,1,0,1,0,1,0,0,0,1,0,0,1,1,0,1,6,0
71,11,1,0,0,0,1,0,0,1,0,0,0,1,1,0,1,0,1,6,0
71,12,1,0,0,1,0,0,0,0,1,0,1,0,0,1,1,0,2,6,0
71,13,0,1,0,0,1,0,0,0,1,0,0,1,1,0,1,0,3,4,0
71,14,0,0,1,1,0,0,0,1,0,0,1,0,1,0,0,1,3,4,0
71,15,0,0,1,0,1,0,0,1,0,1,0,0,1,0,1,0,2,4,0
71,16,0,1,0,1,0,0,1,0,0,1,0,0,1,0,1,0,3,1,0
71,17,0,0,1,0,0,1,1,0,0,0,0,1,0,1,1,0,3,6,0
71,18,1,0,0,0,0,1,1,0,0,0,0,1,1,0,0,1,2,9,0
72,1,1,0,0,0,0,1,0,1,0,0,1,0,1,0,1,0,3,3,0
72,2,0,1,0,0,1,0,1,0,0,0,1,0,1,0,0,1,2,3,0
72,3,0,1,0,1,0,0,0,1,0,0,0,1,0,1,0,1,1,1,0
72,4,1,0,0,0,1,0,0,0,1,1,0,0,0,1,0,1,3,3,0
72,5,0,1,0,0,0,1,0,1,0,1,0,0,0,1,1,0,2,3,0
72,6,0,0,1,1,0,0,0,0,1,0,0,1,1,0,1,0,2,3,0
72,7,0,1,0,0,0,1,0,0,1,0,1,0,1,0,1,0,1,3,0
72,8,1,0,0,1,0,0,1,0,0,1,0,0,1,0,1,0,1,3,0
72,9,0,0,1,0,0,1,0,0,1,1,0,0,1,0,0,1,1,3,0
72,10,0,0,1,0,1,0,1,0,0,0,1,0,0,1,1,0,1,3,0
72,11,1,0,0,0,1,0,0,1,0,0,0,1,1,0,1,0,1,2,0
72,12,1,0,0,1,0,0,0,0,1,0,1,0,0,1,1,0,2,4,0
72,13,0,1,0,0,1,0,0,0,1,0,0,1,1,0,1,0,3,3,0
72,14,0,0,1,1,0,0,0,1,0,0,1,0,1,0,0,1,3,4,0
72,15,0,0,1,0,1,0,0,1,0,1,0,0,1,0,1,0,2,4,0
72,16,0,1,0,1,0,0,1,0,0,1,0,0,1,0,1,0,3,4,0
72,17,0,0,1,0,0,1,1,0,0,0,0,1,0,1,1,0,3,4,0
72,18,1,0,0,0,0,1,1,0,0,0,0,1,1,0,0,1,2,3,0
73,1,1,0,0,0,0,1,0,1,0,0,1,0,1,0,1,0,3,8,1
73,2,0,1,0,0,1,0,1,0,0,0,1,0,1,0,0,1,2,7,1
73,3,0,1,0,1,0,0,0,1,0,0,0,1,0,1,0,1,1,8,1
73,4,1,0,0,0,1,0,0,0,1,1,0,0,0,1,0,1,3,7,1
73,5,0,1,0,0,0,1,0,1,0,1,0,0,0,1,1,0,2,8,1
73,6,0,0,1,1,0,0,0,0,1,0,0,1,1,0,1,0,2,7,1
73,7,0,1,0,0,0,1,0,0,1,0,1,0,1,0,1,0,1,8,1
73,8,1,0,0,1,0,0,1,0,0,1,0,0,1,0,1,0,1,7,1
73,9,0,0,1,0,0,1,0,0,1,1,0,0,1,0,0,1,1,8,1
73,10,0,0,1,0,1,0,1,0,0,0,1,0,0,1,1,0,1,7,1
73,11,1,0,0,0,1,0,0,1,0,0,0,1,1,0,1,0,1,8,1
73,12,1,0,0,1,0,0,0,0,1,0,1,0,0,1,1,0,2,7,1
73,13,0,1,0,0,1,0,0,0,1,0,0,1,1,0,1,0,3,8,1
73,14,0,0,1,1,0,0,0,1,0,0,1,0,1,0,0,1,3,7,1
73,15,0,0,1,0,1,0,0,1,0,1,0,0,1,0,1,0,2,8,1
73,16,0,1,0,1,0,0,1,0,0,1,0,0,1,0,1,0,3,7,1
73,17,0,0,1,0,0,1,1,0,0,0,0,1,0,1,1,0,3,8,1
73,18,1,0,0,0,0,1,1,0,0,0,0,1,1,0,0,1,2,7,1
74,1,1,0,0,0,0,1,0,1,0,0,1,0,1,0,1,0,3,7,0
74,2,0,1,0,0,1,0,1,0,0,0,1,0,1,0,0,1,2,5,0
74,3,0,1,0,1,0,0,0,1,0,0,0,1,0,1,0,1,1,2,0
74,4,1,0,0,0,1,0,0,0,1,1,0,0,0,1,0,1,3,5,0
74,5,0,1,0,0,0,1,0,1,0,1,0,0,0,1,1,0,2,5,0
74,6,0,0,1,1,0,0,0,0,1,0,0,1,1,0,1,0,2,6,0
74,7,0,1,0,0,0,1,0,0,1,0,1,0,1,0,1,0,1,8,0
74,8,1,0,0,1,0,0,1,0,0,1,0,0,1,0,1,0,1,6,0
74,9,0,0,1,0,0,1,0,0,1,1,0,0,1,0,0,1,1,3,0
74,10,0,0,1,0,1,0,1,0,0,0,1,0,0,1,1,0,1,7,0
74,11,1,0,0,0,1,0,0,1,0,0,0,1,1,0,1,0,1,6,0
74,12,1,0,0,1,0,0,0,0,1,0,1,0,0,1,1,0,2,6,0
74,13,0,1,0,0,1,0,0,0,1,0,0,1,1,0,1,0,3,6,0
74,14,0,0,1,1,0,0,0,1,0,0,1,0,1,0,0,1,3,5,0
74,15,0,0,1,0,1,0,0,1,0,1,0,0,1,0,1,0,2,5,0
74,16,0,1,0,1,0,0,1,0,0,1,0,0,1,0,1,0,3,6,0
74,17,0,0,1,0,0,1,1,0,0,0,0,1,0,1,1,0,3,6,0
74,18,1,0,0,0,0,1,1,0,0,0,0,1,1,0,0,1,2,4,0
76,1,1,0,0,0,0,1,0,1,0,0,1,0,1,0,1,0,3,1,1
76,2,0,1,0,0,1,0,1,0,0,0,1,0,1,0,0,1,2,4,1
76,3,0,1,0,1,0,0,0,1,0,0,0,1,0,1,0,1,1,7,1
76,4,1,0,0,0,1,0,0,0,1,1,0,0,0,1,0,1,3,1,1
76,5,0,1,0,0,0,1,0,1,0,1,0,0,0,1,1,0,2,7,1
76,6,0,0,1,1,0,0,0,0,1,0,0,1,1,0,1,0,2,7,1
76,7,0,1,0,0,0,1,0,0,1,0,1,0,1,0,1,0,1,7,1
76,8,1,0,0,1,0,0,1,0,0,1,0,0,1,0,1,0,1,7,1
76,9,0,0,1,0,0,1,0,0,1,1,0,0,1,0,0,1,1,7,1
76,10,0,0,1,0,1,0,1,0,0,0,1,0,0,1,1,0,1,7,1
76,11,1,0,0,0,1,0,0,1,0,0,0,1,1,0,1,0,1,7,1
76,12,1,0,0,1,0,0,0,0,1,0,1,0,0,1,1,0,2,4,1
76,13,0,1,0,0,1,0,0,0,1,0,0,1,1,0,1,0,3,1,1
76,14,0,0,1,1,0,0,0,1,0,0,1,0,1,0,0,1,3,1,1
76,15,0,0,1,0,1,0,0,1,0,1,0,0,1,0,1,0,2,4,1
76,16,0,1,0,1,0,0,1,0,0,1,0,0,1,0,1,0,3,1,1
76,17,0,0,1,0,0,1,1,0,0,0,0,1,0,1,1,0,3,1,1
76,18,1,0,0,0,0,1,1,0,0,0,0,1,1,0,0,1,2,4,1
78,1,1,0,0,0,0,1,0,1,0,0,1,0,1,0,1,0,3,7,1
78,2,0,1,0,0,1,0,1,0,0,0,1,0,1,0,0,1,2,9,1
78,3,0,1,0,1,0,0,0,1,0,0,0,1,0,1,0,1,1,10,1
78,4,1,0,0,0,1,0,0,0,1,1,0,0,0,1,0,1,3,7,1
78,5,0,1,0,0,0,1,0,1,0,1,0,0,0,1,1,0,2,9,1
78,6,0,0,1,1,0,0,0,0,1,0,0,1,1,0,1,0,2,10,1
78,7,0,1,0,0,0,1,0,0,1,0,1,0,1,0,1,0,1,10,1
78,8,1,0,0,1,0,0,1,0,0,1,0,0,1,0,1,0,1,10,1
78,9,0,0,1,0,0,1,0,0,1,1,0,0,1,0,0,1,1,10,1
78,10,0,0,1,0,1,0,1,0,0,0,1,0,0,1,1,0,1,10,1
78,11,1,0,0,0,1,0,0,1,0,0,0,1,1,0,1,0,1,10,1
78,12,1,0,0,1,0,0,0,0,1,0,1,0,0,1,1,0,2,10,1
78,13,0,1,0,0,1,0,0,0,1,0,0,1,1,0,1,0,3,7,1
78,14,0,0,1,1,0,0,0,1,0,0,1,0,1,0,0,1,3,7,1
78,15,0,0,1,0,1,0,0,1,0,1,0,0,1,0,1,0,2,10,1
78,16,0,1,0,1,0,0,1,0,0,1,0,0,1,0,1,0,3,8,1
78,17,0,0,1,0,0,1,1,0,0,0,0,1,0,1,1,0,3,8,1
78,18,1,0,0,0,0,1,1,0,0,0,0,1,1,0,0,1,2,8,1
79,1,1,0,0,0,0,1,0,1,0,0,1,0,1,0,1,0,3,4,1
79,2,0,1,0,0,1,0,1,0,0,0,1,0,1,0,0,1,2,8,1
79,3,0,1,0,1,0,0,0,1,0,0,0,1,0,1,0,1,1,5,1
79,4,1,0,0,0,1,0,0,0,1,1,0,0,0,1,0,1,3,4,1
79,5,0,1,0,0,0,1,0,1,0,1,0,0,0,1,1,0,2,7,1
79,6,0,0,1,1,0,0,0,0,1,0,0,1,1,0,1,0,2,7,1
79,7,0,1,0,0,0,1,0,0,1,0,1,0,1,0,1,0,1,8,1
79,8,1,0,0,1,0,0,1,0,0,1,0,0,1,0,1,0,1,8,1
79,9,0,0,1,0,0,1,0,0,1,1,0,0,1,0,0,1,1,8,1
79,10,0,0,1,0,1,0,1,0,0,0,1,0,0,1,1,0,1,8,1
79,11,1,0,0,0,1,0,0,1,0,0,0,1,1,0,1,0,1,8,1
79,12,1,0,0,1,0,0,0,0,1,0,1,0,0,1,1,0,2,8,1
79,13,0,1,0,0,1,0,0,0,1,0,0,1,1,0,1,0,3,4,1
79,14,0,0,1,1,0,0,0,1,0,0,1,0,1,0,0,1,3,7,1
79,15,0,0,1,0,1,0,0,1,0,1,0,0,1,0,1,0,2,5,1
79,16,0,1,0,1,0,0,1,0,0,1,0,0,1,0,1,0,3,4,1
79,17,0,0,1,0,0,1,1,0,0,0,0,1,0,1,1,0,3,4,1
79,18,1,0,0,0,0,1,1,0,0,0,0,1,1,0,0,1,2,6,1
82,1,1,0,0,0,0,1,0,1,0,0,1,0,1,0,1,0,3,5,0
82,2,0,1,0,0,1,0,1,0,0,0,1,0,1,0,0,1,2,5,0
82,3,0,1,0,1,0,0,0,1,0,0,0,1,0,1,0,1,1,7,0
82,4,1,0,0,0,1,0,0,0,1,1,0,0,0,1,0,1,3,6,0
82,5,0,1,0,0,0,1,0,1,0,1,0,0,0,1,1,0,2,7,0
82,6,0,0,1,1,0,0,0,0,1,0,0,1,1,0,1,0,2,4,0
82,7,0,1,0,0,0,1,0,0,1,0,1,0,1,0,1,0,1,5,0
82,8,1,0,0,1,0,0,1,0,0,1,0,0,1,0,1,0,1,5,0
82,9,0,0,1,0,0,1,0,0,1,1,0,0,1,0,0,1,1,4,0
82,10,0,0,1,0,1,0,1,0,0,0,1,0,0,1,1,0,1,7,0
82,11,1,0,0,0,1,0,0,1,0,0,0,1,1,0,1,0,1,5,0
82,12,1,0,0,1,0,0,0,0,1,0,1,0,0,1,1,0,2,6,0
82,13,0,1,0,0,1,0,0,0,1,0,0,1,1,0,1,0,3,5,0
82,14,0,0,1,1,0,0,0,1,0,0,1,0,1,0,0,1,3,4,0
82,15,0,0,1,0,1,0,0,1,0,1,0,0,1,0,1,0,2,4,0
82,16,0,1,0,1,0,0,1,0,0,1,0,0,1,0,1,0,3,5,0
82,17,0,0,1,0,0,1,1,0,0,0,0,1,0,1,1,0,3,6,0
82,18,1,0,0,0,0,1,1,0,0,0,0,1,1,0,0,1,2,5,0
87,1,1,0,0,0,0,1,0,1,0,0,1,0,1,0,1,0,3,3,0
87,2,0,1,0,0,1,0,1,0,0,0,1,0,1,0,0,1,2,3,0
87,3,0,1,0,1,0,0,0,1,0,0,0,1,0,1,0,1,1,3,0
87,4,1,0,0,0,1,0,0,0,1,1,0,0,0,1,0,1,3,5,0
87,5,0,1,0,0,0,1,0,1,0,1,0,0,0,1,1,0,2,3,0
87,6,0,0,1,1,0,0,0,0,1,0,0,1,1,0,1,0,2,3,0
87,7,0,1,0,0,0,1,0,0,1,0,1,0,1,0,1,0,1,3,0
87,8,1,0,0,1,0,0,1,0,0,1,0,0,1,0,1,0,1,3,0
87,9,0,0,1,0,0,1,0,0,1,1,0,0,1,0,0,1,1,7,0
87,10,0,0,1,0,1,0,1,0,0,0,1,0,0,1,1,0,1,4,0
87,11,1,0,0,0,1,0,0,1,0,0,0,1,1,0,1,0,1,2,0
87,12,1,0,0,1,0,0,0,0,1,0,1,0,0,1,1,0,2,2,0
87,13,0,1,0,0,1,0,0,0,1,0,0,1,1,0,1,0,3,4,0
87,14,0,0,1,1,0,0,0,1,0,0,1,0,1,0,0,1,3,3,0
87,15,0,0,1,0,1,0,0,1,0,1,0,0,1,0,1,0,2,4,0
87,16,0,1,0,1,0,0,1,0,0,1,0,0,1,0,1,0,3,3,0
87,17,0,0,1,0,0,1,1,0,0,0,0,1,0,1,1,0,3,3,0
87,18,1,0,0,0,0,1,1,0,0,0,0,1,1,0,0,1,2,4,0
88,1,1,0,0,0,0,1,0,1,0,0,1,0,1,0,1,0,3,5,0
88,2,0,1,0,0,1,0,1,0,0,0,1,0,1,0,0,1,2,7,0
88,3,0,1,0,1,0,0,0,1,0,0,0,1,0,1,0,1,1,10,0
88,4,1,0,0,0,1,0,0,0,1,1,0,0,0,1,0,1,3,9,0
88,5,0,1,0,0,0,1,0,1,0,1,0,0,0,1,1,0,2,5,0
88,6,0,0,1,1,0,0,0,0,1,0,0,1,1,0,1,0,2,5,0
88,7,0,1,0,0,0,1,0,0,1,0,1,0,1,0,1,0,1,5,0
88,8,1,0,0,1,0,0,1,0,0,1,0,0,1,0,1,0,1,5,0
88,9,0,0,1,0,0,1,0,0,1,1,0,0,1,0,0,1,1,9,0
88,10,0,0,1,0,1,0,1,0,0,0,1,0,0,1,1,0,1,6,0
88,11,1,0,0,0,1,0,0,1,0,0,0,1,1,0,1,0,1,5,0
88,12,1,0,0,1,0,0,0,0,1,0,1,0,0,1,1,0,2,6,0
88,13,0,1,0,0,1,0,0,0,1,0,0,1,1,0,1,0,3,6,0
88,14,0,0,1,1,0,0,0,1,0,0,1,0,1,0,0,1,3,9,0
88,15,0,0,1,0,1,0,0,1,0,1,0,0,1,0,1,0,2,6,0
88,16,0,1,0,1,0,0,1,0,0,1,0,0,1,0,1,0,3,6,0
88,17,0,0,1,0,0,1,1,0,0,0,0,1,0,1,1,0,3,7,0
88,18,1,0,0,0,0,1,1,0,0,0,0,1,1,0,0,1,2,7,0
93,1,1,0,0,0,0,1,0,1,0,0,1,0,1,0,1,0,3,2,0
93,2,0,1,0,0,1,0,1,0,0,0,1,0,1,0,0,1,2,3,0
93,3,0,1,0,1,0,0,0,1,0,0,0,1,0,1,0,1,1,4,0
93,4,1,0,0,0,1,0,0,0,1,1,0,0,0,1,0,1,3,3,0
93,5,0,1,0,0,0,1,0,1,0,1,0,0,0,1,1,0,2,3,0
93,6,0,0,1,1,0,0,0,0,1,0,0,1,1,0,1,0,2,3,0
93,7,0,1,0,0,0,1,0,0,1,0,1,0,1,0,1,0,1,3,0
93,8,1,0,0,1,0,0,1,0,0,1,0,0,1,0,1,0,1,3,0
93,9,0,0,1,0,0,1,0,0,1,1,0,0,1,0,0,1,1,3,0
93,10,0,0,1,0,1,0,1,0,0,0,1,0,0,1,1,0,1,6,0
93,11,1,0,0,0,1,0,0,1,0,0,0,1,1,0,1,0,1,3,0
93,12,1,0,0,1,0,0,0,0,1,0,1,0,0,1,1,0,2,3,0
93,13,0,1,0,0,1,0,0,0,1,0,0,1,1,0,1,0,3,3,0
93,14,0,0,1,1,0,0,0,1,0,0,1,0,1,0,0,1,3,3,0
93,15,0,0,1,0,1,0,0,1,0,1,0,0,1,0,1,0,2,3,0
93,16,0,1,0,1,0,0,1,0,0,1,0,0,1,0,1,0,3,3,0
93,17,0,0,1,0,0,1,1,0,0,0,0,1,0,1,1,0,3,3,0
93,18,1,0,0,0,0,1,1,0,0,0,0,1,1,0,0,1,2,3,0
95,1,1,0,0,0,0,1,0,1,0,0,1,0,1,0,1,0,3,0,0
95,2,0,1,0,0,1,0,1,0,0,0,1,0,1,0,0,1,2,5,0
95,3,0,1,0,1,0,0,0,1,0,0,0,1,0,1,0,1,1,3,0
95,4,1,0,0,0,1,0,0,0,1,1,0,0,0,1,0,1,3,0,0
95,5,0,1,0,0,0,1,0,1,0,1,0,0,0,1,1,0,2,7,0
95,6,0,0,1,1,0,0,0,0,1,0,0,1,1,0,1,0,2,5,0
95,7,0,1,0,0,0,1,0,0,1,0,1,0,1,0,1,0,1,7,0
95,8,1,0,0,1,0,0,1,0,0,1,0,0,1,0,1,0,1,0,0
95,9,0,0,1,0,0,1,0,0,1,1,0,0,1,0,0,1,1,7,0
95,10,0,0,1,0,1,0,1,0,0,0,1,0,0,1,1,0,1,5,0
95,11,1,0,0,0,1,0,0,1,0,0,0,1,1,0,1,0,1,0,0
95,12,1,0,0,1,0,0,0,0,1,0,1,0,0,1,1,0,2,0,0
95,13,0,1,0,0,1,0,0,0,1,0,0,1,1,0,1,0,3,3,0
95,14,0,0,1,1,0,0,0,1,0,0,1,0,1,0,0,1,3,3,0
95,15,0,0,1,0,1,0,0,1,0,1,0,0,1,0,1,0,2,5,0
95,16,0,1,0,1,0,0,1,0,0,1,0,0,1,0,1,0,3,3,0
95,17,0,0,1,0,0,1,1,0,0,0,0,1,0,1,1,0,3,8,0
95,18,1,0,0,0,0,1,1,0,0,0,0,1,1,0,0,1,2,0,0
97,1,1,0,0,0,0,1,0,1,0,0,1,0,1,0,1,0,3,0,0
97,2,0,1,0,0,1,0,1,0,0,0,1,0,1,0,0,1,2,1,0
97,3,0,1,0,1,0,0,0,1,0,0,0,1,0,1,0,1,1,1,0
97,4,1,0,0,0,1,0,0,0,1,1,0,0,0,1,0,1,3,0,0
97,5,0,1,0,0,0,1,0,1,0,1,0,0,0,1,1,0,2,1,0
97,6,0,0,1,1,0,0,0,0,1,0,0,1,1,0,1,0,2,2,0
97,7,0,1,0,0,0,1,0,0,1,0,1,0,1,0,1,0,1,1,0
97,8,1,0,0,1,0,0,1,0,0,1,0,0,1,0,1,0,1,0,0
97,9,0,0,1,0,0,1,0,0,1,1,0,0,1,0,0,1,1,1,0
97,10,0,0,1,0,1,0,1,0,0,0,1,0,0,1,1,0,1,0,0
97,11,1,0,0,0,1,0,0,1,0,0,0,1,1,0,1,0,1,1,0
97,12,1,0,0,1,0,0,0,0,1,0,1,0,0,1,1,0,2,1,0
97,13,0,1,0,0,1,0,0,0,1,0,0,1,1,0,1,0,3,1,0
97,14,0,0,1,1,0,0,0,1,0,0,1,0,1,0,0,1,3,0,0
97,15,0,0,1,0,1,0,0,1,0,1,0,0,1,0,1,0,2,0,0
97,16,0,1,0,1,0,0,1,0,0,1,0,0,1,0,1,0,3,0,0
97,17,0,0,1,0,0,1,1,0,0,0,0,1,0,1,1,0,3,2,0
97,18,1,0,0,0,0,1,1,0,0,0,0,1,1,0,0,1,2,5,0
100,1,1,0,0,0,0,1,0,1,0,0,1,0,1,0,1,0,3,3,1
100,2,0,1,0,0,1,0,1,0,0,0,1,0,1,0,0,1,2,7,1
100,3,0,1,0,1,0,0,0,1,0,0,0,1,0,1,0,1,1,10,1
100,4,1,0,0,0,1,0,0,0,1,1,0,0,0,1,0,1,3,5,1
100,5,0,1,0,0,0,1,0,1,0,1,0,0,0,1,1,0,2,7,1
100,6,0,0,1,1,0,0,0,0,1,0,0,1,1,0,1,0,2,7,1
100,7,0,1,0,0,0,1,0,0,1,0,1,0,1,0,1,0,1,10,1
100,8,1,0,0,1,0,0,1,0,0,1,0,0,1,0,1,0,1,10,1
100,9,0,0,1,0,0,1,0,0,1,1,0,0,1,0,0,1,1,9,1
100,10,0,0,1,0,1,0,1,0,0,0,1,0,0,1,1,0,1,9,1
100,11,1,0,0,0,1,0,0,1,0,0,0,1,1,0,1,0,1,9,1
100,12,1,0,0,1,0,0,0,0,1,0,1,0,0,1,1,0,2,7,1
100,13,0,1,0,0,1,0,0,0,1,0,0,1,1,0,1,0,3,7,1
100,14,0,0,1,1,0,0,0,1,0,0,1,0,1,0,0,1,3,7,1
100,15,0,0,1,0,1,0,0,1,0,1,0,0,1,0,1,0,2,7,1
100,16,0,1,0,1,0,0,1,0,0,1,0,0,1,0,1,0,3,4,1
100,17,0,0,1,0,0,1,1,0,0,0,0,1,0,1,1,0,3,4,1
100,18,1,0,0,0,0,1,1,0,0,0,0,1,1,0,0,1,2,6,1
106,1,1,0,0,0,0,1,0,1,0,0,1,0,1,0,1,0,3,5,0
106,2,0,1,0,0,1,0,1,0,0,0,1,0,1,0,0,1,2,5,0
106,3,0,1,0,1,0,0,0,1,0,0,0,1,0,1,0,1,1,6,0
106,4,1,0,0,0,1,0,0,0,1,1,0,0,0,1,0,1,3,5,0
106,5,0,1,0,0,0,1,0,1,0,1,0,0,0,1,1,0,2,5,0
106,6,0,0,1,1,0,0,0,0,1,0,0,1,1,0,1,0,2,4,0
106,7,0,1,0,0,0,1,0,0,1,0,1,0,1,0,1,0,1,4,0
106,8,1,0,0,1,0,0,1,0,0,1,0,0,1,0,1,0,1,4,0
106,9,0,0,1,0,0,1,0,0,1,1,0,0,1,0,0,1,1,5,0
106,10,0,0,1,0,1,0,1,0,0,0,1,0,0,1,1,0,1,6,0
106,11,1,0,0,0,1,0,0,1,0,0,0,1,1,0,1,0,1,6,0
106,12,1,0,0,1,0,0,0,0,1,0,1,0,0,1,1,0,2,6,0
106,13,0,1,0,0,1,0,0,0,1,0,0,1,1,0,1,0,3,5,0
106,14,0,0,1,1,0,0,0,1,0,0,1,0,1,0,0,1,3,5,0
106,15,0,0,1,0,1,0,0,1,0,1,0,0,1,0,1,0,2,4,0
106,16,0,1,0,1,0,0,1,0,0,1,0,0,1,0,1,0,3,4,0
106,17,0,0,1,0,0,1,1,0,0,0,0,1,0,1,1,0,3,4,0
106,18,1,0,0,0,0,1,1,0,0,0,0,1,1,0,0,1,2,4,0
110,1,1,0,0,0,0,1,0,1,0,0,1,0,1,0,1,0,3,4,0
110,2,0,1,0,0,1,0,1,0,0,0,1,0,1,0,0,1,2,4,0
110,3,0,1,0,1,0,0,0,1,0,0,0,1,0,1,0,1,1,6,0
110,4,1,0,0,0,1,0,0,0,1,1,0,0,0,1,0,1,3,6,0
110,5,0,1,0,0,0,1,0,1,0,1,0,0,0,1,1,0,2,4,0
110,6,0,0,1,1,0,0,0,0,1,0,0,1,1,0,1,0,2,4,0
110,7,0,1,0,0,0,1,0,0,1,0,1,0,1,0,1,0,1,4,0
110,8,1,0,0,1,0,0,1,0,0,1,0,0,1,0,1,0,1,5,0
110,9,0,0,1,0,0,1,0,0,1,1,0,0,1,0,0,1,1,6,0
110,10,0,0,1,0,1,0,1,0,0,0,1,0,0,1,1,0,1,6,0
110,11,1,0,0,0,1,0,0,1,0,0,0,1,1,0,1,0,1,6,0
110,12,1,0,0,1,0,0,0,0,1,0,1,0,0,1,1,0,2,6,0
110,13,0,1,0,0,1,0,0,0,1,0,0,1,1,0,1,0,3,4,0
110,14,0,0,1,1,0,0,0,1,0,0,1,0,1,0,0,1,3,4,0
110,15,0,0,1,0,1,0,0,1,0,1,0,0,1,0,1,0,2,4,0
110,16,0,1,0,1,0,0,1,0,0,1,0,0,1,0,1,0,3,6,0
110,17,0,0,1,0,0,1,1,0,0,0,0,1,0,1,1,0,3,6,0
110,18,1,0,0,0,0,1,1,0,0,0,0,1,1,0,0,1,2,6,0
111,1,1,0,0,0,0,1,0,1,0,0,1,0,1,0,1,0,3,4,0
111,2,0,1,0,0,1,0,1,0,0,0,1,0,1,0,0,1,2,4,0
111,3,0,1,0,1,0,0,0,1,0,0,0,1,0,1,0,1,1,7,0
111,4,1,0,0,0,1,0,0,0,1,1,0,0,0,1,0,1,3,7,0
111,5,0,1,0,0,0,1,0,1,0,1,0,0,0,1,1,0,2,7,0
111,6,0,0,1,1,0,0,0,0,1,0,0,1,1,0,1,0,2,6,0
111,7,0,1,0,0,0,1,0,0,1,0,1,0,1,0,1,0,1,5,0
111,8,1,0,0,1,0,0,1,0,0,1,0,0,1,0,1,0,1,5,0
111,9,0,0,1,0,0,1,0,0,1,1,0,0,1,0,0,1,1,5,0
111,10,0,0,1,0,1,0,1,0,0,0,1,0,0,1,1,0,1,5,0
111,11,1,0,0,0,1,0,0,1,0,0,0,1,1,0,1,0,1,5,0
111,12,1,0,0,1,0,0,0,0,1,0,1,0,0,1,1,0,2,6,0
111,13,0,1,0,0,1,0,0,0,1,0,0,1,1,0,1,0,3,5,0
111,14,0,0,1,1,0,0,0,1,0,0,1,0,1,0,0,1,3,5,0
111,15,0,0,1,0,1,0,0,1,0,1,0,0,1,0,1,0,2,4,0
111,16,0,1,0,1,0,0,1,0,0,1,0,0,1,0,1,0,3,4,0
111,17,0,0,1,0,0,1,1,0,0,0,0,1,0,1,1,0,3,4,0
111,18,1,0,0,0,0,1,1,0,0,0,0,1,1,0,0,1,2,4,0
114,1,1,0,0,0,0,1,0,1,0,0,1,0,1,0,1,0,3,5,0
114,2,0,1,0,0,1,0,1,0,0,0,1,0,1,0,0,1,2,6,0
114,3,0,1,0,1,0,0,0,1,0,0,0,1,0,1,0,1,1,6,0
114,4,1,0,0,0,1,0,0,0,1,1,0,0,0,1,0,1,3,6,0
114,5,0,1,0,0,0,1,0,1,0,1,0,0,0,1,1,0,2,7,0
114,6,0,0,1,1,0,0,0,0,1,0,0,1,1,0,1,0,2,7,0
114,7,0,1,0,0,0,1,0,0,1,0,1,0,1,0,1,0,1,6,0
114,8,1,0,0,1,0,0,1,0,0,1,0,0,1,0,1,0,1,4,0
114,9,0,0,1,0,0,1,0,0,1,1,0,0,1,0,0,1,1,4,0
114,10,0,0,1,0,1,0,1,0,0,0,1,0,0,1,1,0,1,5,0
114,11,1,0,0,0,1,0,0,1,0,0,0,1,1,0,1,0,1,5,0
114,12,1,0,0,1,0,0,0,0,1,0,1,0,0,1,1,0,2,5,0
114,13,0,1,0,0,1,0,0,0,1,0,0,1,1,0,1,0,3,5,0
114,14,0,0,1,1,0,0,0,1,0,0,1,0,1,0,0,1,3,5,0
114,15,0,0,1,0,1,0,0,1,0,1,0,0,1,0,1,0,2,4,0
114,16,0,1,0,1,0,0,1,0,0,1,0,0,1,0,1,0,3,4,0
114,17,0,0,1,0,0,1,1,0,0,0,0,1,0,1,1,0,3,4,0
114,18,1,0,0,0,0,1,1,0,0,0,0,1,1,0,0,1,2,6,0
115,1,1,0,0,0,0,1,0,1,0,0,1,0,1,0,1,0,3,2,0
115,2,0,1,0,0,1,0,1,0,0,0,1,0,1,0,0,1,2,3,0
115,3,0,1,0,1,0,0,0,1,0,0,0,1,0,1,0,1,1,10,0
115,4,1,0,0,0,1,0,0,0,1,1,0,0,0,1,0,1,3,8,0
115,5,0,1,0,0,0,1,0,1,0,1,0,0,0,1,1,0,2,6,0
115,6,0,0,1,1,0,0,0,0,1,0,0,1,1,0,1,0,2,3,0
115,7,0,1,0,0,0,1,0,0,1,0,1,0,1,0,1,0,1,4,0
115,8,1,0,0,1,0,0,1,0,0,1,0,0,1,0,1,0,1,1,0
115,9,0,0,1,0,0,1,0,0,1,1,0,0,1,0,0,1,1,6,0
115,10,0,0,1,0,1,0,1,0,0,0,1,0,0,1,1,0,1,6,0
115,11,1,0,0,0,1,0,0,1,0,0,0,1,1,0,1,0,1,4,0
115,12,1,0,0,1,0,0,0,0,1,0,1,0,0,1,1,0,2,5,0
115,13,0,1,0,0,1,0,0,0,1,0,0,1,1,0,1,0,3,6,0
115,14,0,0,1,1,0,0,0,1,0,0,1,0,1,0,0,1,3,9,0
115,15,0,0,1,0,1,0,0,1,0,1,0,0,1,0,1,0,2,5,0
115,16,0,1,0,1,0,0,1,0,0,1,0,0,1,0,1,0,3,2,0
115,17,0,0,1,0,0,1,1,0,0,0,0,1,0,1,1,0,3,4,0
115,18,1,0,0,0,0,1,1,0,0,0,0,1,1,0,0,1,2,2,0
117,1,1,0,0,0,0,1,0,1,0,0,1,0,1,0,1,0,3,5,1
117,2,0,1,0,0,1,0,1,0,0,0,1,0,1,0,0,1,2,5,1
117,3,0,1,0,1,0,0,0,1,0,0,0,1,0,1,0,1,1,5,1
117,4,1,0,0,0,1,0,0,0,1,1,0,0,0,1,0,1,3,7,1
117,5,0,1,0,0,0,1,0,1,0,1,0,0,0,1,1,0,2,7,1
117,6,0,0,1,1,0,0,0,0,1,0,0,1,1,0,1,0,2,7,1
117,7,0,1,0,0,0,1,0,0,1,0,1,0,1,0,1,0,1,7,1
117,8,1,0,0,1,0,0,1,0,0,1,0,0,1,0,1,0,1,8,1
117,9,0,0,1,0,0,1,0,0,1,1,0,0,1,0,0,1,1,9,1
117,10,0,0,1,0,1,0,1,0,0,0,1,0,0,1,1,0,1,8,1
117,11,1,0,0,0,1,0,0,1,0,0,0,1,1,0,1,0,1,8,1
117,12,1,0,0,1,0,0,0,0,1,0,1,0,0,1,1,0,2,7,1
117,13,0,1,0,0,1,0,0,0,1,0,0,1,1,0,1,0,3,6,1
117,14,0,0,1,1,0,0,0,1,0,0,1,0,1,0,0,1,3,8,1
117,15,0,0,1,0,1,0,0,1,0,1,0,0,1,0,1,0,2,8,1
117,16,0,1,0,1,0,0,1,0,0,1,0,0,1,0,1,0,3,9,1
117,17,0,0,1,0,0,1,1,0,0,0,0,1,0,1,1,0,3,8,1
117,18,1,0,0,0,0,1,1,0,0,0,0,1,1,0,0,1,2,9,1
118,1,1,0,0,0,0,1,0,1,0,0,1,0,1,0,1,0,3,0,0
118,2,0,1,0,0,1,0,1,0,0,0,1,0,1,0,0,1,2,3,0
118,3,0,1,0,1,0,0,0,1,0,0,0,1,0,1,0,1,1,8,0
118,4,1,0,0,0,1,0,0,0,1,1,0,0,0,1,0,1,3,3,0
118,5,0,1,0,0,0,1,0,1,0,1,0,0,0,1,1,0,2,7,0
118,6,0,0,1,1,0,0,0,0,1,0,0,1,1,0,1,0,2,5,0
118,7,0,1,0,0,0,1,0,0,1,0,1,0,1,0,1,0,1,5,0
118,8,1,0,0,1,0,0,1,0,0,1,0,0,1,0,1,0,1,2,0
118,9,0,0,1,0,0,1,0,0,1,1,0,0,1,0,0,1,1,5,0
118,10,0,0,1,0,1,0,1,0,0,0,1,0,0,1,1,0,1,7,0
118,11,1,0,0,0,1,0,0,1,0,0,0,1,1,0,1,0,1,2,0
118,12,1,0,0,1,0,0,0,0,1,0,1,0,0,1,1,0,2,2,0
118,13,0,1,0,0,1,0,0,0,1,0,0,1,1,0,1,0,3,5,0
118,14,0,0,1,1,0,0,0,1,0,0,1,0,1,0,0,1,3,5,0
118,15,0,0,1,0,1,0,0,1,0,1,0,0,1,0,1,0,2,5,0
118,16,0,1,0,1,0,0,1,0,0,1,0,0,1,0,1,0,3,5,0
118,17,0,0,1,0,0,1,1,0,0,0,0,1,0,1,1,0,3,7,0
118,18,1,0,0,0,0,1,1,0,0,0,0,1,1,0,0,1,2,5,0
120,1,1,0,0,0,0,1,0,1,0,0,1,0,1,0,1,0,3,2,1
120,2,0,1,0,0,1,0,1,0,0,0,1,0,1,0,0,1,2,2,1
120,3,0,1,0,1,0,0,0,1,0,0,0,1,0,1,0,1,1,7,1
120,4,1,0,0,0,1,0,0,0,1,1,0,0,0,1,0,1,3,2,1
120,5,0,1,0,0,0,1,0,1,0,1,0,0,0,1,1,0,2,2,1
120,6,0,0,1,1,0,0,0,0,1,0,0,1,1,0,1,0,2,2,1
120,7,0,1,0,0,0,1,0,0,1,0,1,0,1,0,1,0,1,7,1
120,8,1,0,0,1,0,0,1,0,0,1,0,0,1,0,1,0,1,7,1
120,9,0,0,1,0,0,1,0,0,1,1,0,0,1,0,0,1,1,7,1
120,10,0,0,1,0,1,0,1,0,0,0,1,0,0,1,1,0,1,7,1
120,11,1,0,0,0,1,0,0,1,0,0,0,1,1,0,1,0,1,7,1
120,12,1,0,0,1,0,0,0,0,1,0,1,0,0,1,1,0,2,2,1
120,13,0,1,0,0,1,0,0,0,1,0,0,1,1,0,1,0,3,2,1
120,14,0,0,1,1,0,0,0,1,0,0,1,0,1,0,0,1,3,2,1
120,15,0,0,1,0,1,0,0,1,0,1,0,0,1,0,1,0,2,2,1
120,16,0,1,0,1,0,0,1,0,0,1,0,0,1,0,1,0,3,2,1
120,17,0,0,1,0,0,1,1,0,0,0,0,1,0,1,1,0,3,2,1
120,18,1,0,0,0,0,1,1,0,0,0,0,1,1,0,0,1,2,2,1
121,1,1,0,0,0,0,1,0,1,0,0,1,0,1,0,1,0,3,8,0
121,2,0,1,0,0,1,0,1,0,0,0,1,0,1,0,0,1,2,7,0
121,3,0,1,0,1,0,0,0,1,0,0,0,1,0,1,0,1,1,8,0
121,4,1,0,0,0,1,0,0,0,1,1,0,0,0,1,0,1,3,6,0
121,5,0,1,0,0,0,1,0,1,0,1,0,0,0,1,1,0,2,8,0
121,6,0,0,1,1,0,0,0,0,1,0,0,1,1,0,1,0,2,5,0
121,7,0,1,0,0,0,1,0,0,1,0,1,0,1,0,1,0,1,7,0
121,8,1,0,0,1,0,0,1,0,0,1,0,0,1,0,1,0,1,4,0
121,9,0,0,1,0,0,1,0,0,1,1,0,0,1,0,0,1,1,9,0
121,10,0,0,1,0,1,0,1,0,0,0,1,0,0,1,1,0,1,9,0
121,11,1,0,0,0,1,0,0,1,0,0,0,1,1,0,1,0,1,8,0
121,12,1,0,0,1,0,0,0,0,1,0,1,0,0,1,1,0,2,6,0
121,13,0,1,0,0,1,0,0,0,1,0,0,1,1,0,1,0,3,8,0
121,14,0,0,1,1,0,0,0,1,0,0,1,0,1,0,0,1,3,6,0
121,15,0,0,1,0,1,0,0,1,0,1,0,0,1,0,1,0,2,7,0
121,16,0,1,0,1,0,0,1,0,0,1,0,0,1,0,1,0,3,7,0
121,17,0,0,1,0,0,1,1,0,0,0,0,1,0,1,1,0,3,8,0
121,18,1,0,0,0,0,1,1,0,0,0,0,1,1,0,0,1,2,8,0
124,1,1,0,0,0,0,1,0,1,0,0,1,0,1,0,1,0,3,4,0
124,2,0,1,0,0,1,0,1,0,0,0,1,0,1,0,0,1,2,2,0
124,3,0,1,0,1,0,0,0,1,0,0,0,1,0,1,0,1,1,2,0
124,4,1,0,0,0,1,0,0,0,1,1,0,0,0,1,0,1,3,2,0
124,5,0,1,0,0,0,1,0,1,0,1,0,0,0,1,1,0,2,5,0
124,6,0,0,1,1,0,0,0,0,1,0,0,1,1,0,1,0,2,4,0
124,7,0,1,0,0,0,1,0,0,1,0,1,0,1,0,1,0,1,3,0
124,8,1,0,0,1,0,0,1,0,0,1,0,0,1,0,1,0,1,3,0
124,9,0,0,1,0,0,1,0,0,1,1,0,0,1,0,0,1,1,6,0
124,10,0,0,1,0,1,0,1,0,0,0,1,0,0,1,1,0,1,3,0
124,11,1,0,0,0,1,0,0,1,0,0,0,1,1,0,1,0,1,5,0
124,12,1,0,0,1,0,0,0,0,1,0,1,0,0,1,1,0,2,3,0
124,13,0,1,0,0,1,0,0,0,1,0,0,1,1,0,1,0,3,3,0
124,14,0,0,1,1,0,0,0,1,0,0,1,0,1,0,0,1,3,4,0
124,15,0,0,1,0,1,0,0,1,0,1,0,0,1,0,1,0,2,4,0
124,16,0,1,0,1,0,0,1,0,0,1,0,0,1,0,1,0,3,4,0
124,17,0,0,1,0,0,1,1,0,0,0,0,1,0,1,1,0,3,7,0
124,18,1,0,0,0,0,1,1,0,0,0,0,1,1,0,0,1,2,6,0
125,1,1,0,0,0,0,1,0,1,0,0,1,0,1,0,1,0,3,3,0
125,2,0,1,0,0,1,0,1,0,0,0,1,0,1,0,0,1,2,7,0
125,3,0,1,0,1,0,0,0,1,0,0,0,1,0,1,0,1,1,8,0
125,4,1,0,0,0,1,0,0,0,1,1,0,0,0,1,0,1,3,5,0
125,5,0,1,0,0,0,1,0,1,0,1,0,0,0,1,1,0,2,5,0
125,6,0,0,1,1,0,0,0,0,1,0,0,1,1,0,1,0,2,4,0
125,7,0,1,0,0,0,1,0,0,1,0,1,0,1,0,1,0,1,5,0
125,8,1,0,0,1,0,0,1,0,0,1,0,0,1,0,1,0,1,1,0
125,9,0,0,1,0,0,1,0,0,1,1,0,0,1,0,0,1,1,8,0
125,10,0,0,1,0,1,0,1,0,0,0,1,0,0,1,1,0,1,6,0
125,11,1,0,0,0,1,0,0,1,0,0,0,1,1,0,1,0,1,5,0
125,12,1,0,0,1,0,0,0,0,1,0,1,0,0,1,1,0,2,4,0
125,13,0,1,0,0,1,0,0,0,1,0,0,1,1,0,1,0,3,5,0
125,14,0,0,1,1,0,0,0,1,0,0,1,0,1,0,0,1,3,4,0
125,15,0,0,1,0,1,0,0,1,0,1,0,0,1,0,1,0,2,4,0
125,16,0,1,0,1,0,0,1,0,0,1,0,0,1,0,1,0,3,4,0
125,17,0,0,1,0,0,1,1,0,0,0,0,1,0,1,1,0,3,5,0
125,18,1,0,0,0,0,1,1,0,0,0,0,1,1,0,0,1,2,7,0
127,1,1,0,0,0,0,1,0,1,0,0,1,0,1,0,1,0,3,3,1
127,2,0,1,0,0,1,0,1,0,0,0,1,0,1,0,0,1,2,6,1
127,3,0,1,0,1,0,0,0,1,0,0,0,1,0,1,0,1,1,8,1
127,4,1,0,0,0,1,0,0,0,1,1,0,0,0,1,0,1,3,4,1
127,5,0,1,0,0,0,1,0,1,0,1,0,0,0,1,1,0,2,4,1
127,6,0,0,1,1,0,0,0,0,1,0,0,1,1,0,1,0,2,5,1
127,7,0,1,0,0,0,1,0,0,1,0,1,0,1,0,1,0,1,6,1
127,8,1,0,0,1,0,0,1,0,0,1,0,0,1,0,1,0,1,5,1
127,9,0,0,1,0,0,1,0,0,1,1,0,0,1,0,0,1,1,6,1
127,10,0,0,1,0,1,0,1,0,0,0,1,0,0,1,1,0,1,7,1
127,11,1,0,0,0,1,0,0,1,0,0,0,1,1,0,1,0,1,7,1
127,12,1,0,0,1,0,0,0,0,1,0,1,0,0,1,1,0,2,5,1
127,13,0,1,0,0,1,0,0,0,1,0,0,1,1,0,1,0,3,3,1
127,14,0,0,1,1,0,0,0,1,0,0,1,0,1,0,0,1,3,4,1
127,15,0,0,1,0,1,0,0,1,0,1,0,0,1,0,1,0,2,5,1
127,16,0,1,0,1,0,0,1,0,0,1,0,0,1,0,1,0,3,2,1
127,17,0,0,1,0,0,1,1,0,0,0,0,1,0,1,1,0,3,2,1
127,18,1,0,0,0,0,1,1,0,0,0,0,1,1,0,0,1,2,4,1
129,1,1,0,0,0,0,1,0,1,0,0,1,0,1,0,1,0,3,2,0
129,2,0,1,0,0,1,0,1,0,0,0,1,0,1,0,0,1,2,7,0
129,3,0,1,0,1,0,0,0,1,0,0,0,1,0,1,0,1,1,4,0
129,4,1,0,0,0,1,0,0,0,1,1,0,0,0,1,0,1,3,2,0
129,5,0,1,0,0,0,1,0,1,0,1,0,0,0,1,1,0,2,7,0
129,6,0,0,1,1,0,0,0,0,1,0,0,1,1,0,1,0,2,6,0
129,7,0,1,0,0,0,1,0,0,1,0,1,0,1,0,1,0,1,5,0
129,8,1,0,0,1,0,0,1,0,0,1,0,0,1,0,1,0,1,2,0
129,9,0,0,1,0,0,1,0,0,1,1,0,0,1,0,0,1,1,9,0
129,10,0,0,1,0,1,0,1,0,0,0,1,0,0,1,1,0,1,5,0
129,11,1,0,0,0,1,0,0,1,0,0,0,1,1,0,1,0,1,4,0
129,12,1,0,0,1,0,0,0,0,1,0,1,0,0,1,1,0,2,3,0
129,13,0,1,0,0,1,0,0,0,1,0,0,1,1,0,1,0,3,3,0
129,14,0,0,1,1,0,0,0,1,0,0,1,0,1,0,0,1,3,5,0
129,15,0,0,1,0,1,0,0,1,0,1,0,0,1,0,1,0,2,4,0
129,16,0,1,0,1,0,0,1,0,0,1,0,0,1,0,1,0,3,0,0
129,17,0,0,1,0,0,1,1,0,0,0,0,1,0,1,1,0,3,5,0
129,18,1,0,0,0,0,1,1,0,0,0,0,1,1,0,0,1,2,8,0
130,1,1,0,0,0,0,1,0,1,0,0,1,0,1,0,1,0,3,4,0
130,2,0,1,0,0,1,0,1,0,0,0,1,0,1,0,0,1,2,8,0
130,3,0,1,0,1,0,0,0,1,0,0,0,1,0,1,0,1,1,4,0
130,4,1,0,0,0,1,0,0,0,1,1,0,0,0,1,0,1,3,5,0
130,5,0,1,0,0,0,1,0,1,0,1,0,0,0,1,1,0,2,7,0
130,6,0,0,1,1,0,0,0,0,1,0,0,1,1,0,1,0,2,4,0
130,7,0,1,0,0,0,1,0,0,1,0,1,0,1,0,1,0,1,6,0
130,8,1,0,0,1,0,0,1,0,0,1,0,0,1,0,1,0,1,5,0
130,9,0,0,1,0,0,1,0,0,1,1,0,0,1,0,0,1,1,8,0
130,10,0,0,1,0,1,0,1,0,0,0,1,0,0,1,1,0,1,4,0
130,11,1,0,0,0,1,0,0,1,0,0,0,1,1,0,1,0,1,4,0
130,12,1,0,0,1,0,0,0,0,1,0,1,0,0,1,1,0,2,3,0
130,13,0,1,0,0,1,0,0,0,1,0,0,1,1,0,1,0,3,5,0
130,14,0,0,1,1,0,0,0,1,0,0,1,0,1,0,0,1,3,5,0
130,15,0,0,1,0,1,0,0,1,0,1,0,0,1,0,1,0,2,5,0
130,16,0,1,0,1,0,0,1,0,0,1,0,0,1,0,1,0,3,0,0
130,17,0,0,1,0,0,1,1,0,0,0,0,1,0,1,1,0,3,4,0
130,18,1,0,0,0,0,1,1,0,0,0,0,1,1,0,0,1,2,9,0
134,1,1,0,0,0,0,1,0,1,0,0,1,0,1,0,1,0,3,0,0
134,2,0,1,0,0,1,0,1,0,0,0,1,0,1,0,0,1,2,0,0
134,3,0,1,0,1,0,0,0,1,0,0,0,1,0,1,0,1,1,7,0
134,4,1,0,0,0,1,0,0,0,1,1,0,0,0,1,0,1,3,7,0
134,5,0,1,0,0,0,1,0,1,0,1,0,0,0,1,1,0,2,0,0
134,6,0,0,1,1,0,0,0,0,1,0,0,1,1,0,1,0,2,0,0
134,7,0,1,0,0,0,1,0,0,1,0,1,0,1,0,1,0,1,0,0
134,8,1,0,0,1,0,0,1,0,0,1,0,0,1,0,1,0,1,0,0
134,9,0,0,1,0,0,1,0,0,1,1,0,0,1,0,0,1,1,0,0
134,10,0,0,1,0,1,0,1,0,0,0,1,0,0,1,1,0,1,0,0
134,11,1,0,0,0,1,0,0,1,0,0,0,1,1,0,1,0,1,0,0
134,12,1,0,0,1,0,0,0,0,1,0,1,0,0,1,1,0,2,0,0
134,13,0,1,0,0,1,0,0,0,1,0,0,1,1,0,1,0,3,0,0
134,14,0,0,1,1,0,0,0,1,0,0,1,0,1,0,0,1,3,0,0
134,15,0,0,1,0,1,0,0,1,0,1,0,0,1,0,1,0,2,0,0
134,16,0,1,0,1,0,0,1,0,0,1,0,0,1,0,1,0,3,0,0
134,17,0,0,1,0,0,1,1,0,0,0,0,1,0,1,1,0,3,2,0
134,18,1,0,0,0,0,1,1,0,0,0,0,1,1,0,0,1,2,0,0
