INDEX,CARD,CLA1,CLA2,SCA1,SCA2,SCA3,PUR1,PUR2,PUR3,CUL1,CUL2,CUL3,USA1,USA2,USA3,ADD1,ADD2,ADD3,PRICE,Y
24,1,1,0,0,1,0,0,1,0,0,1,0,0,1,0,1,0,0,150000,6
24,2,1,0,0,0,1,0,1,0,1,0,0,0,1,0,0,1,0,200000,9
24,3,1,0,0,0,1,0,1,0,0,0,1,1,0,0,0,0,1,100000,1
24,4,1,0,0,1,0,1,0,0,0,1,0,0,0,1,0,0,1,200000,5
24,5,0,1,0,1,0,1,0,0,0,0,1,1,0,0,0,1,0,150000,1
24,6,1,0,1,0,0,1,0,0,0,0,1,0,1,0,0,1,0,200000,1
24,7,1,0,1,0,0,0,1,0,0,0,1,0,0,1,1,0,0,150000,0
24,8,0,1,1,0,0,0,0,1,1,0,0,0,1,0,0,0,1,150000,4
24,9,1,0,0,0,1,1,0,0,1,0,0,0,0,1,0,0,1,150000,6
24,10,0,1,0,0,1,0,0,1,0,0,1,0,0,1,1,0,0,200000,2
24,11,1,0,1,0,0,0,0,1,0,1,0,0,0,1,0,1,0,100000,5
24,12,1,0,0,1,0,0,0,1,1,0,0,1,0,0,1,0,0,200000,5
24,13,1,0,0,1,0,0,0,1,0,0,1,0,1,0,0,0,1,100000,2
24,14,1,0,0,0,1,0,0,1,0,1,0,1,0,0,0,1,0,150000,3
24,15,0,1,0,1,0,0,1,0,1,0,0,0,0,1,0,1,0,100000,5
24,16,1,0,1,0,0,1,0,0,1,0,0,1,0,0,1,0,0,100000,7
24,17,0,1,1,0,0,0,1,0,0,1,0,1,0,0,0,0,1,200000,5
24,18,0,1,0,0,1,1,0,0,0,1,0,0,1,0,1,0,0,100000,6
27,1,1,0,0,1,0,0,1,0,0,1,0,0,1,0,1,0,0,150000,10
27,2,1,0,0,0,1,0,1,0,1,0,0,0,1,0,0,1,0,200000,8
27,3,1,0,0,0,1,0,1,0,0,0,1,1,0,0,0,0,1,100000,0
27,4,1,0,0,1,0,1,0,0,0,1,0,0,0,1,0,0,1,200000,0
27,5,0,1,0,1,0,1,0,0,0,0,1,1,0,0,0,1,0,150000,5
27,6,1,0,1,0,0,1,0,0,0,0,1,0,1,0,0,1,0,200000,8
27,7,1,0,1,0,0,0,1,0,0,0,1,0,0,1,1,0,0,150000,7
27,8,0,1,1,0,0,0,0,1,1,0,0,0,1,0,0,0,1,150000,8
27,9,1,0,0,0,1,1,0,0,1,0,0,0,0,1,0,0,1,150000,0
27,10,0,1,0,0,1,0,0,1,0,0,1,0,0,1,1,0,0,200000,0
27,11,1,0,1,0,0,0,0,1,0,1,0,0,0,1,0,1,0,100000,3
27,12,1,0,0,1,0,0,0,1,1,0,0,1,0,0,1,0,0,200000,0
27,13,1,0,0,1,0,0,0,1,0,0,1,0,1,0,0,0,1,100000,2
27,14,1,0,0,0,1,0,0,1,0,1,0,1,0,0,0,1,0,150000,3
27,15,0,1,0,1,0,0,1,0,1,0,0,0,0,1,0,1,0,100000,5
27,16,1,0,1,0,0,1,0,0,1,0,0,1,0,0,1,0,0,100000,0
27,17,0,1,1,0,0,0,1,0,0,1,0,1,0,0,0,0,1,200000,4
27,18,0,1,0,0,1,1,0,0,0,1,0,0,1,0,1,0,0,100000,6
31,1,1,0,0,1,0,0,1,0,0,1,0,0,1,0,1,0,0,150000,5
31,2,1,0,0,0,1,0,1,0,1,0,0,0,1,0,0,1,0,200000,5
31,3,1,0,0,0,1,0,1,0,0,0,1,1,0,0,0,0,1,100000,7
31,4,1,0,0,1,0,1,0,0,0,1,0,0,0,1,0,0,1,200000,5
31,5,0,1,0,1,0,1,0,0,0,0,1,1,0,0,0,1,0,150000,5
31,6,1,0,1,0,0,1,0,0,0,0,1,0,1,0,0,1,0,200000,5
31,7,1,0,1,0,0,0,1,0,0,0,1,0,0,1,1,0,0,150000,6
31,8,0,1,1,0,0,0,0,1,1,0,0,0,1,0,0,0,1,150000,5
31,9,1,0,0,0,1,1,0,0,1,0,0,0,0,1,0,0,1,150000,5
31,10,0,1,0,0,1,0,0,1,0,0,1,0,0,1,1,0,0,200000,5
31,11,1,0,1,0,0,0,0,1,0,1,0,0,0,1,0,1,0,100000,6
31,12,1,0,0,1,0,0,0,1,1,0,0,1,0,0,1,0,0,200000,5
31,13,1,0,0,1,0,0,0,1,0,0,1,0,1,0,0,0,1,100000,5
31,14,1,0,0,0,1,0,0,1,0,1,0,1,0,0,0,1,0,150000,5
31,15,0,1,0,1,0,0,1,0,1,0,0,0,0,1,0,1,0,100000,6
31,16,1,0,1,0,0,1,0,0,1,0,0,1,0,0,1,0,0,100000,5
31,17,0,1,1,0,0,0,1,0,0,1,0,1,0,0,0,0,1,200000,5
31,18,0,1,0,0,1,1,0,0,0,1,0,0,1,0,1,0,0,100000,5
33,1,1,0,0,1,0,0,1,0,0,1,0,0,1,0,1,0,0,150000,5
33,2,1,0,0,0,1,0,1,0,1,0,0,0,1,0,0,1,0,200000,3
33,3,1,0,0,0,1,0,1,0,0,0,1,1,0,0,0,0,1,100000,1
33,4,1,0,0,1,0,1,0,0,0,1,0,0,0,1,0,0,1,200000,3
33,5,0,1,0,1,0,1,0,0,0,0,1,1,0,0,0,1,0,150000,4
33,6,1,0,1,0,0,1,0,0,0,0,1,0,1,0,0,1,0,200000,3
33,7,1,0,1,0,0,0,1,0,0,0,1,0,0,1,1,0,0,150000,4
33,8,0,1,1,0,0,0,0,1,1,0,0,0,1,0,0,0,1,150000,3
33,9,1,0,0,0,1,1,0,0,1,0,0,0,0,1,0,0,1,150000,5
33,10,0,1,0,0,1,0,0,1,0,0,1,0,0,1,1,0,0,200000,6
33,11,1,0,1,0,0,0,0,1,0,1,0,0,0,1,0,1,0,100000,7
33,12,1,0,0,1,0,0,0,1,1,0,0,1,0,0,1,0,0,200000,5
33,13,1,0,0,1,0,0,0,1,0,0,1,0,1,0,0,0,1,100000,4
33,14,1,0,0,0,1,0,0,1,0,1,0,1,0,0,0,1,0,150000,3
33,15,0,1,0,1,0,0,1,0,1,0,0,0,0,1,0,1,0,100000,4
33,16,1,0,1,0,0,1,0,0,1,0,0,1,0,0,1,0,0,100000,5
33,17,0,1,1,0,0,0,1,0,0,1,0,1,0,0,0,0,1,200000,3
33,18,0,1,0,0,1,1,0,0,0,1,0,0,1,0,1,0,0,100000,5
34,1,1,0,0,1,0,0,1,0,0,1,0,0,1,0,1,0,0,150000,3
34,2,1,0,0,0,1,0,1,0,1,0,0,0,1,0,0,1,0,200000,3
34,3,1,0,0,0,1,0,1,0,0,0,1,1,0,0,0,0,1,100000,2
34,4,1,0,0,1,0,1,0,0,0,1,0,0,0,1,0,0,1,200000,2
34,5,0,1,0,1,0,1,0,0,0,0,1,1,0,0,0,1,0,150000,3
34,6,1,0,1,0,0,1,0,0,0,0,1,0,1,0,0,1,0,200000,4
34,7,1,0,1,0,0,0,1,0,0,0,1,0,0,1,1,0,0,150000,3
34,8,0,1,1,0,0,0,0,1,1,0,0,0,1,0,0,0,1,150000,4
34,9,1,0,0,0,1,1,0,0,1,0,0,0,0,1,0,0,1,150000,2
34,10,0,1,0,0,1,0,0,1,0,0,1,0,0,1,1,0,0,200000,3
34,11,1,0,1,0,0,0,0,1,0,1,0,0,0,1,0,1,0,100000,4
34,12,1,0,0,1,0,0,0,1,1,0,0,1,0,0,1,0,0,200000,3
34,13,1,0,0,1,0,0,0,1,0,0,1,0,1,0,0,0,1,100000,3
34,14,1,0,0,0,1,0,0,1,0,1,0,1,0,0,0,1,0,150000,2
34,15,0,1,0,1,0,0,1,0,1,0,0,0,0,1,0,1,0,100000,3
34,16,1,0,1,0,0,1,0,0,1,0,0,1,0,0,1,0,0,100000,2
34,17,0,1,1,0,0,0,1,0,0,1,0,1,0,0,0,0,1,200000,3
34,18,0,1,0,0,1,1,0,0,0,1,0,0,1,0,1,0,0,100000,3
36,1,1,0,0,1,0,0,1,0,0,1,0,0,1,0,1,0,0,150000,2
36,2,1,0,0,0,1,0,1,0,1,0,0,0,1,0,0,1,0,200000,2
36,3,1,0,0,0,1,0,1,0,0,0,1,1,0,0,0,0,1,100000,3
36,4,1,0,0,1,0,1,0,0,0,1,0,0,0,1,0,0,1,200000,2
36,5,0,1,0,1,0,1,0,0,0,0,1,1,0,0,0,1,0,150000,3
36,6,1,0,1,0,0,1,0,0,0,0,1,0,1,0,0,1,0,200000,4
36,7,1,0,1,0,0,0,1,0,0,0,1,0,0,1,1,0,0,150000,3
36,8,0,1,1,0,0,0,0,1,1,0,0,0,1,0,0,0,1,150000,3
36,9,1,0,0,0,1,1,0,0,1,0,0,0,0,1,0,0,1,150000,3
36,10,0,1,0,0,1,0,0,1,0,0,1,0,0,1,1,0,0,200000,2
36,11,1,0,1,0,0,0,0,1,0,1,0,0,0,1,0,1,0,100000,3
36,12,1,0,0,1,0,0,0,1,1,0,0,1,0,0,1,0,0,200000,4
36,13,1,0,0,1,0,0,0,1,0,0,1,0,1,0,0,0,1,100000,3
36,14,1,0,0,0,1,0,0,1,0,1,0,1,0,0,0,1,0,150000,3
36,15,0,1,0,1,0,0,1,0,1,0,0,0,0,1,0,1,0,100000,5
36,16,1,0,1,0,0,1,0,0,1,0,0,1,0,0,1,0,0,100000,4
36,17,0,1,1,0,0,0,1,0,0,1,0,1,0,0,0,0,1,200000,2
36,18,0,1,0,0,1,1,0,0,0,1,0,0,1,0,1,0,0,100000,4
38,1,1,0,0,1,0,0,1,0,0,1,0,0,1,0,1,0,0,150000,4
38,2,1,0,0,0,1,0,1,0,1,0,0,0,1,0,0,1,0,200000,4
38,3,1,0,0,0,1,0,1,0,0,0,1,1,0,0,0,0,1,100000,3
38,4,1,0,0,1,0,1,0,0,0,1,0,0,0,1,0,0,1,200000,5
38,5,0,1,0,1,0,1,0,0,0,0,1,1,0,0,0,1,0,150000,6
38,6,1,0,1,0,0,1,0,0,0,0,1,0,1,0,0,1,0,200000,4
38,7,1,0,1,0,0,0,1,0,0,0,1,0,0,1,1,0,0,150000,5
38,8,0,1,1,0,0,0,0,1,1,0,0,0,1,0,0,0,1,150000,5
38,9,1,0,0,0,1,1,0,0,1,0,0,0,0,1,0,0,1,150000,4
38,10,0,1,0,0,1,0,0,1,0,0,1,0,0,1,1,0,0,200000,5
38,11,1,0,1,0,0,0,0,1,0,1,0,0,0,1,0,1,0,100000,4
38,12,1,0,0,1,0,0,0,1,1,0,0,1,0,0,1,0,0,200000,5
38,13,1,0,0,1,0,0,0,1,0,0,1,0,1,0,0,0,1,100000,5
38,14,1,0,0,0,1,0,0,1,0,1,0,1,0,0,0,1,0,150000,6
38,15,0,1,0,1,0,0,1,0,1,0,0,0,0,1,0,1,0,100000,2
38,16,1,0,1,0,0,1,0,0,1,0,0,1,0,0,1,0,0,100000,5
38,17,0,1,1,0,0,0,1,0,0,1,0,1,0,0,0,0,1,200000,4
38,18,0,1,0,0,1,1,0,0,0,1,0,0,1,0,1,0,0,100000,5
40,1,1,0,0,1,0,0,1,0,0,1,0,0,1,0,1,0,0,150000,4
40,2,1,0,0,0,1,0,1,0,1,0,0,0,1,0,0,1,0,200000,5
40,3,1,0,0,0,1,0,1,0,0,0,1,1,0,0,0,0,1,100000,7
40,4,1,0,0,1,0,1,0,0,0,1,0,0,0,1,0,0,1,200000,7
40,5,0,1,0,1,0,1,0,0,0,0,1,1,0,0,0,1,0,150000,4
40,6,1,0,1,0,0,1,0,0,0,0,1,0,1,0,0,1,0,200000,5
40,7,1,0,1,0,0,0,1,0,0,0,1,0,0,1,1,0,0,150000,5
40,8,0,1,1,0,0,0,0,1,1,0,0,0,1,0,0,0,1,150000,5
40,9,1,0,0,0,1,1,0,0,1,0,0,0,0,1,0,0,1,150000,7
40,10,0,1,0,0,1,0,0,1,0,0,1,0,0,1,1,0,0,200000,6
40,11,1,0,1,0,0,0,0,1,0,1,0,0,0,1,0,1,0,100000,7
40,12,1,0,0,1,0,0,0,1,1,0,0,1,0,0,1,0,0,200000,4
40,13,1,0,0,1,0,0,0,1,0,0,1,0,1,0,0,0,1,100000,4
40,14,1,0,0,0,1,0,0,1,0,1,0,1,0,0,0,1,0,150000,5
40,15,0,1,0,1,0,0,1,0,1,0,0,0,0,1,0,1,0,100000,6
40,16,1,0,1,0,0,1,0,0,1,0,0,1,0,0,1,0,0,100000,4
40,17,0,1,1,0,0,0,1,0,0,1,0,1,0,0,0,0,1,200000,4
40,18,0,1,0,0,1,1,0,0,0,1,0,0,1,0,1,0,0,100000,5
51,1,1,0,0,1,0,0,1,0,0,1,0,0,1,0,1,0,0,150000,5
51,2,1,0,0,0,1,0,1,0,1,0,0,0,1,0,0,1,0,200000,7
51,3,1,0,0,0,1,0,1,0,0,0,1,1,0,0,0,0,1,100000,7
51,4,1,0,0,1,0,1,0,0,0,1,0,0,0,1,0,0,1,200000,8
51,5,0,1,0,1,0,1,0,0,0,0,1,1,0,0,0,1,0,150000,2
51,6,1,0,1,0,0,1,0,0,0,0,1,0,1,0,0,1,0,200000,3
51,7,1,0,1,0,0,0,1,0,0,0,1,0,0,1,1,0,0,150000,6
51,8,0,1,1,0,0,0,0,1,1,0,0,0,1,0,0,0,1,150000,2
51,9,1,0,0,0,1,1,0,0,1,0,0,0,0,1,0,0,1,150000,9
51,10,0,1,0,0,1,0,0,1,0,0,1,0,0,1,1,0,0,200000,3
51,11,1,0,1,0,0,0,0,1,0,1,0,0,0,1,0,1,0,100000,5
51,12,1,0,0,1,0,0,0,1,1,0,0,1,0,0,1,0,0,200000,2
51,13,1,0,0,1,0,0,0,1,0,0,1,0,1,0,0,0,1,100000,3
51,14,1,0,0,0,1,0,0,1,0,1,0,1,0,0,0,1,0,150000,3
51,15,0,1,0,1,0,0,1,0,1,0,0,0,0,1,0,1,0,100000,9
51,16,1,0,1,0,0,1,0,0,1,0,0,1,0,0,1,0,0,100000,4
51,17,0,1,1,0,0,0,1,0,0,1,0,1,0,0,0,0,1,200000,5
51,18,0,1,0,0,1,1,0,0,0,1,0,0,1,0,1,0,0,100000,6
52,1,1,0,0,1,0,0,1,0,0,1,0,0,1,0,1,0,0,150000,2
52,2,1,0,0,0,1,0,1,0,1,0,0,0,1,0,0,1,0,200000,8
52,3,1,0,0,0,1,0,1,0,0,0,1,1,0,0,0,0,1,100000,8
52,4,1,0,0,1,0,1,0,0,0,1,0,0,0,1,0,0,1,200000,1
52,5,0,1,0,1,0,1,0,0,0,0,1,1,0,0,0,1,0,150000,1
52,6,1,0,1,0,0,1,0,0,0,0,1,0,1,0,0,1,0,200000,1
52,7,1,0,1,0,0,0,1,0,0,0,1,0,0,1,1,0,0,150000,1
52,8,0,1,1,0,0,0,0,1,1,0,0,0,1,0,0,0,1,150000,8
52,9,1,0,0,0,1,1,0,0,1,0,0,0,0,1,0,0,1,150000,1
52,10,0,1,0,0,1,0,0,1,0,0,1,0,0,1,1,0,0,200000,8
52,11,1,0,1,0,0,0,0,1,0,1,0,0,0,1,0,1,0,100000,8
52,12,1,0,0,1,0,0,0,1,1,0,0,1,0,0,1,0,0,200000,8
52,13,1,0,0,1,0,0,0,1,0,0,1,0,1,0,0,0,1,100000,8
52,14,1,0,0,0,1,0,0,1,0,1,0,1,0,0,0,1,0,150000,8
52,15,0,1,0,1,0,0,1,0,1,0,0,0,0,1,0,1,0,100000,3
52,16,1,0,1,0,0,1,0,0,1,0,0,1,0,0,1,0,0,100000,1
52,17,0,1,1,0,0,0,1,0,0,1,0,1,0,0,0,0,1,200000,2
52,18,0,1,0,0,1,1,0,0,0,1,0,0,1,0,1,0,0,100000,1
55,1,1,0,0,1,0,0,1,0,0,1,0,0,1,0,1,0,0,150000,5
55,2,1,0,0,0,1,0,1,0,1,0,0,0,1,0,0,1,0,200000,10
55,3,1,0,0,0,1,0,1,0,0,0,1,1,0,0,0,0,1,100000,6
55,4,1,0,0,1,0,1,0,0,0,1,0,0,0,1,0,0,1,200000,6
55,5,0,1,0,1,0,1,0,0,0,0,1,1,0,0,0,1,0,150000,5
55,6,1,0,1,0,0,1,0,0,0,0,1,0,1,0,0,1,0,200000,5
55,7,1,0,1,0,0,0,1,0,0,0,1,0,0,1,1,0,0,150000,4
55,8,0,1,1,0,0,0,0,1,1,0,0,0,1,0,0,0,1,150000,5
55,9,1,0,0,0,1,1,0,0,1,0,0,0,0,1,0,0,1,150000,10
55,10,0,1,0,0,1,0,0,1,0,0,1,0,0,1,1,0,0,200000,6
55,11,1,0,1,0,0,0,0,1,0,1,0,0,0,1,0,1,0,100000,4
55,12,1,0,0,1,0,0,0,1,1,0,0,1,0,0,1,0,0,200000,4
55,13,1,0,0,1,0,0,0,1,0,0,1,0,1,0,0,0,1,100000,3
55,14,1,0,0,0,1,0,0,1,0,1,0,1,0,0,0,1,0,150000,3
55,15,0,1,0,1,0,0,1,0,1,0,0,0,0,1,0,1,0,100000,7
55,16,1,0,1,0,0,1,0,0,1,0,0,1,0,0,1,0,0,100000,3
55,17,0,1,1,0,0,0,1,0,0,1,0,1,0,0,0,0,1,200000,4
55,18,0,1,0,0,1,1,0,0,0,1,0,0,1,0,1,0,0,100000,4
57,1,1,0,0,1,0,0,1,0,0,1,0,0,1,0,1,0,0,150000,6
57,2,1,0,0,0,1,0,1,0,1,0,0,0,1,0,0,1,0,200000,4
57,3,1,0,0,0,1,0,1,0,0,0,1,1,0,0,0,0,1,100000,7
57,4,1,0,0,1,0,1,0,0,0,1,0,0,0,1,0,0,1,200000,9
57,5,0,1,0,1,0,1,0,0,0,0,1,1,0,0,0,1,0,150000,3
57,6,1,0,1,0,0,1,0,0,0,0,1,0,1,0,0,1,0,200000,9
57,7,1,0,1,0,0,0,1,0,0,0,1,0,0,1,1,0,0,150000,7
57,8,0,1,1,0,0,0,0,1,1,0,0,0,1,0,0,0,1,150000,7
57,9,1,0,0,0,1,1,0,0,1,0,0,0,0,1,0,0,1,150000,5
57,10,0,1,0,0,1,0,0,1,0,0,1,0,0,1,1,0,0,200000,1
57,11,1,0,1,0,0,0,0,1,0,1,0,0,0,1,0,1,0,100000,3
57,12,1,0,0,1,0,0,0,1,1,0,0,1,0,0,1,0,0,200000,5
57,13,1,0,0,1,0,0,0,1,0,0,1,0,1,0,0,0,1,100000,5
57,14,1,0,0,0,1,0,0,1,0,1,0,1,0,0,0,1,0,150000,9
57,15,0,1,0,1,0,0,1,0,1,0,0,0,0,1,0,1,0,100000,7
57,16,1,0,1,0,0,1,0,0,1,0,0,1,0,0,1,0,0,100000,2
57,17,0,1,1,0,0,0,1,0,0,1,0,1,0,0,0,0,1,200000,9
57,18,0,1,0,0,1,1,0,0,0,1,0,0,1,0,1,0,0,100000,6
58,1,1,0,0,1,0,0,1,0,0,1,0,0,1,0,1,0,0,150000,6
58,2,1,0,0,0,1,0,1,0,1,0,0,0,1,0,0,1,0,200000,10
58,3,1,0,0,0,1,0,1,0,0,0,1,1,0,0,0,0,1,100000,8
58,4,1,0,0,1,0,1,0,0,0,1,0,0,0,1,0,0,1,200000,10
58,5,0,1,0,1,0,1,0,0,0,0,1,1,0,0,0,1,0,150000,8
58,6,1,0,1,0,0,1,0,0,0,0,1,0,1,0,0,1,0,200000,9
58,7,1,0,1,0,0,0,1,0,0,0,1,0,0,1,1,0,0,150000,7
58,8,0,1,1,0,0,0,0,1,1,0,0,0,1,0,0,0,1,150000,10
58,9,1,0,0,0,1,1,0,0,1,0,0,0,0,1,0,0,1,150000,10
58,10,0,1,0,0,1,0,0,1,0,0,1,0,0,1,1,0,0,200000,9
58,11,1,0,1,0,0,0,0,1,0,1,0,0,0,1,0,1,0,100000,10
58,12,1,0,0,1,0,0,0,1,1,0,0,1,0,0,1,0,0,200000,5
58,13,1,0,0,1,0,0,0,1,0,0,1,0,1,0,0,0,1,100000,10
58,14,1,0,0,0,1,0,0,1,0,1,0,1,0,0,0,1,0,150000,8
58,15,0,1,0,1,0,0,1,0,1,0,0,0,0,1,0,1,0,100000,10
58,16,1,0,1,0,0,1,0,0,1,0,0,1,0,0,1,0,0,100000,6
58,17,0,1,1,0,0,0,1,0,0,1,0,1,0,0,0,0,1,200000,8
58,18,0,1,0,0,1,1,0,0,0,1,0,0,1,0,1,0,0,100000,8
60,1,1,0,0,1,0,0,1,0,0,1,0,0,1,0,1,0,0,150000,4
60,2,1,0,0,0,1,0,1,0,1,0,0,0,1,0,0,1,0,200000,5
60,3,1,0,0,0,1,0,1,0,0,0,1,1,0,0,0,0,1,100000,0
60,4,1,0,0,1,0,1,0,0,0,1,0,0,0,1,0,0,1,200000,4
60,5,0,1,0,1,0,1,0,0,0,0,1,1,0,0,0,1,0,150000,3
60,6,1,0,1,0,0,1,0,0,0,0,1,0,1,0,0,1,0,200000,2
60,7,1,0,1,0,0,0,1,0,0,0,1,0,0,1,1,0,0,150000,0
60,8,0,1,1,0,0,0,0,1,1,0,0,0,1,0,0,0,1,150000,1
60,9,1,0,0,0,1,1,0,0,1,0,0,0,0,1,0,0,1,150000,6
60,10,0,1,0,0,1,0,0,1,0,0,1,0,0,1,1,0,0,200000,2
60,11,1,0,1,0,0,0,0,1,0,1,0,0,0,1,0,1,0,100000,1
60,12,1,0,0,1,0,0,0,1,1,0,0,1,0,0,1,0,0,200000,4
60,13,1,0,0,1,0,0,0,1,0,0,1,0,1,0,0,0,1,100000,0
60,14,1,0,0,0,1,0,0,1,0,1,0,1,0,0,0,1,0,150000,2
60,15,0,1,0,1,0,0,1,0,1,0,0,0,0,1,0,1,0,100000,6
60,16,1,0,1,0,0,1,0,0,1,0,0,1,0,0,1,0,0,100000,5
60,17,0,1,1,0,0,0,1,0,0,1,0,1,0,0,0,0,1,200000,1
60,18,0,1,0,0,1,1,0,0,0,1,0,0,1,0,1,0,0,100000,7
63,1,1,0,0,1,0,0,1,0,0,1,0,0,1,0,1,0,0,150000,4
63,2,1,0,0,0,1,0,1,0,1,0,0,0,1,0,0,1,0,200000,5
63,3,1,0,0,0,1,0,1,0,0,0,1,1,0,0,0,0,1,100000,5
63,4,1,0,0,1,0,1,0,0,0,1,0,0,0,1,0,0,1,200000,10
63,5,0,1,0,1,0,1,0,0,0,0,1,1,0,0,0,1,0,150000,4
63,6,1,0,1,0,0,1,0,0,0,0,1,0,1,0,0,1,0,200000,6
63,7,1,0,1,0,0,0,1,0,0,0,1,0,0,1,1,0,0,150000,5
63,8,0,1,1,0,0,0,0,1,1,0,0,0,1,0,0,0,1,150000,8
63,9,1,0,0,0,1,1,0,0,1,0,0,0,0,1,0,0,1,150000,10
63,10,0,1,0,0,1,0,0,1,0,0,1,0,0,1,1,0,0,200000,6
63,11,1,0,1,0,0,0,0,1,0,1,0,0,0,1,0,1,0,100000,8
63,12,1,0,0,1,0,0,0,1,1,0,0,1,0,0,1,0,0,200000,1
63,13,1,0,0,1,0,0,0,1,0,0,1,0,1,0,0,0,1,100000,8
63,14,1,0,0,0,1,0,0,1,0,1,0,1,0,0,0,1,0,150000,4
63,15,0,1,0,1,0,0,1,0,1,0,0,0,0,1,0,1,0,100000,8
63,16,1,0,1,0,0,1,0,0,1,0,0,1,0,0,1,0,0,100000,1
63,17,0,1,1,0,0,0,1,0,0,1,0,1,0,0,0,0,1,200000,6
63,18,0,1,0,0,1,1,0,0,0,1,0,0,1,0,1,0,0,100000,5
64,1,1,0,0,1,0,0,1,0,0,1,0,0,1,0,1,0,0,150000,4
64,2,1,0,0,0,1,0,1,0,1,0,0,0,1,0,0,1,0,200000,3
64,3,1,0,0,0,1,0,1,0,0,0,1,1,0,0,0,0,1,100000,4
64,4,1,0,0,1,0,1,0,0,0,1,0,0,0,1,0,0,1,200000,2
64,5,0,1,0,1,0,1,0,0,0,0,1,1,0,0,0,1,0,150000,4
64,6,1,0,1,0,0,1,0,0,0,0,1,0,1,0,0,1,0,200000,2
64,7,1,0,1,0,0,0,1,0,0,0,1,0,0,1,1,0,0,150000,4
64,8,0,1,1,0,0,0,0,1,1,0,0,0,1,0,0,0,1,150000,3
64,9,1,0,0,0,1,1,0,0,1,0,0,0,0,1,0,0,1,150000,4
64,10,0,1,0,0,1,0,0,1,0,0,1,0,0,1,1,0,0,200000,2
64,11,1,0,1,0,0,0,0,1,0,1,0,0,0,1,0,1,0,100000,4
64,12,1,0,0,1,0,0,0,1,1,0,0,1,0,0,1,0,0,200000,3
64,13,1,0,0,1,0,0,0,1,0,0,1,0,1,0,0,0,1,100000,5
64,14,1,0,0,0,1,0,0,1,0,1,0,1,0,0,0,1,0,150000,4
64,15,0,1,0,1,0,0,1,0,1,0,0,0,0,1,0,1,0,100000,5
64,16,1,0,1,0,0,1,0,0,1,0,0,1,0,0,1,0,0,100000,4
64,17,0,1,1,0,0,0,1,0,0,1,0,1,0,0,0,0,1,200000,2
64,18,0,1,0,0,1,1,0,0,0,1,0,0,1,0,1,0,0,100000,4
68,1,1,0,0,1,0,0,1,0,0,1,0,0,1,0,1,0,0,150000,0
68,2,1,0,0,0,1,0,1,0,1,0,0,0,1,0,0,1,0,200000,10
68,3,1,0,0,0,1,0,1,0,0,0,1,1,0,0,0,0,1,100000,10
68,4,1,0,0,1,0,1,0,0,0,1,0,0,0,1,0,0,1,200000,0
68,5,0,1,0,1,0,1,0,0,0,0,1,1,0,0,0,1,0,150000,10
68,6,1,0,1,0,0,1,0,0,0,0,1,0,1,0,0,1,0,200000,10
68,7,1,0,1,0,0,0,1,0,0,0,1,0,0,1,1,0,0,150000,10
68,8,0,1,1,0,0,0,0,1,1,0,0,0,1,0,0,0,1,150000,0
68,9,1,0,0,0,1,1,0,0,1,0,0,0,0,1,0,0,1,150000,10
68,10,0,1,0,0,1,0,0,1,0,0,1,0,0,1,1,0,0,200000,10
68,11,1,0,1,0,0,0,0,1,0,1,0,0,0,1,0,1,0,100000,0
68,12,1,0,0,1,0,0,0,1,1,0,0,1,0,0,1,0,0,200000,0
68,13,1,0,0,1,0,0,0,1,0,0,1,0,1,0,0,0,1,100000,0
68,14,1,0,0,0,1,0,0,1,0,1,0,1,0,0,0,1,0,150000,0
68,15,0,1,0,1,0,0,1,0,1,0,0,0,0,1,0,1,0,100000,0
68,16,1,0,1,0,0,1,0,0,1,0,0,1,0,0,1,0,0,100000,0
68,17,0,1,1,0,0,0,1,0,0,1,0,1,0,0,0,0,1,200000,0
68,18,0,1,0,0,1,1,0,0,0,1,0,0,1,0,1,0,0,100000,10
71,1,1,0,0,1,0,0,1,0,0,1,0,0,1,0,1,0,0,150000,5
71,2,1,0,0,0,1,0,1,0,1,0,0,0,1,0,0,1,0,200000,5
71,3,1,0,0,0,1,0,1,0,0,0,1,1,0,0,0,0,1,100000,2
71,4,1,0,0,1,0,1,0,0,0,1,0,0,0,1,0,0,1,200000,1
71,5,0,1,0,1,0,1,0,0,0,0,1,1,0,0,0,1,0,150000,2
71,6,1,0,1,0,0,1,0,0,0,0,1,0,1,0,0,1,0,200000,6
71,7,1,0,1,0,0,0,1,0,0,0,1,0,0,1,1,0,0,150000,6
71,8,0,1,1,0,0,0,0,1,1,0,0,0,1,0,0,0,1,150000,5
71,9,1,0,0,0,1,1,0,0,1,0,0,0,0,1,0,0,1,150000,7
71,10,0,1,0,0,1,0,0,1,0,0,1,0,0,1,1,0,0,200000,3
71,11,1,0,1,0,0,0,0,1,0,1,0,0,0,1,0,1,0,100000,6
71,12,1,0,0,1,0,0,0,1,1,0,0,1,0,0,1,0,0,200000,1
71,13,1,0,0,1,0,0,0,1,0,0,1,0,1,0,0,0,1,100000,7
71,14,1,0,0,0,1,0,0,1,0,1,0,1,0,0,0,1,0,150000,3
71,15,0,1,0,1,0,0,1,0,1,0,0,0,0,1,0,1,0,100000,7
71,16,1,0,1,0,0,1,0,0,1,0,0,1,0,0,1,0,0,100000,1
71,17,0,1,1,0,0,0,1,0,0,1,0,1,0,0,0,0,1,200000,1
71,18,0,1,0,0,1,1,0,0,0,1,0,0,1,0,1,0,0,100000,4
75,1,1,0,0,1,0,0,1,0,0,1,0,0,1,0,1,0,0,150000,5
75,2,1,0,0,0,1,0,1,0,1,0,0,0,1,0,0,1,0,200000,9
75,3,1,0,0,0,1,0,1,0,0,0,1,1,0,0,0,0,1,100000,5
75,4,1,0,0,1,0,1,0,0,0,1,0,0,0,1,0,0,1,200000,7
75,5,0,1,0,1,0,1,0,0,0,0,1,1,0,0,0,1,0,150000,6
75,6,1,0,1,0,0,1,0,0,0,0,1,0,1,0,0,1,0,200000,7
75,7,1,0,1,0,0,0,1,0,0,0,1,0,0,1,1,0,0,150000,6
75,8,0,1,1,0,0,0,0,1,1,0,0,0,1,0,0,0,1,150000,4
75,9,1,0,0,0,1,1,0,0,1,0,0,0,0,1,0,0,1,150000,10
75,10,0,1,0,0,1,0,0,1,0,0,1,0,0,1,1,0,0,200000,4
75,11,1,0,1,0,0,0,0,1,0,1,0,0,0,1,0,1,0,100000,5
75,12,1,0,0,1,0,0,0,1,1,0,0,1,0,0,1,0,0,200000,5
75,13,1,0,0,1,0,0,0,1,0,0,1,0,1,0,0,0,1,100000,5
75,14,1,0,0,0,1,0,0,1,0,1,0,1,0,0,0,1,0,150000,4
75,15,0,1,0,1,0,0,1,0,1,0,0,0,0,1,0,1,0,100000,10
75,16,1,0,1,0,0,1,0,0,1,0,0,1,0,0,1,0,0,100000,3
75,17,0,1,1,0,0,0,1,0,0,1,0,1,0,0,0,0,1,200000,5
75,18,0,1,0,0,1,1,0,0,0,1,0,0,1,0,1,0,0,100000,6
76,1,1,0,0,1,0,0,1,0,0,1,0,0,1,0,1,0,0,150000,3
76,2,1,0,0,0,1,0,1,0,1,0,0,0,1,0,0,1,0,200000,4
76,3,1,0,0,0,1,0,1,0,0,0,1,1,0,0,0,0,1,100000,1
76,4,1,0,0,1,0,1,0,0,0,1,0,0,0,1,0,0,1,200000,7
76,5,0,1,0,1,0,1,0,0,0,0,1,1,0,0,0,1,0,150000,2
76,6,1,0,1,0,0,1,0,0,0,0,1,0,1,0,0,1,0,200000,2
76,7,1,0,1,0,0,0,1,0,0,0,1,0,0,1,1,0,0,150000,3
76,8,0,1,1,0,0,0,0,1,1,0,0,0,1,0,0,0,1,150000,4
76,9,1,0,0,0,1,1,0,0,1,0,0,0,0,1,0,0,1,150000,7
76,10,0,1,0,0,1,0,0,1,0,0,1,0,0,1,1,0,0,200000,3
76,11,1,0,1,0,0,0,0,1,0,1,0,0,0,1,0,1,0,100000,5
76,12,1,0,0,1,0,0,0,1,1,0,0,1,0,0,1,0,0,200000,1
76,13,1,0,0,1,0,0,0,1,0,0,1,0,1,0,0,0,1,100000,4
76,14,1,0,0,0,1,0,0,1,0,1,0,1,0,0,0,1,0,150000,2
76,15,0,1,0,1,0,0,1,0,1,0,0,0,0,1,0,1,0,100000,5
76,16,1,0,1,0,0,1,0,0,1,0,0,1,0,0,1,0,0,100000,1
76,17,0,1,1,0,0,0,1,0,0,1,0,1,0,0,0,0,1,200000,3
76,18,0,1,0,0,1,1,0,0,0,1,0,0,1,0,1,0,0,100000,2
77,1,1,0,0,1,0,0,1,0,0,1,0,0,1,0,1,0,0,150000,4
77,2,1,0,0,0,1,0,1,0,1,0,0,0,1,0,0,1,0,200000,7
77,3,1,0,0,0,1,0,1,0,0,0,1,1,0,0,0,0,1,100000,3
77,4,1,0,0,1,0,1,0,0,0,1,0,0,0,1,0,0,1,200000,3
77,5,0,1,0,1,0,1,0,0,0,0,1,1,0,0,0,1,0,150000,2
77,6,1,0,1,0,0,1,0,0,0,0,1,0,1,0,0,1,0,200000,2
77,7,1,0,1,0,0,0,1,0,0,0,1,0,0,1,1,0,0,150000,2
77,8,0,1,1,0,0,0,0,1,1,0,0,0,1,0,0,0,1,150000,2
77,9,1,0,0,0,1,1,0,0,1,0,0,0,0,1,0,0,1,150000,6
77,10,0,1,0,0,1,0,0,1,0,0,1,0,0,1,1,0,0,200000,2
77,11,1,0,1,0,0,0,0,1,0,1,0,0,0,1,0,1,0,100000,5
77,12,1,0,0,1,0,0,0,1,1,0,0,1,0,0,1,0,0,200000,4
77,13,1,0,0,1,0,0,0,1,0,0,1,0,1,0,0,0,1,100000,3
77,14,1,0,0,0,1,0,0,1,0,1,0,1,0,0,0,1,0,150000,4
77,15,0,1,0,1,0,0,1,0,1,0,0,0,0,1,0,1,0,100000,2
77,16,1,0,1,0,0,1,0,0,1,0,0,1,0,0,1,0,0,100000,3
77,17,0,1,1,0,0,0,1,0,0,1,0,1,0,0,0,0,1,200000,3
77,18,0,1,0,0,1,1,0,0,0,1,0,0,1,0,1,0,0,100000,2
80,1,1,0,0,1,0,0,1,0,0,1,0,0,1,0,1,0,0,150000,7
80,2,1,0,0,0,1,0,1,0,1,0,0,0,1,0,0,1,0,200000,10
80,3,1,0,0,0,1,0,1,0,0,0,1,1,0,0,0,0,1,100000,8
80,4,1,0,0,1,0,1,0,0,0,1,0,0,0,1,0,0,1,200000,3
80,5,0,1,0,1,0,1,0,0,0,0,1,1,0,0,0,1,0,150000,7
80,6,1,0,1,0,0,1,0,0,0,0,1,0,1,0,0,1,0,200000,7
80,7,1,0,1,0,0,0,1,0,0,0,1,0,0,1,1,0,0,150000,3
80,8,0,1,1,0,0,0,0,1,1,0,0,0,1,0,0,0,1,150000,8
80,9,1,0,0,0,1,1,0,0,1,0,0,0,0,1,0,0,1,150000,7
80,10,0,1,0,0,1,0,0,1,0,0,1,0,0,1,1,0,0,200000,8
80,11,1,0,1,0,0,0,0,1,0,1,0,0,0,1,0,1,0,100000,7
80,12,1,0,0,1,0,0,0,1,1,0,0,1,0,0,1,0,0,200000,3
80,13,1,0,0,1,0,0,0,1,0,0,1,0,1,0,0,0,1,100000,10
80,14,1,0,0,0,1,0,0,1,0,1,0,1,0,0,0,1,0,150000,7
80,15,0,1,0,1,0,0,1,0,1,0,0,0,0,1,0,1,0,100000,8
80,16,1,0,1,0,0,1,0,0,1,0,0,1,0,0,1,0,0,100000,2
80,17,0,1,1,0,0,0,1,0,0,1,0,1,0,0,0,0,1,200000,5
80,18,0,1,0,0,1,1,0,0,0,1,0,0,1,0,1,0,0,100000,8
82,1,1,0,0,1,0,0,1,0,0,1,0,0,1,0,1,0,0,150000,6
82,2,1,0,0,0,1,0,1,0,1,0,0,0,1,0,0,1,0,200000,6
82,3,1,0,0,0,1,0,1,0,0,0,1,1,0,0,0,0,1,100000,3
82,4,1,0,0,1,0,1,0,0,0,1,0,0,0,1,0,0,1,200000,5
82,5,0,1,0,1,0,1,0,0,0,0,1,1,0,0,0,1,0,150000,2
82,6,1,0,1,0,0,1,0,0,0,0,1,0,1,0,0,1,0,200000,3
82,7,1,0,1,0,0,0,1,0,0,0,1,0,0,1,1,0,0,150000,2
82,8,0,1,1,0,0,0,0,1,1,0,0,0,1,0,0,0,1,150000,0
82,9,1,0,0,0,1,1,0,0,1,0,0,0,0,1,0,0,1,150000,7
82,10,0,1,0,0,1,0,0,1,0,0,1,0,0,1,1,0,0,200000,0
82,11,1,0,1,0,0,0,0,1,0,1,0,0,0,1,0,1,0,100000,0
82,12,1,0,0,1,0,0,0,1,1,0,0,1,0,0,1,0,0,200000,0
82,13,1,0,0,1,0,0,0,1,0,0,1,0,1,0,0,0,1,100000,0
82,14,1,0,0,0,1,0,0,1,0,1,0,1,0,0,0,1,0,150000,0
82,15,0,1,0,1,0,0,1,0,1,0,0,0,0,1,0,1,0,100000,7
82,16,1,0,1,0,0,1,0,0,1,0,0,1,0,0,1,0,0,100000,7
82,17,0,1,1,0,0,0,1,0,0,1,0,1,0,0,0,0,1,200000,3
82,18,0,1,0,0,1,1,0,0,0,1,0,0,1,0,1,0,0,100000,7
86,1,1,0,0,1,0,0,1,0,0,1,0,0,1,0,1,0,0,150000,3
86,2,1,0,0,0,1,0,1,0,1,0,0,0,1,0,0,1,0,200000,3
86,3,1,0,0,0,1,0,1,0,0,0,1,1,0,0,0,0,1,100000,4
86,4,1,0,0,1,0,1,0,0,0,1,0,0,0,1,0,0,1,200000,5
86,5,0,1,0,1,0,1,0,0,0,0,1,1,0,0,0,1,0,150000,2
86,6,1,0,1,0,0,1,0,0,0,0,1,0,1,0,0,1,0,200000,2
86,7,1,0,1,0,0,0,1,0,0,0,1,0,0,1,1,0,0,150000,2
86,8,0,1,1,0,0,0,0,1,1,0,0,0,1,0,0,0,1,150000,4
86,9,1,0,0,0,1,1,0,0,1,0,0,0,0,1,0,0,1,150000,5
86,10,0,1,0,0,1,0,0,1,0,0,1,0,0,1,1,0,0,200000,4
86,11,1,0,1,0,0,0,0,1,0,1,0,0,0,1,0,1,0,100000,4
86,12,1,0,0,1,0,0,0,1,1,0,0,1,0,0,1,0,0,200000,4
86,13,1,0,0,1,0,0,0,1,0,0,1,0,1,0,0,0,1,100000,5
86,14,1,0,0,0,1,0,0,1,0,1,0,1,0,0,0,1,0,150000,4
86,15,0,1,0,1,0,0,1,0,1,0,0,0,0,1,0,1,0,100000,6
86,16,1,0,1,0,0,1,0,0,1,0,0,1,0,0,1,0,0,100000,4
86,17,0,1,1,0,0,0,1,0,0,1,0,1,0,0,0,0,1,200000,5
86,18,0,1,0,0,1,1,0,0,0,1,0,0,1,0,1,0,0,100000,4
88,1,1,0,0,1,0,0,1,0,0,1,0,0,1,0,1,0,0,150000,10
88,2,1,0,0,0,1,0,1,0,1,0,0,0,1,0,0,1,0,200000,5
88,3,1,0,0,0,1,0,1,0,0,0,1,1,0,0,0,0,1,100000,5
88,4,1,0,0,1,0,1,0,0,0,1,0,0,0,1,0,0,1,200000,5
88,5,0,1,0,1,0,1,0,0,0,0,1,1,0,0,0,1,0,150000,10
88,6,1,0,1,0,0,1,0,0,0,0,1,0,1,0,0,1,0,200000,3
88,7,1,0,1,0,0,0,1,0,0,0,1,0,0,1,1,0,0,150000,5
88,8,0,1,1,0,0,0,0,1,1,0,0,0,1,0,0,0,1,150000,5
88,9,1,0,0,0,1,1,0,0,1,0,0,0,0,1,0,0,1,150000,10
88,10,0,1,0,0,1,0,0,1,0,0,1,0,0,1,1,0,0,200000,3
88,11,1,0,1,0,0,0,0,1,0,1,0,0,0,1,0,1,0,100000,5
88,12,1,0,0,1,0,0,0,1,1,0,0,1,0,0,1,0,0,200000,5
88,13,1,0,0,1,0,0,0,1,0,0,1,0,1,0,0,0,1,100000,10
88,14,1,0,0,0,1,0,0,1,0,1,0,1,0,0,0,1,0,150000,5
88,15,0,1,0,1,0,0,1,0,1,0,0,0,0,1,0,1,0,100000,7
88,16,1,0,1,0,0,1,0,0,1,0,0,1,0,0,1,0,0,100000,7
88,17,0,1,1,0,0,0,1,0,0,1,0,1,0,0,0,0,1,200000,10
88,18,0,1,0,0,1,1,0,0,0,1,0,0,1,0,1,0,0,100000,7
90,1,1,0,0,1,0,0,1,0,0,1,0,0,1,0,1,0,0,150000,1
90,2,1,0,0,0,1,0,1,0,1,0,0,0,1,0,0,1,0,200000,6
90,3,1,0,0,0,1,0,1,0,0,0,1,1,0,0,0,0,1,100000,5
90,4,1,0,0,1,0,1,0,0,0,1,0,0,0,1,0,0,1,200000,5
90,5,0,1,0,1,0,1,0,0,0,0,1,1,0,0,0,1,0,150000,5
90,6,1,0,1,0,0,1,0,0,0,0,1,0,1,0,0,1,0,200000,4
90,7,1,0,1,0,0,0,1,0,0,0,1,0,0,1,1,0,0,150000,6
90,8,0,1,1,0,0,0,0,1,1,0,0,0,1,0,0,0,1,150000,3
90,9,1,0,0,0,1,1,0,0,1,0,0,0,0,1,0,0,1,150000,4
90,10,0,1,0,0,1,0,0,1,0,0,1,0,0,1,1,0,0,200000,8
90,11,1,0,1,0,0,0,0,1,0,1,0,0,0,1,0,1,0,100000,3
90,12,1,0,0,1,0,0,0,1,1,0,0,1,0,0,1,0,0,200000,4
90,13,1,0,0,1,0,0,0,1,0,0,1,0,1,0,0,0,1,100000,4
90,14,1,0,0,0,1,0,0,1,0,1,0,1,0,0,0,1,0,150000,3
90,15,0,1,0,1,0,0,1,0,1,0,0,0,0,1,0,1,0,100000,4
90,16,1,0,1,0,0,1,0,0,1,0,0,1,0,0,1,0,0,100000,4
90,17,0,1,1,0,0,0,1,0,0,1,0,1,0,0,0,0,1,200000,3
90,18,0,1,0,0,1,1,0,0,0,1,0,0,1,0,1,0,0,100000,2
93,1,1,0,0,1,0,0,1,0,0,1,0,0,1,0,1,0,0,150000,0
93,2,1,0,0,0,1,0,1,0,1,0,0,0,1,0,0,1,0,200000,2
93,3,1,0,0,0,1,0,1,0,0,0,1,1,0,0,0,0,1,100000,2
93,4,1,0,0,1,0,1,0,0,0,1,0,0,0,1,0,0,1,200000,5
93,5,0,1,0,1,0,1,0,0,0,0,1,1,0,0,0,1,0,150000,0
93,6,1,0,1,0,0,1,0,0,0,0,1,0,1,0,0,1,0,200000,1
93,7,1,0,1,0,0,0,1,0,0,0,1,0,0,1,1,0,0,150000,0
93,8,0,1,1,0,0,0,0,1,1,0,0,0,1,0,0,0,1,150000,2
93,9,1,0,0,0,1,1,0,0,1,0,0,0,0,1,0,0,1,150000,5
93,10,0,1,0,0,1,0,0,1,0,0,1,0,0,1,1,0,0,200000,3
93,11,1,0,1,0,0,0,0,1,0,1,0,0,0,1,0,1,0,100000,0
93,12,1,0,0,1,0,0,0,1,1,0,0,1,0,0,1,0,0,200000,0
93,13,1,0,0,1,0,0,0,1,0,0,1,0,1,0,0,0,1,100000,0
93,14,1,0,0,0,1,0,0,1,0,1,0,1,0,0,0,1,0,150000,0
93,15,0,1,0,1,0,0,1,0,1,0,0,0,0,1,0,1,0,100000,3
93,16,1,0,1,0,0,1,0,0,1,0,0,1,0,0,1,0,0,100000,0
93,17,0,1,1,0,0,0,1,0,0,1,0,1,0,0,0,0,1,200000,0
93,18,0,1,0,0,1,1,0,0,0,1,0,0,1,0,1,0,0,100000,0
94,1,1,0,0,1,0,0,1,0,0,1,0,0,1,0,1,0,0,150000,5
94,2,1,0,0,0,1,0,1,0,1,0,0,0,1,0,0,1,0,200000,10
94,3,1,0,0,0,1,0,1,0,0,0,1,1,0,0,0,0,1,100000,0
94,4,1,0,0,1,0,1,0,0,0,1,0,0,0,1,0,0,1,200000,5
94,5,0,1,0,1,0,1,0,0,0,0,1,1,0,0,0,1,0,150000,0
94,6,1,0,1,0,0,1,0,0,0,0,1,0,1,0,0,1,0,200000,0
94,7,1,0,1,0,0,0,1,0,0,0,1,0,0,1,1,0,0,150000,0
94,8,0,1,1,0,0,0,0,1,1,0,0,0,1,0,0,0,1,150000,10
94,9,1,0,0,0,1,1,0,0,1,0,0,0,0,1,0,0,1,150000,10
94,10,0,1,0,0,1,0,0,1,0,0,1,0,0,1,1,0,0,200000,0
94,11,1,0,1,0,0,0,0,1,0,1,0,0,0,1,0,1,0,100000,5
94,12,1,0,0,1,0,0,0,1,1,0,0,1,0,0,1,0,0,200000,10
94,13,1,0,0,1,0,0,0,1,0,0,1,0,1,0,0,0,1,100000,0
94,14,1,0,0,0,1,0,0,1,0,1,0,1,0,0,0,1,0,150000,5
94,15,0,1,0,1,0,0,1,0,1,0,0,0,0,1,0,1,0,100000,10
94,16,1,0,1,0,0,1,0,0,1,0,0,1,0,0,1,0,0,100000,10
94,17,0,1,1,0,0,0,1,0,0,1,0,1,0,0,0,0,1,200000,5
94,18,0,1,0,0,1,1,0,0,0,1,0,0,1,0,1,0,0,100000,5
96,1,1,0,0,1,0,0,1,0,0,1,0,0,1,0,1,0,0,150000,0
96,2,1,0,0,0,1,0,1,0,1,0,0,0,1,0,0,1,0,200000,0
96,3,1,0,0,0,1,0,1,0,0,0,1,1,0,0,0,0,1,100000,0
96,4,1,0,0,1,0,1,0,0,0,1,0,0,0,1,0,0,1,200000,0
96,5,0,1,0,1,0,1,0,0,0,0,1,1,0,0,0,1,0,150000,0
96,6,1,0,1,0,0,1,0,0,0,0,1,0,1,0,0,1,0,200000,0
96,7,1,0,1,0,0,0,1,0,0,0,1,0,0,1,1,0,0,150000,0
96,8,0,1,1,0,0,0,0,1,1,0,0,0,1,0,0,0,1,150000,0
96,9,1,0,0,0,1,1,0,0,1,0,0,0,0,1,0,0,1,150000,10
96,10,0,1,0,0,1,0,0,1,0,0,1,0,0,1,1,0,0,200000,0
96,11,1,0,1,0,0,0,0,1,0,1,0,0,0,1,0,1,0,100000,0
96,12,1,0,0,1,0,0,0,1,1,0,0,1,0,0,1,0,0,200000,0
96,13,1,0,0,1,0,0,0,1,0,0,1,0,1,0,0,0,1,100000,10
96,14,1,0,0,0,1,0,0,1,0,1,0,1,0,0,0,1,0,150000,0
96,15,0,1,0,1,0,0,1,0,1,0,0,0,0,1,0,1,0,100000,10
96,16,1,0,1,0,0,1,0,0,1,0,0,1,0,0,1,0,0,100000,0
96,17,0,1,1,0,0,0,1,0,0,1,0,1,0,0,0,0,1,200000,0
96,18,0,1,0,0,1,1,0,0,0,1,0,0,1,0,1,0,0,100000,0
97,1,1,0,0,1,0,0,1,0,0,1,0,0,1,0,1,0,0,150000,9
97,2,1,0,0,0,1,0,1,0,1,0,0,0,1,0,0,1,0,200000,10
97,3,1,0,0,0,1,0,1,0,0,0,1,1,0,0,0,0,1,100000,7
97,4,1,0,0,1,0,1,0,0,0,1,0,0,0,1,0,0,1,200000,7
97,5,0,1,0,1,0,1,0,0,0,0,1,1,0,0,0,1,0,150000,6
97,6,1,0,1,0,0,1,0,0,0,0,1,0,1,0,0,1,0,200000,7
97,7,1,0,1,0,0,0,1,0,0,0,1,0,0,1,1,0,0,150000,7
97,8,0,1,1,0,0,0,0,1,1,0,0,0,1,0,0,0,1,150000,6
97,9,1,0,0,0,1,1,0,0,1,0,0,0,0,1,0,0,1,150000,7
97,10,0,1,0,0,1,0,0,1,0,0,1,0,0,1,1,0,0,200000,3
97,11,1,0,1,0,0,0,0,1,0,1,0,0,0,1,0,1,0,100000,4
97,12,1,0,0,1,0,0,0,1,1,0,0,1,0,0,1,0,0,200000,5
97,13,1,0,0,1,0,0,0,1,0,0,1,0,1,0,0,0,1,100000,5
97,14,1,0,0,0,1,0,0,1,0,1,0,1,0,0,0,1,0,150000,4
97,15,0,1,0,1,0,0,1,0,1,0,0,0,0,1,0,1,0,100000,9
97,16,1,0,1,0,0,1,0,0,1,0,0,1,0,0,1,0,0,100000,5
97,17,0,1,1,0,0,0,1,0,0,1,0,1,0,0,0,0,1,200000,6
97,18,0,1,0,0,1,1,0,0,0,1,0,0,1,0,1,0,0,100000,8
98,1,1,0,0,1,0,0,1,0,0,1,0,0,1,0,1,0,0,150000,2
98,2,1,0,0,0,1,0,1,0,1,0,0,0,1,0,0,1,0,200000,2
98,3,1,0,0,0,1,0,1,0,0,0,1,1,0,0,0,0,1,100000,0
98,4,1,0,0,1,0,1,0,0,0,1,0,0,0,1,0,0,1,200000,1
98,5,0,1,0,1,0,1,0,0,0,0,1,1,0,0,0,1,0,150000,0
98,6,1,0,1,0,0,1,0,0,0,0,1,0,1,0,0,1,0,200000,0
98,7,1,0,1,0,0,0,1,0,0,0,1,0,0,1,1,0,0,150000,1
98,8,0,1,1,0,0,0,0,1,1,0,0,0,1,0,0,0,1,150000,2
98,9,1,0,0,0,1,1,0,0,1,0,0,0,0,1,0,0,1,150000,3
98,10,0,1,0,0,1,0,0,1,0,0,1,0,0,1,1,0,0,200000,0
98,11,1,0,1,0,0,0,0,1,0,1,0,0,0,1,0,1,0,100000,1
98,12,1,0,0,1,0,0,0,1,1,0,0,1,0,0,1,0,0,200000,0
98,13,1,0,0,1,0,0,0,1,0,0,1,0,1,0,0,0,1,100000,2
98,14,1,0,0,0,1,0,0,1,0,1,0,1,0,0,0,1,0,150000,1
98,15,0,1,0,1,0,0,1,0,1,0,0,0,0,1,0,1,0,100000,4
98,16,1,0,1,0,0,1,0,0,1,0,0,1,0,0,1,0,0,100000,0
98,17,0,1,1,0,0,0,1,0,0,1,0,1,0,0,0,0,1,200000,0
98,18,0,1,0,0,1,1,0,0,0,1,0,0,1,0,1,0,0,100000,2
99,1,1,0,0,1,0,0,1,0,0,1,0,0,1,0,1,0,0,150000,7
99,2,1,0,0,0,1,0,1,0,1,0,0,0,1,0,0,1,0,200000,8
99,3,1,0,0,0,1,0,1,0,0,0,1,1,0,0,0,0,1,100000,5
99,4,1,0,0,1,0,1,0,0,0,1,0,0,0,1,0,0,1,200000,2
99,5,0,1,0,1,0,1,0,0,0,0,1,1,0,0,0,1,0,150000,4
99,6,1,0,1,0,0,1,0,0,0,0,1,0,1,0,0,1,0,200000,4
99,7,1,0,1,0,0,0,1,0,0,0,1,0,0,1,1,0,0,150000,4
99,8,0,1,1,0,0,0,0,1,1,0,0,0,1,0,0,0,1,150000,4
99,9,1,0,0,0,1,1,0,0,1,0,0,0,0,1,0,0,1,150000,7
99,10,0,1,0,0,1,0,0,1,0,0,1,0,0,1,1,0,0,200000,9
99,11,1,0,1,0,0,0,0,1,0,1,0,0,0,1,0,1,0,100000,8
99,12,1,0,0,1,0,0,0,1,1,0,0,1,0,0,1,0,0,200000,7
99,13,1,0,0,1,0,0,0,1,0,0,1,0,1,0,0,0,1,100000,7
99,14,1,0,0,0,1,0,0,1,0,1,0,1,0,0,0,1,0,150000,7
99,15,0,1,0,1,0,0,1,0,1,0,0,0,0,1,0,1,0,100000,3
99,16,1,0,1,0,0,1,0,0,1,0,0,1,0,0,1,0,0,100000,3
99,17,0,1,1,0,0,0,1,0,0,1,0,1,0,0,0,0,1,200000,3
99,18,0,1,0,0,1,1,0,0,0,1,0,0,1,0,1,0,0,100000,5
100,1,1,0,0,1,0,0,1,0,0,1,0,0,1,0,1,0,0,150000,5
100,2,1,0,0,0,1,0,1,0,1,0,0,0,1,0,0,1,0,200000,8
100,3,1,0,0,0,1,0,1,0,0,0,1,1,0,0,0,0,1,100000,5
100,4,1,0,0,1,0,1,0,0,0,1,0,0,0,1,0,0,1,200000,6
100,5,0,1,0,1,0,1,0,0,0,0,1,1,0,0,0,1,0,150000,5
100,6,1,0,1,0,0,1,0,0,0,0,1,0,1,0,0,1,0,200000,6
100,7,1,0,1,0,0,0,1,0,0,0,1,0,0,1,1,0,0,150000,5
100,8,0,1,1,0,0,0,0,1,1,0,0,0,1,0,0,0,1,150000,6
100,9,1,0,0,0,1,1,0,0,1,0,0,0,0,1,0,0,1,150000,8
100,10,0,1,0,0,1,0,0,1,0,0,1,0,0,1,1,0,0,200000,5
100,11,1,0,1,0,0,0,0,1,0,1,0,0,0,1,0,1,0,100000,7
100,12,1,0,0,1,0,0,0,1,1,0,0,1,0,0,1,0,0,200000,5
100,13,1,0,0,1,0,0,0,1,0,0,1,0,1,0,0,0,1,100000,6
100,14,1,0,0,0,1,0,0,1,0,1,0,1,0,0,0,1,0,150000,5
100,15,0,1,0,1,0,0,1,0,1,0,0,0,0,1,0,1,0,100000,7
100,16,1,0,1,0,0,1,0,0,1,0,0,1,0,0,1,0,0,100000,5
100,17,0,1,1,0,0,0,1,0,0,1,0,1,0,0,0,0,1,200000,5
100,18,0,1,0,0,1,1,0,0,0,1,0,0,1,0,1,0,0,100000,5
103,1,1,0,0,1,0,0,1,0,0,1,0,0,1,0,1,0,0,150000,2
103,2,1,0,0,0,1,0,1,0,1,0,0,0,1,0,0,1,0,200000,8
103,3,1,0,0,0,1,0,1,0,0,0,1,1,0,0,0,0,1,100000,5
103,4,1,0,0,1,0,1,0,0,0,1,0,0,0,1,0,0,1,200000,4
103,5,0,1,0,1,0,1,0,0,0,0,1,1,0,0,0,1,0,150000,2
103,6,1,0,1,0,0,1,0,0,0,0,1,0,1,0,0,1,0,200000,2
103,7,1,0,1,0,0,0,1,0,0,0,1,0,0,1,1,0,0,150000,2
103,8,0,1,1,0,0,0,0,1,1,0,0,0,1,0,0,0,1,150000,5
103,9,1,0,0,0,1,1,0,0,1,0,0,0,0,1,0,0,1,150000,7
103,10,0,1,0,0,1,0,0,1,0,0,1,0,0,1,1,0,0,200000,1
103,11,1,0,1,0,0,0,0,1,0,1,0,0,0,1,0,1,0,100000,2
103,12,1,0,0,1,0,0,0,1,1,0,0,1,0,0,1,0,0,200000,3
103,13,1,0,0,1,0,0,0,1,0,0,1,0,1,0,0,0,1,100000,1
103,14,1,0,0,0,1,0,0,1,0,1,0,1,0,0,0,1,0,150000,2
103,15,0,1,0,1,0,0,1,0,1,0,0,0,0,1,0,1,0,100000,5
103,16,1,0,1,0,0,1,0,0,1,0,0,1,0,0,1,0,0,100000,2
103,17,0,1,1,0,0,0,1,0,0,1,0,1,0,0,0,0,1,200000,0
103,18,0,1,0,0,1,1,0,0,0,1,0,0,1,0,1,0,0,100000,8
107,1,1,0,0,1,0,0,1,0,0,1,0,0,1,0,1,0,0,150000,3
107,2,1,0,0,0,1,0,1,0,1,0,0,0,1,0,0,1,0,200000,6
107,3,1,0,0,0,1,0,1,0,0,0,1,1,0,0,0,0,1,100000,3
107,4,1,0,0,1,0,1,0,0,0,1,0,0,0,1,0,0,1,200000,7
107,5,0,1,0,1,0,1,0,0,0,0,1,1,0,0,0,1,0,150000,7
107,6,1,0,1,0,0,1,0,0,0,0,1,0,1,0,0,1,0,200000,4
107,7,1,0,1,0,0,0,1,0,0,0,1,0,0,1,1,0,0,150000,2
107,8,0,1,1,0,0,0,0,1,1,0,0,0,1,0,0,0,1,150000,2
107,9,1,0,0,0,1,1,0,0,1,0,0,0,0,1,0,0,1,150000,9
107,10,0,1,0,0,1,0,0,1,0,0,1,0,0,1,1,0,0,200000,3
107,11,1,0,1,0,0,0,0,1,0,1,0,0,0,1,0,1,0,100000,7
107,12,1,0,0,1,0,0,0,1,1,0,0,1,0,0,1,0,0,200000,2
107,13,1,0,0,1,0,0,0,1,0,0,1,0,1,0,0,0,1,100000,6
107,14,1,0,0,0,1,0,0,1,0,1,0,1,0,0,0,1,0,150000,6
107,15,0,1,0,1,0,0,1,0,1,0,0,0,0,1,0,1,0,100000,7
107,16,1,0,1,0,0,1,0,0,1,0,0,1,0,0,1,0,0,100000,3
107,17,0,1,1,0,0,0,1,0,0,1,0,1,0,0,0,0,1,200000,7
107,18,0,1,0,0,1,1,0,0,0,1,0,0,1,0,1,0,0,100000,2
111,1,1,0,0,1,0,0,1,0,0,1,0,0,1,0,1,0,0,150000,6
111,2,1,0,0,0,1,0,1,0,1,0,0,0,1,0,0,1,0,200000,9
111,3,1,0,0,0,1,0,1,0,0,0,1,1,0,0,0,0,1,100000,5
111,4,1,0,0,1,0,1,0,0,0,1,0,0,0,1,0,0,1,200000,9
111,5,0,1,0,1,0,1,0,0,0,0,1,1,0,0,0,1,0,150000,2
111,6,1,0,1,0,0,1,0,0,0,0,1,0,1,0,0,1,0,200000,10
111,7,1,0,1,0,0,0,1,0,0,0,1,0,0,1,1,0,0,150000,5
111,8,0,1,1,0,0,0,0,1,1,0,0,0,1,0,0,0,1,150000,10
111,9,1,0,0,0,1,1,0,0,1,0,0,0,0,1,0,0,1,150000,10
111,10,0,1,0,0,1,0,0,1,0,0,1,0,0,1,1,0,0,200000,8
111,11,1,0,1,0,0,0,0,1,0,1,0,0,0,1,0,1,0,100000,10
111,12,1,0,0,1,0,0,0,1,1,0,0,1,0,0,1,0,0,200000,2
111,13,1,0,0,1,0,0,0,1,0,0,1,0,1,0,0,0,1,100000,10
111,14,1,0,0,0,1,0,0,1,0,1,0,1,0,0,0,1,0,150000,6
111,15,0,1,0,1,0,0,1,0,1,0,0,0,0,1,0,1,0,100000,10
111,16,1,0,1,0,0,1,0,0,1,0,0,1,0,0,1,0,0,100000,0
111,17,0,1,1,0,0,0,1,0,0,1,0,1,0,0,0,0,1,200000,7
111,18,0,1,0,0,1,1,0,0,0,1,0,0,1,0,1,0,0,100000,9
113,1,1,0,0,1,0,0,1,0,0,1,0,0,1,0,1,0,0,150000,4
113,2,1,0,0,0,1,0,1,0,1,0,0,0,1,0,0,1,0,200000,4
113,3,1,0,0,0,1,0,1,0,0,0,1,1,0,0,0,0,1,100000,5
113,4,1,0,0,1,0,1,0,0,0,1,0,0,0,1,0,0,1,200000,4
113,5,0,1,0,1,0,1,0,0,0,0,1,1,0,0,0,1,0,150000,4
113,6,1,0,1,0,0,1,0,0,0,0,1,0,1,0,0,1,0,200000,5
113,7,1,0,1,0,0,0,1,0,0,0,1,0,0,1,1,0,0,150000,5
113,8,0,1,1,0,0,0,0,1,1,0,0,0,1,0,0,0,1,150000,5
113,9,1,0,0,0,1,1,0,0,1,0,0,0,0,1,0,0,1,150000,5
113,10,0,1,0,0,1,0,0,1,0,0,1,0,0,1,1,0,0,200000,3
113,11,1,0,1,0,0,0,0,1,0,1,0,0,0,1,0,1,0,100000,7
113,12,1,0,0,1,0,0,0,1,1,0,0,1,0,0,1,0,0,200000,5
113,13,1,0,0,1,0,0,0,1,0,0,1,0,1,0,0,0,1,100000,7
113,14,1,0,0,0,1,0,0,1,0,1,0,1,0,0,0,1,0,150000,5
113,15,0,1,0,1,0,0,1,0,1,0,0,0,0,1,0,1,0,100000,7
113,16,1,0,1,0,0,1,0,0,1,0,0,1,0,0,1,0,0,100000,7
113,17,0,1,1,0,0,0,1,0,0,1,0,1,0,0,0,0,1,200000,5
113,18,0,1,0,0,1,1,0,0,0,1,0,0,1,0,1,0,0,100000,7
114,1,1,0,0,1,0,0,1,0,0,1,0,0,1,0,1,0,0,150000,5
114,2,1,0,0,0,1,0,1,0,1,0,0,0,1,0,0,1,0,200000,10
114,3,1,0,0,0,1,0,1,0,0,0,1,1,0,0,0,0,1,100000,1
114,4,1,0,0,1,0,1,0,0,0,1,0,0,0,1,0,0,1,200000,5
114,5,0,1,0,1,0,1,0,0,0,0,1,1,0,0,0,1,0,150000,1
114,6,1,0,1,0,0,1,0,0,0,0,1,0,1,0,0,1,0,200000,1
114,7,1,0,1,0,0,0,1,0,0,0,1,0,0,1,1,0,0,150000,1
114,8,0,1,1,0,0,0,0,1,1,0,0,0,1,0,0,0,1,150000,10
114,9,1,0,0,0,1,1,0,0,1,0,0,0,0,1,0,0,1,150000,10
114,10,0,1,0,0,1,0,0,1,0,0,1,0,0,1,1,0,0,200000,1
114,11,1,0,1,0,0,0,0,1,0,1,0,0,0,1,0,1,0,100000,5
114,12,1,0,0,1,0,0,0,1,1,0,0,1,0,0,1,0,0,200000,10
114,13,1,0,0,1,0,0,0,1,0,0,1,0,1,0,0,0,1,100000,1
114,14,1,0,0,0,1,0,0,1,0,1,0,1,0,0,0,1,0,150000,5
114,15,0,1,0,1,0,0,1,0,1,0,0,0,0,1,0,1,0,100000,10
114,16,1,0,1,0,0,1,0,0,1,0,0,1,0,0,1,0,0,100000,10
114,17,0,1,1,0,0,0,1,0,0,1,0,1,0,0,0,0,1,200000,5
114,18,0,1,0,0,1,1,0,0,0,1,0,0,1,0,1,0,0,100000,5
116,1,1,0,0,1,0,0,1,0,0,1,0,0,1,0,1,0,0,150000,4
116,2,1,0,0,0,1,0,1,0,1,0,0,0,1,0,0,1,0,200000,9
116,3,1,0,0,0,1,0,1,0,0,0,1,1,0,0,0,0,1,100000,3
116,4,1,0,0,1,0,1,0,0,0,1,0,0,0,1,0,0,1,200000,6
116,5,0,1,0,1,0,1,0,0,0,0,1,1,0,0,0,1,0,150000,2
116,6,1,0,1,0,0,1,0,0,0,0,1,0,1,0,0,1,0,200000,2
116,7,1,0,1,0,0,0,1,0,0,0,1,0,0,1,1,0,0,150000,2
116,8,0,1,1,0,0,0,0,1,1,0,0,0,1,0,0,0,1,150000,4
116,9,1,0,0,0,1,1,0,0,1,0,0,0,0,1,0,0,1,150000,8
116,10,0,1,0,0,1,0,0,1,0,0,1,0,0,1,1,0,0,200000,6
116,11,1,0,1,0,0,0,0,1,0,1,0,0,0,1,0,1,0,100000,6
116,12,1,0,0,1,0,0,0,1,1,0,0,1,0,0,1,0,0,200000,2
116,13,1,0,0,1,0,0,0,1,0,0,1,0,1,0,0,0,1,100000,6
116,14,1,0,0,0,1,0,0,1,0,1,0,1,0,0,0,1,0,150000,4
116,15,0,1,0,1,0,0,1,0,1,0,0,0,0,1,0,1,0,100000,7
116,16,1,0,1,0,0,1,0,0,1,0,0,1,0,0,1,0,0,100000,2
116,17,0,1,1,0,0,0,1,0,0,1,0,1,0,0,0,0,1,200000,5
116,18,0,1,0,0,1,1,0,0,0,1,0,0,1,0,1,0,0,100000,4
117,1,1,0,0,1,0,0,1,0,0,1,0,0,1,0,1,0,0,150000,3
117,2,1,0,0,0,1,0,1,0,1,0,0,0,1,0,0,1,0,200000,3
117,3,1,0,0,0,1,0,1,0,0,0,1,1,0,0,0,0,1,100000,8
117,4,1,0,0,1,0,1,0,0,0,1,0,0,0,1,0,0,1,200000,5
117,5,0,1,0,1,0,1,0,0,0,0,1,1,0,0,0,1,0,150000,2
117,6,1,0,1,0,0,1,0,0,0,0,1,0,1,0,0,1,0,200000,3
117,7,1,0,1,0,0,0,1,0,0,0,1,0,0,1,1,0,0,150000,5
117,8,0,1,1,0,0,0,0,1,1,0,0,0,1,0,0,0,1,150000,8
117,9,1,0,0,0,1,1,0,0,1,0,0,0,0,1,0,0,1,150000,9
117,10,0,1,0,0,1,0,0,1,0,0,1,0,0,1,1,0,0,200000,8
117,11,1,0,1,0,0,0,0,1,0,1,0,0,0,1,0,1,0,100000,7
117,12,1,0,0,1,0,0,0,1,1,0,0,1,0,0,1,0,0,200000,0
117,13,1,0,0,1,0,0,0,1,0,0,1,0,1,0,0,0,1,100000,3
117,14,1,0,0,0,1,0,0,1,0,1,0,1,0,0,0,1,0,150000,3
117,15,0,1,0,1,0,0,1,0,1,0,0,0,0,1,0,1,0,100000,7
117,16,1,0,1,0,0,1,0,0,1,0,0,1,0,0,1,0,0,100000,0
117,17,0,1,1,0,0,0,1,0,0,1,0,1,0,0,0,0,1,200000,5
117,18,0,1,0,0,1,1,0,0,0,1,0,0,1,0,1,0,0,100000,3
119,1,1,0,0,1,0,0,1,0,0,1,0,0,1,0,1,0,0,150000,6
119,2,1,0,0,0,1,0,1,0,1,0,0,0,1,0,0,1,0,200000,2
119,3,1,0,0,0,1,0,1,0,0,0,1,1,0,0,0,0,1,100000,5
119,4,1,0,0,1,0,1,0,0,0,1,0,0,0,1,0,0,1,200000,6
119,5,0,1,0,1,0,1,0,0,0,0,1,1,0,0,0,1,0,150000,2
119,6,1,0,1,0,0,1,0,0,0,0,1,0,1,0,0,1,0,200000,1
119,7,1,0,1,0,0,0,1,0,0,0,1,0,0,1,1,0,0,150000,3
119,8,0,1,1,0,0,0,0,1,1,0,0,0,1,0,0,0,1,150000,5
119,9,1,0,0,0,1,1,0,0,1,0,0,0,0,1,0,0,1,150000,9
119,10,0,1,0,0,1,0,0,1,0,0,1,0,0,1,1,0,0,200000,3
119,11,1,0,1,0,0,0,0,1,0,1,0,0,0,1,0,1,0,100000,3
119,12,1,0,0,1,0,0,0,1,1,0,0,1,0,0,1,0,0,200000,2
119,13,1,0,0,1,0,0,0,1,0,0,1,0,1,0,0,0,1,100000,3
119,14,1,0,0,0,1,0,0,1,0,1,0,1,0,0,0,1,0,150000,4
119,15,0,1,0,1,0,0,1,0,1,0,0,0,0,1,0,1,0,100000,6
119,16,1,0,1,0,0,1,0,0,1,0,0,1,0,0,1,0,0,100000,3
119,17,0,1,1,0,0,0,1,0,0,1,0,1,0,0,0,0,1,200000,5
119,18,0,1,0,0,1,1,0,0,0,1,0,0,1,0,1,0,0,100000,5
120,1,1,0,0,1,0,0,1,0,0,1,0,0,1,0,1,0,0,150000,5
120,2,1,0,0,0,1,0,1,0,1,0,0,0,1,0,0,1,0,200000,9
120,3,1,0,0,0,1,0,1,0,0,0,1,1,0,0,0,0,1,100000,5
120,4,1,0,0,1,0,1,0,0,0,1,0,0,0,1,0,0,1,200000,8
120,5,0,1,0,1,0,1,0,0,0,0,1,1,0,0,0,1,0,150000,5
120,6,1,0,1,0,0,1,0,0,0,0,1,0,1,0,0,1,0,200000,8
120,7,1,0,1,0,0,0,1,0,0,0,1,0,0,1,1,0,0,150000,5
120,8,0,1,1,0,0,0,0,1,1,0,0,0,1,0,0,0,1,150000,8
120,9,1,0,0,0,1,1,0,0,1,0,0,0,0,1,0,0,1,150000,8
120,10,0,1,0,0,1,0,0,1,0,0,1,0,0,1,1,0,0,200000,6
120,11,1,0,1,0,0,0,0,1,0,1,0,0,0,1,0,1,0,100000,8
120,12,1,0,0,1,0,0,0,1,1,0,0,1,0,0,1,0,0,200000,6
120,13,1,0,0,1,0,0,0,1,0,0,1,0,1,0,0,0,1,100000,7
120,14,1,0,0,0,1,0,0,1,0,1,0,1,0,0,0,1,0,150000,5
120,15,0,1,0,1,0,0,1,0,1,0,0,0,0,1,0,1,0,100000,8
120,16,1,0,1,0,0,1,0,0,1,0,0,1,0,0,1,0,0,100000,5
120,17,0,1,1,0,0,0,1,0,0,1,0,1,0,0,0,0,1,200000,6
120,18,0,1,0,0,1,1,0,0,0,1,0,0,1,0,1,0,0,100000,6
121,1,1,0,0,1,0,0,1,0,0,1,0,0,1,0,1,0,0,150000,6
121,2,1,0,0,0,1,0,1,0,1,0,0,0,1,0,0,1,0,200000,8
121,3,1,0,0,0,1,0,1,0,0,0,1,1,0,0,0,0,1,100000,7
121,4,1,0,0,1,0,1,0,0,0,1,0,0,0,1,0,0,1,200000,4
121,5,0,1,0,1,0,1,0,0,0,0,1,1,0,0,0,1,0,150000,3
121,6,1,0,1,0,0,1,0,0,0,0,1,0,1,0,0,1,0,200000,4
121,7,1,0,1,0,0,0,1,0,0,0,1,0,0,1,1,0,0,150000,5
121,8,0,1,1,0,0,0,0,1,1,0,0,0,1,0,0,0,1,150000,5
121,9,1,0,0,0,1,1,0,0,1,0,0,0,0,1,0,0,1,150000,8
121,10,0,1,0,0,1,0,0,1,0,0,1,0,0,1,1,0,0,200000,7
121,11,1,0,1,0,0,0,0,1,0,1,0,0,0,1,0,1,0,100000,3
121,12,1,0,0,1,0,0,0,1,1,0,0,1,0,0,1,0,0,200000,3
121,13,1,0,0,1,0,0,0,1,0,0,1,0,1,0,0,0,1,100000,6
121,14,1,0,0,0,1,0,0,1,0,1,0,1,0,0,0,1,0,150000,6
121,15,0,1,0,1,0,0,1,0,1,0,0,0,0,1,0,1,0,100000,7
121,16,1,0,1,0,0,1,0,0,1,0,0,1,0,0,1,0,0,100000,4
121,17,0,1,1,0,0,0,1,0,0,1,0,1,0,0,0,0,1,200000,2
121,18,0,1,0,0,1,1,0,0,0,1,0,0,1,0,1,0,0,100000,8
122,1,1,0,0,1,0,0,1,0,0,1,0,0,1,0,1,0,0,150000,3
122,2,1,0,0,0,1,0,1,0,1,0,0,0,1,0,0,1,0,200000,6
122,3,1,0,0,0,1,0,1,0,0,0,1,1,0,0,0,0,1,100000,3
122,4,1,0,0,1,0,1,0,0,0,1,0,0,0,1,0,0,1,200000,6
122,5,0,1,0,1,0,1,0,0,0,0,1,1,0,0,0,1,0,150000,3
122,6,1,0,1,0,0,1,0,0,0,0,1,0,1,0,0,1,0,200000,5
122,7,1,0,1,0,0,0,1,0,0,0,1,0,0,1,1,0,0,150000,4
122,8,0,1,1,0,0,0,0,1,1,0,0,0,1,0,0,0,1,150000,4
122,9,1,0,0,0,1,1,0,0,1,0,0,0,0,1,0,0,1,150000,8
122,10,0,1,0,0,1,0,0,1,0,0,1,0,0,1,1,0,0,200000,6
122,11,1,0,1,0,0,0,0,1,0,1,0,0,0,1,0,1,0,100000,4
122,12,1,0,0,1,0,0,0,1,1,0,0,1,0,0,1,0,0,200000,3
122,13,1,0,0,1,0,0,0,1,0,0,1,0,1,0,0,0,1,100000,3
122,14,1,0,0,0,1,0,0,1,0,1,0,1,0,0,0,1,0,150000,3
122,15,0,1,0,1,0,0,1,0,1,0,0,0,0,1,0,1,0,100000,6
122,16,1,0,1,0,0,1,0,0,1,0,0,1,0,0,1,0,0,100000,5
122,17,0,1,1,0,0,0,1,0,0,1,0,1,0,0,0,0,1,200000,3
122,18,0,1,0,0,1,1,0,0,0,1,0,0,1,0,1,0,0,100000,5
153,1,1,0,0,1,0,0,1,0,0,1,0,0,1,0,1,0,0,150000,5
153,2,1,0,0,0,1,0,1,0,1,0,0,0,1,0,0,1,0,200000,5
153,3,1,0,0,0,1,0,1,0,0,0,1,1,0,0,0,0,1,100000,7
153,4,1,0,0,1,0,1,0,0,0,1,0,0,0,1,0,0,1,200000,7
153,5,0,1,0,1,0,1,0,0,0,0,1,1,0,0,0,1,0,150000,5
153,6,1,0,1,0,0,1,0,0,0,0,1,0,1,0,0,1,0,200000,6
153,7,1,0,1,0,0,0,1,0,0,0,1,0,0,1,1,0,0,150000,7
153,8,0,1,1,0,0,0,0,1,1,0,0,0,1,0,0,0,1,150000,5
153,9,1,0,0,0,1,1,0,0,1,0,0,0,0,1,0,0,1,150000,7
153,10,0,1,0,0,1,0,0,1,0,0,1,0,0,1,1,0,0,200000,7
153,11,1,0,1,0,0,0,0,1,0,1,0,0,0,1,0,1,0,100000,7
153,12,1,0,0,1,0,0,0,1,1,0,0,1,0,0,1,0,0,200000,5
153,13,1,0,0,1,0,0,0,1,0,0,1,0,1,0,0,0,1,100000,6
153,14,1,0,0,0,1,0,0,1,0,1,0,1,0,0,0,1,0,150000,4
153,15,0,1,0,1,0,0,1,0,1,0,0,0,0,1,0,1,0,100000,7
153,16,1,0,1,0,0,1,0,0,1,0,0,1,0,0,1,0,0,100000,2
153,17,0,1,1,0,0,0,1,0,0,1,0,1,0,0,0,0,1,200000,1
153,18,0,1,0,0,1,1,0,0,0,1,0,0,1,0,1,0,0,100000,6
156,1,1,0,0,1,0,0,1,0,0,1,0,0,1,0,1,0,0,150000,5
156,2,1,0,0,0,1,0,1,0,1,0,0,0,1,0,0,1,0,200000,10
156,3,1,0,0,0,1,0,1,0,0,0,1,1,0,0,0,0,1,100000,1
156,4,1,0,0,1,0,1,0,0,0,1,0,0,0,1,0,0,1,200000,1
156,5,0,1,0,1,0,1,0,0,0,0,1,1,0,0,0,1,0,150000,0
156,6,1,0,1,0,0,1,0,0,0,0,1,0,1,0,0,1,0,200000,0
156,7,1,0,1,0,0,0,1,0,0,0,1,0,0,1,1,0,0,150000,3
156,8,0,1,1,0,0,0,0,1,1,0,0,0,1,0,0,0,1,150000,0
156,9,1,0,0,0,1,1,0,0,1,0,0,0,0,1,0,0,1,150000,3
156,10,0,1,0,0,1,0,0,1,0,0,1,0,0,1,1,0,0,200000,0
156,11,1,0,1,0,0,0,0,1,0,1,0,0,0,1,0,1,0,100000,4
156,12,1,0,0,1,0,0,0,1,1,0,0,1,0,0,1,0,0,200000,4
156,13,1,0,0,1,0,0,0,1,0,0,1,0,1,0,0,0,1,100000,1
156,14,1,0,0,0,1,0,0,1,0,1,0,1,0,0,0,1,0,150000,1
156,15,0,1,0,1,0,0,1,0,1,0,0,0,0,1,0,1,0,100000,4
156,16,1,0,1,0,0,1,0,0,1,0,0,1,0,0,1,0,0,100000,4
156,17,0,1,1,0,0,0,1,0,0,1,0,1,0,0,0,0,1,200000,4
156,18,0,1,0,0,1,1,0,0,0,1,0,0,1,0,1,0,0,100000,4
158,1,1,0,0,1,0,0,1,0,0,1,0,0,1,0,1,0,0,150000,5
158,2,1,0,0,0,1,0,1,0,1,0,0,0,1,0,0,1,0,200000,8
158,3,1,0,0,0,1,0,1,0,0,0,1,1,0,0,0,0,1,100000,7
158,4,1,0,0,1,0,1,0,0,0,1,0,0,0,1,0,0,1,200000,7
158,5,0,1,0,1,0,1,0,0,0,0,1,1,0,0,0,1,0,150000,3
158,6,1,0,1,0,0,1,0,0,0,0,1,0,1,0,0,1,0,200000,3
158,7,1,0,1,0,0,0,1,0,0,0,1,0,0,1,1,0,0,150000,4
158,8,0,1,1,0,0,0,0,1,1,0,0,0,1,0,0,0,1,150000,8
158,9,1,0,0,0,1,1,0,0,1,0,0,0,0,1,0,0,1,150000,7
158,10,0,1,0,0,1,0,0,1,0,0,1,0,0,1,1,0,0,200000,5
158,11,1,0,1,0,0,0,0,1,0,1,0,0,0,1,0,1,0,100000,5
158,12,1,0,0,1,0,0,0,1,1,0,0,1,0,0,1,0,0,200000,7
158,13,1,0,0,1,0,0,0,1,0,0,1,0,1,0,0,0,1,100000,5
158,14,1,0,0,0,1,0,0,1,0,1,0,1,0,0,0,1,0,150000,5
158,15,0,1,0,1,0,0,1,0,1,0,0,0,0,1,0,1,0,100000,7
158,16,1,0,1,0,0,1,0,0,1,0,0,1,0,0,1,0,0,100000,6
158,17,0,1,1,0,0,0,1,0,0,1,0,1,0,0,0,0,1,200000,5
158,18,0,1,0,0,1,1,0,0,0,1,0,0,1,0,1,0,0,100000,7
159,1,1,0,0,1,0,0,1,0,0,1,0,0,1,0,1,0,0,150000,1
159,2,1,0,0,0,1,0,1,0,1,0,0,0,1,0,0,1,0,200000,7
159,3,1,0,0,0,1,0,1,0,0,0,1,1,0,0,0,0,1,100000,0
159,4,1,0,0,1,0,1,0,0,0,1,0,0,0,1,0,0,1,200000,9
159,5,0,1,0,1,0,1,0,0,0,0,1,1,0,0,0,1,0,150000,2
159,6,1,0,1,0,0,1,0,0,0,0,1,0,1,0,0,1,0,200000,6
159,7,1,0,1,0,0,0,1,0,0,0,1,0,0,1,1,0,0,150000,5
159,8,0,1,1,0,0,0,0,1,1,0,0,0,1,0,0,0,1,150000,6
159,9,1,0,0,0,1,1,0,0,1,0,0,0,0,1,0,0,1,150000,4
159,10,0,1,0,0,1,0,0,1,0,0,1,0,0,1,1,0,0,200000,1
159,11,1,0,1,0,0,0,0,1,0,1,0,0,0,1,0,1,0,100000,1
159,12,1,0,0,1,0,0,0,1,1,0,0,1,0,0,1,0,0,200000,1
159,13,1,0,0,1,0,0,0,1,0,0,1,0,1,0,0,0,1,100000,2
159,14,1,0,0,0,1,0,0,1,0,1,0,1,0,0,0,1,0,150000,2
159,15,0,1,0,1,0,0,1,0,1,0,0,0,0,1,0,1,0,100000,2
159,16,1,0,1,0,0,1,0,0,1,0,0,1,0,0,1,0,0,100000,0
159,17,0,1,1,0,0,0,1,0,0,1,0,1,0,0,0,0,1,200000,4
159,18,0,1,0,0,1,1,0,0,0,1,0,0,1,0,1,0,0,100000,3
161,1,1,0,0,1,0,0,1,0,0,1,0,0,1,0,1,0,0,150000,7
161,2,1,0,0,0,1,0,1,0,1,0,0,0,1,0,0,1,0,200000,10
161,3,1,0,0,0,1,0,1,0,0,0,1,1,0,0,0,0,1,100000,8
161,4,1,0,0,1,0,1,0,0,0,1,0,0,0,1,0,0,1,200000,9
161,5,0,1,0,1,0,1,0,0,0,0,1,1,0,0,0,1,0,150000,7
161,6,1,0,1,0,0,1,0,0,0,0,1,0,1,0,0,1,0,200000,7
161,7,1,0,1,0,0,0,1,0,0,0,1,0,0,1,1,0,0,150000,7
161,8,0,1,1,0,0,0,0,1,1,0,0,0,1,0,0,0,1,150000,6
161,9,1,0,0,0,1,1,0,0,1,0,0,0,0,1,0,0,1,150000,10
161,10,0,1,0,0,1,0,0,1,0,0,1,0,0,1,1,0,0,200000,7
161,11,1,0,1,0,0,0,0,1,0,1,0,0,0,1,0,1,0,100000,6
161,12,1,0,0,1,0,0,0,1,1,0,0,1,0,0,1,0,0,200000,5
161,13,1,0,0,1,0,0,0,1,0,0,1,0,1,0,0,0,1,100000,6
161,14,1,0,0,0,1,0,0,1,0,1,0,1,0,0,0,1,0,150000,6
161,15,0,1,0,1,0,0,1,0,1,0,0,0,0,1,0,1,0,100000,7
161,16,1,0,1,0,0,1,0,0,1,0,0,1,0,0,1,0,0,100000,7
161,17,0,1,1,0,0,0,1,0,0,1,0,1,0,0,0,0,1,200000,8
161,18,0,1,0,0,1,1,0,0,0,1,0,0,1,0,1,0,0,100000,8
163,1,1,0,0,1,0,0,1,0,0,1,0,0,1,0,1,0,0,150000,8
163,2,1,0,0,0,1,0,1,0,1,0,0,0,1,0,0,1,0,200000,8
163,3,1,0,0,0,1,0,1,0,0,0,1,1,0,0,0,0,1,100000,5
163,4,1,0,0,1,0,1,0,0,0,1,0,0,0,1,0,0,1,200000,4
163,5,0,1,0,1,0,1,0,0,0,0,1,1,0,0,0,1,0,150000,4
163,6,1,0,1,0,0,1,0,0,0,0,1,0,1,0,0,1,0,200000,8
163,7,1,0,1,0,0,0,1,0,0,0,1,0,0,1,1,0,0,150000,6
163,8,0,1,1,0,0,0,0,1,1,0,0,0,1,0,0,0,1,150000,9
163,9,1,0,0,0,1,1,0,0,1,0,0,0,0,1,0,0,1,150000,5
163,10,0,1,0,0,1,0,0,1,0,0,1,0,0,1,1,0,0,200000,6
163,11,1,0,1,0,0,0,0,1,0,1,0,0,0,1,0,1,0,100000,7
163,12,1,0,0,1,0,0,0,1,1,0,0,1,0,0,1,0,0,200000,4
163,13,1,0,0,1,0,0,0,1,0,0,1,0,1,0,0,0,1,100000,3
163,14,1,0,0,0,1,0,0,1,0,1,0,1,0,0,0,1,0,150000,7
163,15,0,1,0,1,0,0,1,0,1,0,0,0,0,1,0,1,0,100000,4
163,16,1,0,1,0,0,1,0,0,1,0,0,1,0,0,1,0,0,100000,6
163,17,0,1,1,0,0,0,1,0,0,1,0,1,0,0,0,0,1,200000,6
163,18,0,1,0,0,1,1,0,0,0,1,0,0,1,0,1,0,0,100000,6
169,1,1,0,0,1,0,0,1,0,0,1,0,0,1,0,1,0,0,150000,5
169,2,1,0,0,0,1,0,1,0,1,0,0,0,1,0,0,1,0,200000,7
169,3,1,0,0,0,1,0,1,0,0,0,1,1,0,0,0,0,1,100000,3
169,4,1,0,0,1,0,1,0,0,0,1,0,0,0,1,0,0,1,200000,5
169,5,0,1,0,1,0,1,0,0,0,0,1,1,0,0,0,1,0,150000,3
169,6,1,0,1,0,0,1,0,0,0,0,1,0,1,0,0,1,0,200000,4
169,7,1,0,1,0,0,0,1,0,0,0,1,0,0,1,1,0,0,150000,3
169,8,0,1,1,0,0,0,0,1,1,0,0,0,1,0,0,0,1,150000,2
169,9,1,0,0,0,1,1,0,0,1,0,0,0,0,1,0,0,1,150000,9
169,10,0,1,0,0,1,0,0,1,0,0,1,0,0,1,1,0,0,200000,3
169,11,1,0,1,0,0,0,0,1,0,1,0,0,0,1,0,1,0,100000,6
169,12,1,0,0,1,0,0,0,1,1,0,0,1,0,0,1,0,0,200000,6
169,13,1,0,0,1,0,0,0,1,0,0,1,0,1,0,0,0,1,100000,3
169,14,1,0,0,0,1,0,0,1,0,1,0,1,0,0,0,1,0,150000,5
169,15,0,1,0,1,0,0,1,0,1,0,0,0,0,1,0,1,0,100000,3
169,16,1,0,1,0,0,1,0,0,1,0,0,1,0,0,1,0,0,100000,7
169,17,0,1,1,0,0,0,1,0,0,1,0,1,0,0,0,0,1,200000,3
169,18,0,1,0,0,1,1,0,0,0,1,0,0,1,0,1,0,0,100000,3
182,1,1,0,0,1,0,0,1,0,0,1,0,0,1,0,1,0,0,150000,3
182,2,1,0,0,0,1,0,1,0,1,0,0,0,1,0,0,1,0,200000,5
182,3,1,0,0,0,1,0,1,0,0,0,1,1,0,0,0,0,1,100000,1
182,4,1,0,0,1,0,1,0,0,0,1,0,0,0,1,0,0,1,200000,2
182,5,0,1,0,1,0,1,0,0,0,0,1,1,0,0,0,1,0,150000,2
182,6,1,0,1,0,0,1,0,0,0,0,1,0,1,0,0,1,0,200000,2
182,7,1,0,1,0,0,0,1,0,0,0,1,0,0,1,1,0,0,150000,2
182,8,0,1,1,0,0,0,0,1,1,0,0,0,1,0,0,0,1,150000,2
182,9,1,0,0,0,1,1,0,0,1,0,0,0,0,1,0,0,1,150000,3
182,10,0,1,0,0,1,0,0,1,0,0,1,0,0,1,1,0,0,200000,1
182,11,1,0,1,0,0,0,0,1,0,1,0,0,0,1,0,1,0,100000,2
182,12,1,0,0,1,0,0,0,1,1,0,0,1,0,0,1,0,0,200000,1
182,13,1,0,0,1,0,0,0,1,0,0,1,0,1,0,0,0,1,100000,1
182,14,1,0,0,0,1,0,0,1,0,1,0,1,0,0,0,1,0,150000,3
182,15,0,1,0,1,0,0,1,0,1,0,0,0,0,1,0,1,0,100000,5
182,16,1,0,1,0,0,1,0,0,1,0,0,1,0,0,1,0,0,100000,5
182,17,0,1,1,0,0,0,1,0,0,1,0,1,0,0,0,0,1,200000,3
182,18,0,1,0,0,1,1,0,0,0,1,0,0,1,0,1,0,0,100000,3
187,1,1,0,0,1,0,0,1,0,0,1,0,0,1,0,1,0,0,150000,5
187,2,1,0,0,0,1,0,1,0,1,0,0,0,1,0,0,1,0,200000,5
187,3,1,0,0,0,1,0,1,0,0,0,1,1,0,0,0,0,1,100000,5
187,4,1,0,0,1,0,1,0,0,0,1,0,0,0,1,0,0,1,200000,5
187,5,0,1,0,1,0,1,0,0,0,0,1,1,0,0,0,1,0,150000,5
187,6,1,0,1,0,0,1,0,0,0,0,1,0,1,0,0,1,0,200000,5
187,7,1,0,1,0,0,0,1,0,0,0,1,0,0,1,1,0,0,150000,5
187,8,0,1,1,0,0,0,0,1,1,0,0,0,1,0,0,0,1,150000,5
187,9,1,0,0,0,1,1,0,0,1,0,0,0,0,1,0,0,1,150000,5
187,10,0,1,0,0,1,0,0,1,0,0,1,0,0,1,1,0,0,200000,5
187,11,1,0,1,0,0,0,0,1,0,1,0,0,0,1,0,1,0,100000,5
187,12,1,0,0,1,0,0,0,1,1,0,0,1,0,0,1,0,0,200000,5
187,13,1,0,0,1,0,0,0,1,0,0,1,0,1,0,0,0,1,100000,4
187,14,1,0,0,0,1,0,0,1,0,1,0,1,0,0,0,1,0,150000,5
187,15,0,1,0,1,0,0,1,0,1,0,0,0,0,1,0,1,0,100000,6
187,16,1,0,1,0,0,1,0,0,1,0,0,1,0,0,1,0,0,100000,4
187,17,0,1,1,0,0,0,1,0,0,1,0,1,0,0,0,0,1,200000,4
187,18,0,1,0,0,1,1,0,0,0,1,0,0,1,0,1,0,0,100000,4
191,1,1,0,0,1,0,0,1,0,0,1,0,0,1,0,1,0,0,150000,8
191,2,1,0,0,0,1,0,1,0,1,0,0,0,1,0,0,1,0,200000,9
191,3,1,0,0,0,1,0,1,0,0,0,1,1,0,0,0,0,1,100000,9
191,4,1,0,0,1,0,1,0,0,0,1,0,0,0,1,0,0,1,200000,9
191,5,0,1,0,1,0,1,0,0,0,0,1,1,0,0,0,1,0,150000,5
191,6,1,0,1,0,0,1,0,0,0,0,1,0,1,0,0,1,0,200000,10
191,7,1,0,1,0,0,0,1,0,0,0,1,0,0,1,1,0,0,150000,7
191,8,0,1,1,0,0,0,0,1,1,0,0,0,1,0,0,0,1,150000,10
191,9,1,0,0,0,1,1,0,0,1,0,0,0,0,1,0,0,1,150000,10
191,10,0,1,0,0,1,0,0,1,0,0,1,0,0,1,1,0,0,200000,8
191,11,1,0,1,0,0,0,0,1,0,1,0,0,0,1,0,1,0,100000,9
191,12,1,0,0,1,0,0,0,1,1,0,0,1,0,0,1,0,0,200000,7
191,13,1,0,0,1,0,0,0,1,0,0,1,0,1,0,0,0,1,100000,8
191,14,1,0,0,0,1,0,0,1,0,1,0,1,0,0,0,1,0,150000,7
191,15,0,1,0,1,0,0,1,0,1,0,0,0,0,1,0,1,0,100000,8
191,16,1,0,1,0,0,1,0,0,1,0,0,1,0,0,1,0,0,100000,5
191,17,0,1,1,0,0,0,1,0,0,1,0,1,0,0,0,0,1,200000,8
191,18,0,1,0,0,1,1,0,0,0,1,0,0,1,0,1,0,0,100000,7
193,1,1,0,0,1,0,0,1,0,0,1,0,0,1,0,1,0,0,150000,5
193,2,1,0,0,0,1,0,1,0,1,0,0,0,1,0,0,1,0,200000,5
193,3,1,0,0,0,1,0,1,0,0,0,1,1,0,0,0,0,1,100000,5
193,4,1,0,0,1,0,1,0,0,0,1,0,0,0,1,0,0,1,200000,5
193,5,0,1,0,1,0,1,0,0,0,0,1,1,0,0,0,1,0,150000,6
193,6,1,0,1,0,0,1,0,0,0,0,1,0,1,0,0,1,0,200000,5
193,7,1,0,1,0,0,0,1,0,0,0,1,0,0,1,1,0,0,150000,5
193,8,0,1,1,0,0,0,0,1,1,0,0,0,1,0,0,0,1,150000,6
193,9,1,0,0,0,1,1,0,0,1,0,0,0,0,1,0,0,1,150000,5
193,10,0,1,0,0,1,0,0,1,0,0,1,0,0,1,1,0,0,200000,6
193,11,1,0,1,0,0,0,0,1,0,1,0,0,0,1,0,1,0,100000,6
193,12,1,0,0,1,0,0,0,1,1,0,0,1,0,0,1,0,0,200000,6
193,13,1,0,0,1,0,0,0,1,0,0,1,0,1,0,0,0,1,100000,5
193,14,1,0,0,0,1,0,0,1,0,1,0,1,0,0,0,1,0,150000,5
193,15,0,1,0,1,0,0,1,0,1,0,0,0,0,1,0,1,0,100000,6
193,16,1,0,1,0,0,1,0,0,1,0,0,1,0,0,1,0,0,100000,5
193,17,0,1,1,0,0,0,1,0,0,1,0,1,0,0,0,0,1,200000,6
193,18,0,1,0,0,1,1,0,0,0,1,0,0,1,0,1,0,0,100000,6
196,1,1,0,0,1,0,0,1,0,0,1,0,0,1,0,1,0,0,150000,5
196,2,1,0,0,0,1,0,1,0,1,0,0,0,1,0,0,1,0,200000,5
196,3,1,0,0,0,1,0,1,0,0,0,1,1,0,0,0,0,1,100000,4
196,4,1,0,0,1,0,1,0,0,0,1,0,0,0,1,0,0,1,200000,4
196,5,0,1,0,1,0,1,0,0,0,0,1,1,0,0,0,1,0,150000,4
196,6,1,0,1,0,0,1,0,0,0,0,1,0,1,0,0,1,0,200000,5
196,7,1,0,1,0,0,0,1,0,0,0,1,0,0,1,1,0,0,150000,4
196,8,0,1,1,0,0,0,0,1,1,0,0,0,1,0,0,0,1,150000,5
196,9,1,0,0,0,1,1,0,0,1,0,0,0,0,1,0,0,1,150000,5
196,10,0,1,0,0,1,0,0,1,0,0,1,0,0,1,1,0,0,200000,4
196,11,1,0,1,0,0,0,0,1,0,1,0,0,0,1,0,1,0,100000,5
196,12,1,0,0,1,0,0,0,1,1,0,0,1,0,0,1,0,0,200000,4
196,13,1,0,0,1,0,0,0,1,0,0,1,0,1,0,0,0,1,100000,5
196,14,1,0,0,0,1,0,0,1,0,1,0,1,0,0,0,1,0,150000,4
196,15,0,1,0,1,0,0,1,0,1,0,0,0,0,1,0,1,0,100000,5
196,16,1,0,1,0,0,1,0,0,1,0,0,1,0,0,1,0,0,100000,4
196,17,0,1,1,0,0,0,1,0,0,1,0,1,0,0,0,0,1,200000,4
196,18,0,1,0,0,1,1,0,0,0,1,0,0,1,0,1,0,0,100000,5
