INDEX,CARD,BIO1,BIO2,BIO3,SCA1,SCA2,SCA3,KNO1,KNO2,KNO3,USE1,USE2,USE3,MET1,MET2,ANA1,ANA2,PRICE1,PRICE2,PRICE3,Y
14,1,1,0,0,0,0,1,0,1,0,0,1,0,1,0,1,0,0,0,1,2
14,2,0,1,0,0,1,0,1,0,0,0,1,0,1,0,0,1,0,1,0,3
14,3,0,1,0,1,0,0,0,1,0,0,0,1,0,1,0,1,1,0,0,5
14,4,1,0,0,0,1,0,0,0,1,1,0,0,0,1,0,1,0,0,1,1
14,5,0,1,0,0,0,1,0,1,0,1,0,0,0,1,1,0,0,1,0,4
14,6,0,0,1,1,0,0,0,0,1,0,0,1,1,0,1,0,0,1,0,2
14,7,0,1,0,0,0,1,0,0,1,0,1,0,1,0,1,0,1,0,0,6
14,8,1,0,0,1,0,0,1,0,0,1,0,0,1,0,1,0,1,0,0,3
14,9,0,0,1,0,0,1,0,0,1,1,0,0,1,0,0,1,1,0,0,6
14,10,0,0,1,0,1,0,1,0,0,0,1,0,0,1,1,0,1,0,0,6
14,11,1,0,0,0,1,0,0,1,0,0,0,1,1,0,1,0,1,0,0,6
14,12,1,0,0,1,0,0,0,0,1,0,1,0,0,1,1,0,0,1,0,1
14,13,0,1,0,0,1,0,0,0,1,0,0,1,1,0,1,0,0,0,1,1
14,14,0,0,1,1,0,0,0,1,0,0,1,0,1,0,0,1,0,0,1,1
14,15,0,0,1,0,1,0,0,1,0,1,0,0,1,0,1,0,0,1,0,4
14,16,0,1,0,1,0,0,1,0,0,1,0,0,1,0,1,0,0,0,1,2
14,17,0,0,1,0,0,1,1,0,0,0,0,1,0,1,1,0,0,0,1,2
14,18,1,0,0,0,0,1,1,0,0,0,0,1,1,0,0,1,0,1,0,2
17,1,1,0,0,0,0,1,0,1,0,0,1,0,1,0,1,0,0,0,1,4
17,2,0,1,0,0,1,0,1,0,0,0,1,0,1,0,0,1,0,1,0,5
17,3,0,1,0,1,0,0,0,1,0,0,0,1,0,1,0,1,1,0,0,10
17,4,1,0,0,0,1,0,0,0,1,1,0,0,0,1,0,1,0,0,1,5
17,5,0,1,0,0,0,1,0,1,0,1,0,0,0,1,1,0,0,1,0,8
17,6,0,0,1,1,0,0,0,0,1,0,0,1,1,0,1,0,0,1,0,8
17,7,0,1,0,0,0,1,0,0,1,0,1,0,1,0,1,0,1,0,0,10
17,8,1,0,0,1,0,0,1,0,0,1,0,0,1,0,1,0,1,0,0,10
17,9,0,0,1,0,0,1,0,0,1,1,0,0,1,0,0,1,1,0,0,10
17,10,0,0,1,0,1,0,1,0,0,0,1,0,0,1,1,0,1,0,0,10
17,11,1,0,0,0,1,0,0,1,0,0,0,1,1,0,1,0,1,0,0,10
17,12,1,0,0,1,0,0,0,0,1,0,1,0,0,1,1,0,0,1,0,10
17,13,0,1,0,0,1,0,0,0,1,0,0,1,1,0,1,0,0,0,1,5
17,14,0,0,1,1,0,0,0,1,0,0,1,0,1,0,0,1,0,0,1,5
17,15,0,0,1,0,1,0,0,1,0,1,0,0,1,0,1,0,0,1,0,4
17,16,0,1,0,1,0,0,1,0,0,1,0,0,1,0,1,0,0,0,1,4
17,17,0,0,1,0,0,1,1,0,0,0,0,1,0,1,1,0,0,0,1,6
17,18,1,0,0,0,0,1,1,0,0,0,0,1,1,0,0,1,0,1,0,6
19,1,1,0,0,0,0,1,0,1,0,0,1,0,1,0,1,0,0,0,1,0
19,2,0,1,0,0,1,0,1,0,0,0,1,0,1,0,0,1,0,1,0,2
19,3,0,1,0,1,0,0,0,1,0,0,0,1,0,1,0,1,1,0,0,8
19,4,1,0,0,0,1,0,0,0,1,1,0,0,0,1,0,1,0,0,1,1
19,5,0,1,0,0,0,1,0,1,0,1,0,0,0,1,1,0,0,1,0,6
19,6,0,0,1,1,0,0,0,0,1,0,0,1,1,0,1,0,0,1,0,2
19,7,0,1,0,0,0,1,0,0,1,0,1,0,1,0,1,0,1,0,0,3
19,8,1,0,0,1,0,0,1,0,0,1,0,0,1,0,1,0,1,0,0,0
19,9,0,0,1,0,0,1,0,0,1,1,0,0,1,0,0,1,1,0,0,4
19,10,0,0,1,0,1,0,1,0,0,0,1,0,0,1,1,0,1,0,0,5
19,11,1,0,0,0,1,0,0,1,0,0,0,1,1,0,1,0,1,0,0,1
19,12,1,0,0,1,0,0,0,0,1,0,1,0,0,1,1,0,0,1,0,6
19,13,0,1,0,0,1,0,0,0,1,0,0,1,1,0,1,0,0,0,1,3
19,14,0,0,1,1,0,0,0,1,0,0,1,0,1,0,0,1,0,0,1,7
19,15,0,0,1,0,1,0,0,1,0,1,0,0,1,0,1,0,0,1,0,3
19,16,0,1,0,1,0,0,1,0,0,1,0,0,1,0,1,0,0,0,1,0
19,17,0,0,1,0,0,1,1,0,0,0,0,1,0,1,1,0,0,0,1,7
19,18,1,0,0,0,0,1,1,0,0,0,0,1,1,0,0,1,0,1,0,1
22,1,1,0,0,0,0,1,0,1,0,0,1,0,1,0,1,0,0,0,1,0
22,2,0,1,0,0,1,0,1,0,0,0,1,0,1,0,0,1,0,1,0,3
22,3,0,1,0,1,0,0,0,1,0,0,0,1,0,1,0,1,1,0,0,5
22,4,1,0,0,0,1,0,0,0,1,1,0,0,0,1,0,1,0,0,1,0
22,5,0,1,0,0,0,1,0,1,0,1,0,0,0,1,1,0,0,1,0,5
22,6,0,0,1,1,0,0,0,0,1,0,0,1,1,0,1,0,0,1,0,3
22,7,0,1,0,0,0,1,0,0,1,0,1,0,1,0,1,0,1,0,0,5
22,8,1,0,0,1,0,0,1,0,0,1,0,0,1,0,1,0,1,0,0,0
22,9,0,0,1,0,0,1,0,0,1,1,0,0,1,0,0,1,1,0,0,2
22,10,0,0,1,0,1,0,1,0,0,0,1,0,0,1,1,0,1,0,0,2
22,11,1,0,0,0,1,0,0,1,0,0,0,1,1,0,1,0,1,0,0,0
22,12,1,0,0,1,0,0,0,0,1,0,1,0,0,1,1,0,0,1,0,0
22,13,0,1,0,0,1,0,0,0,1,0,0,1,1,0,1,0,0,0,1,0
22,14,0,0,1,1,0,0,0,1,0,0,1,0,1,0,0,1,0,0,1,4
22,15,0,0,1,0,1,0,0,1,0,1,0,0,1,0,1,0,0,1,0,3
22,16,0,1,0,1,0,0,1,0,0,1,0,0,1,0,1,0,0,0,1,2
22,17,0,0,1,0,0,1,1,0,0,0,0,1,0,1,1,0,0,0,1,2
22,18,1,0,0,0,0,1,1,0,0,0,0,1,1,0,0,1,0,1,0,0
23,1,1,0,0,0,0,1,0,1,0,0,1,0,1,0,1,0,0,0,1,0
23,2,0,1,0,0,1,0,1,0,0,0,1,0,1,0,0,1,0,1,0,9
23,3,0,1,0,1,0,0,0,1,0,0,0,1,0,1,0,1,1,0,0,1
23,4,1,0,0,0,1,0,0,0,1,1,0,0,0,1,0,1,0,0,1,4
23,5,0,1,0,0,0,1,0,1,0,1,0,0,0,1,1,0,0,1,0,6
23,6,0,0,1,1,0,0,0,0,1,0,0,1,1,0,1,0,0,1,0,1
23,7,0,1,0,0,0,1,0,0,1,0,1,0,1,0,1,0,1,0,0,3
23,8,1,0,0,1,0,0,1,0,0,1,0,0,1,0,1,0,1,0,0,0
23,9,0,0,1,0,0,1,0,0,1,1,0,0,1,0,0,1,1,0,0,7
23,10,0,0,1,0,1,0,1,0,0,0,1,0,0,1,1,0,1,0,0,2
23,11,1,0,0,0,1,0,0,1,0,0,0,1,1,0,1,0,1,0,0,0
23,12,1,0,0,1,0,0,0,0,1,0,1,0,0,1,1,0,0,1,0,0
23,13,0,1,0,0,1,0,0,0,1,0,0,1,1,0,1,0,0,0,1,0
23,14,0,0,1,1,0,0,0,1,0,0,1,0,1,0,0,1,0,0,1,0
23,15,0,0,1,0,1,0,0,1,0,1,0,0,1,0,1,0,0,1,0,5
23,16,0,1,0,1,0,0,1,0,0,1,0,0,1,0,1,0,0,0,1,0
23,17,0,0,1,0,0,1,1,0,0,0,0,1,0,1,1,0,0,0,1,1
23,18,1,0,0,0,0,1,1,0,0,0,0,1,1,0,0,1,0,1,0,10
24,1,1,0,0,0,0,1,0,1,0,0,1,0,1,0,1,0,0,0,1,5
24,2,0,1,0,0,1,0,1,0,0,0,1,0,1,0,0,1,0,1,0,6
24,3,0,1,0,1,0,0,0,1,0,0,0,1,0,1,0,1,1,0,0,8
24,4,1,0,0,0,1,0,0,0,1,1,0,0,0,1,0,1,0,0,1,9
24,5,0,1,0,0,0,1,0,1,0,1,0,0,0,1,1,0,0,1,0,6
24,6,0,0,1,1,0,0,0,0,1,0,0,1,1,0,1,0,0,1,0,5
24,7,0,1,0,0,0,1,0,0,1,0,1,0,1,0,1,0,1,0,0,5
24,8,1,0,0,1,0,0,1,0,0,1,0,0,1,0,1,0,1,0,0,5
24,9,0,0,1,0,0,1,0,0,1,1,0,0,1,0,0,1,1,0,0,6
24,10,0,0,1,0,1,0,1,0,0,0,1,0,0,1,1,0,1,0,0,6
24,11,1,0,0,0,1,0,0,1,0,0,0,1,1,0,1,0,1,0,0,5
24,12,1,0,0,1,0,0,0,0,1,0,1,0,0,1,1,0,0,1,0,6
24,13,0,1,0,0,1,0,0,0,1,0,0,1,1,0,1,0,0,0,1,5
24,14,0,0,1,1,0,0,0,1,0,0,1,0,1,0,0,1,0,0,1,5
24,15,0,0,1,0,1,0,0,1,0,1,0,0,1,0,1,0,0,1,0,5
24,16,0,1,0,1,0,0,1,0,0,1,0,0,1,0,1,0,0,0,1,5
24,17,0,0,1,0,0,1,1,0,0,0,0,1,0,1,1,0,0,0,1,6
24,18,1,0,0,0,0,1,1,0,0,0,0,1,1,0,0,1,0,1,0,6
25,1,1,0,0,0,0,1,0,1,0,0,1,0,1,0,1,0,0,0,1,0
25,2,0,1,0,0,1,0,1,0,0,0,1,0,1,0,0,1,0,1,0,7
25,3,0,1,0,1,0,0,0,1,0,0,0,1,0,1,0,1,1,0,0,9
25,4,1,0,0,0,1,0,0,0,1,1,0,0,0,1,0,1,0,0,1,0
25,5,0,1,0,0,0,1,0,1,0,1,0,0,0,1,1,0,0,1,0,4
25,6,0,0,1,1,0,0,0,0,1,0,0,1,1,0,1,0,0,1,0,2
25,7,0,1,0,0,0,1,0,0,1,0,1,0,1,0,1,0,1,0,0,2
25,8,1,0,0,1,0,0,1,0,0,1,0,0,1,0,1,0,1,0,0,0
25,9,0,0,1,0,0,1,0,0,1,1,0,0,1,0,0,1,1,0,0,6
25,10,0,0,1,0,1,0,1,0,0,0,1,0,0,1,1,0,1,0,0,4
25,11,1,0,0,0,1,0,0,1,0,0,0,1,1,0,1,0,1,0,0,0
25,12,1,0,0,1,0,0,0,0,1,0,1,0,0,1,1,0,0,1,0,0
25,13,0,1,0,0,1,0,0,0,1,0,0,1,1,0,1,0,0,0,1,3
25,14,0,0,1,1,0,0,0,1,0,0,1,0,1,0,0,1,0,0,1,6
25,15,0,0,1,0,1,0,0,1,0,1,0,0,1,0,1,0,0,1,0,4
25,16,0,1,0,1,0,0,1,0,0,1,0,0,1,0,1,0,0,0,1,3
25,17,0,0,1,0,0,1,1,0,0,0,0,1,0,1,1,0,0,0,1,3
25,18,1,0,0,0,0,1,1,0,0,0,0,1,1,0,0,1,0,1,0,0
26,1,1,0,0,0,0,1,0,1,0,0,1,0,1,0,1,0,0,0,1,2
26,2,0,1,0,0,1,0,1,0,0,0,1,0,1,0,0,1,0,1,0,5
26,3,0,1,0,1,0,0,0,1,0,0,0,1,0,1,0,1,1,0,0,10
26,4,1,0,0,0,1,0,0,0,1,1,0,0,0,1,0,1,0,0,1,7
26,5,0,1,0,0,0,1,0,1,0,1,0,0,0,1,1,0,0,1,0,5
26,6,0,0,1,1,0,0,0,0,1,0,0,1,1,0,1,0,0,1,0,1
26,7,0,1,0,0,0,1,0,0,1,0,1,0,1,0,1,0,1,0,0,3
26,8,1,0,0,1,0,0,1,0,0,1,0,0,1,0,1,0,1,0,0,3
26,9,0,0,1,0,0,1,0,0,1,1,0,0,1,0,0,1,1,0,0,6
26,10,0,0,1,0,1,0,1,0,0,0,1,0,0,1,1,0,1,0,0,5
26,11,1,0,0,0,1,0,0,1,0,0,0,1,1,0,1,0,1,0,0,3
26,12,1,0,0,1,0,0,0,0,1,0,1,0,0,1,1,0,0,1,0,4
26,13,0,1,0,0,1,0,0,0,1,0,0,1,1,0,1,0,0,0,1,1
26,14,0,0,1,1,0,0,0,1,0,0,1,0,1,0,0,1,0,0,1,5
26,15,0,0,1,0,1,0,0,1,0,1,0,0,1,0,1,0,0,1,0,1
26,16,0,1,0,1,0,0,1,0,0,1,0,0,1,0,1,0,0,0,1,1
26,17,0,0,1,0,0,1,1,0,0,0,0,1,0,1,1,0,0,0,1,2
26,18,1,0,0,0,0,1,1,0,0,0,0,1,1,0,0,1,0,1,0,5
27,1,1,0,0,0,0,1,0,1,0,0,1,0,1,0,1,0,0,0,1,0
27,2,0,1,0,0,1,0,1,0,0,0,1,0,1,0,0,1,0,1,0,0
27,3,0,1,0,1,0,0,0,1,0,0,0,1,0,1,0,1,1,0,0,10
27,4,1,0,0,0,1,0,0,0,1,1,0,0,0,1,0,1,0,0,1,5
27,5,0,1,0,0,0,1,0,1,0,1,0,0,0,1,1,0,0,1,0,10
27,6,0,0,1,1,0,0,0,0,1,0,0,1,1,0,1,0,0,1,0,0
27,7,0,1,0,0,0,1,0,0,1,0,1,0,1,0,1,0,1,0,0,4
27,8,1,0,0,1,0,0,1,0,0,1,0,0,1,0,1,0,1,0,0,0
27,9,0,0,1,0,0,1,0,0,1,1,0,0,1,0,0,1,1,0,0,10
27,10,0,0,1,0,1,0,1,0,0,0,1,0,0,1,1,0,1,0,0,10
27,11,1,0,0,0,1,0,0,1,0,0,0,1,1,0,1,0,1,0,0,5
27,12,1,0,0,1,0,0,0,0,1,0,1,0,0,1,1,0,0,1,0,5
27,13,0,1,0,0,1,0,0,0,1,0,0,1,1,0,1,0,0,0,1,0
27,14,0,0,1,1,0,0,0,1,0,0,1,0,1,0,0,1,0,0,1,0
27,15,0,0,1,0,1,0,0,1,0,1,0,0,1,0,1,0,0,1,0,0
27,16,0,1,0,1,0,0,1,0,0,1,0,0,1,0,1,0,0,0,1,0
27,17,0,0,1,0,0,1,1,0,0,0,0,1,0,1,1,0,0,0,1,8
27,18,1,0,0,0,0,1,1,0,0,0,0,1,1,0,0,1,0,1,0,8
28,1,1,0,0,0,0,1,0,1,0,0,1,0,1,0,1,0,0,0,1,0
28,2,0,1,0,0,1,0,1,0,0,0,1,0,1,0,0,1,0,1,0,0
28,3,0,1,0,1,0,0,0,1,0,0,0,1,0,1,0,1,1,0,0,4
28,4,1,0,0,0,1,0,0,0,1,1,0,0,0,1,0,1,0,0,1,3
28,5,0,1,0,0,0,1,0,1,0,1,0,0,0,1,1,0,0,1,0,3
28,6,0,0,1,1,0,0,0,0,1,0,0,1,1,0,1,0,0,1,0,0
28,7,0,1,0,0,0,1,0,0,1,0,1,0,1,0,1,0,1,0,0,0
28,8,1,0,0,1,0,0,1,0,0,1,0,0,1,0,1,0,1,0,0,0
28,9,0,0,1,0,0,1,0,0,1,1,0,0,1,0,0,1,1,0,0,0
28,10,0,0,1,0,1,0,1,0,0,0,1,0,0,1,1,0,1,0,0,4
28,11,1,0,0,0,1,0,0,1,0,0,0,1,1,0,1,0,1,0,0,0
28,12,1,0,0,1,0,0,0,0,1,0,1,0,0,1,1,0,0,1,0,4
28,13,0,1,0,0,1,0,0,0,1,0,0,1,1,0,1,0,0,0,1,0
28,14,0,0,1,1,0,0,0,1,0,0,1,0,1,0,0,1,0,0,1,0
28,15,0,0,1,0,1,0,0,1,0,1,0,0,1,0,1,0,0,1,0,0
28,16,0,1,0,1,0,0,1,0,0,1,0,0,1,0,1,0,0,0,1,0
28,17,0,0,1,0,0,1,1,0,0,0,0,1,0,1,1,0,0,0,1,5
28,18,1,0,0,0,0,1,1,0,0,0,0,1,1,0,0,1,0,1,0,0
32,1,1,0,0,0,0,1,0,1,0,0,1,0,1,0,1,0,0,0,1,6
32,2,0,1,0,0,1,0,1,0,0,0,1,0,1,0,0,1,0,1,0,6
32,3,0,1,0,1,0,0,0,1,0,0,0,1,0,1,0,1,1,0,0,8
32,4,1,0,0,0,1,0,0,0,1,1,0,0,0,1,0,1,0,0,1,4
32,5,0,1,0,0,0,1,0,1,0,1,0,0,0,1,1,0,0,1,0,7
32,6,0,0,1,1,0,0,0,0,1,0,0,1,1,0,1,0,0,1,0,7
32,7,0,1,0,0,0,1,0,0,1,0,1,0,1,0,1,0,1,0,0,6
32,8,1,0,0,1,0,0,1,0,0,1,0,0,1,0,1,0,1,0,0,5
32,9,0,0,1,0,0,1,0,0,1,1,0,0,1,0,0,1,1,0,0,8
32,10,0,0,1,0,1,0,1,0,0,0,1,0,0,1,1,0,1,0,0,7
32,11,1,0,0,0,1,0,0,1,0,0,0,1,1,0,1,0,1,0,0,6
32,12,1,0,0,1,0,0,0,0,1,0,1,0,0,1,1,0,0,1,0,7
32,13,0,1,0,0,1,0,0,0,1,0,0,1,1,0,1,0,0,0,1,6
32,14,0,0,1,1,0,0,0,1,0,0,1,0,1,0,0,1,0,0,1,8
32,15,0,0,1,0,1,0,0,1,0,1,0,0,1,0,1,0,0,1,0,7
32,16,0,1,0,1,0,0,1,0,0,1,0,0,1,0,1,0,0,0,1,6
32,17,0,0,1,0,0,1,1,0,0,0,0,1,0,1,1,0,0,0,1,8
32,18,1,0,0,0,0,1,1,0,0,0,0,1,1,0,0,1,0,1,0,8
37,1,1,0,0,0,0,1,0,1,0,0,1,0,1,0,1,0,0,0,1,2
37,2,0,1,0,0,1,0,1,0,0,0,1,0,1,0,0,1,0,1,0,3
37,3,0,1,0,1,0,0,0,1,0,0,0,1,0,1,0,1,1,0,0,7
37,4,1,0,0,0,1,0,0,0,1,1,0,0,0,1,0,1,0,0,1,4
37,5,0,1,0,0,0,1,0,1,0,1,0,0,0,1,1,0,0,1,0,3
37,6,0,0,1,1,0,0,0,0,1,0,0,1,1,0,1,0,0,1,0,3
37,7,0,1,0,0,0,1,0,0,1,0,1,0,1,0,1,0,1,0,0,2
37,8,1,0,0,1,0,0,1,0,0,1,0,0,1,0,1,0,1,0,0,2
37,9,0,0,1,0,0,1,0,0,1,1,0,0,1,0,0,1,1,0,0,6
37,10,0,0,1,0,1,0,1,0,0,0,1,0,0,1,1,0,1,0,0,5
37,11,1,0,0,0,1,0,0,1,0,0,0,1,1,0,1,0,1,0,0,2
37,12,1,0,0,1,0,0,0,0,1,0,1,0,0,1,1,0,0,1,0,3
37,13,0,1,0,0,1,0,0,0,1,0,0,1,1,0,1,0,0,0,1,3
37,14,0,0,1,1,0,0,0,1,0,0,1,0,1,0,0,1,0,0,1,3
37,15,0,0,1,0,1,0,0,1,0,1,0,0,1,0,1,0,0,1,0,2
37,16,0,1,0,1,0,0,1,0,0,1,0,0,1,0,1,0,0,0,1,2
37,17,0,0,1,0,0,1,1,0,0,0,0,1,0,1,1,0,0,0,1,4
37,18,1,0,0,0,0,1,1,0,0,0,0,1,1,0,0,1,0,1,0,3
39,1,1,0,0,0,0,1,0,1,0,0,1,0,1,0,1,0,0,0,1,5
39,2,0,1,0,0,1,0,1,0,0,0,1,0,1,0,0,1,0,1,0,8
39,3,0,1,0,1,0,0,0,1,0,0,0,1,0,1,0,1,1,0,0,8
39,4,1,0,0,0,1,0,0,0,1,1,0,0,0,1,0,1,0,0,1,5
39,5,0,1,0,0,0,1,0,1,0,1,0,0,0,1,1,0,0,1,0,10
39,6,0,0,1,1,0,0,0,0,1,0,0,1,1,0,1,0,0,1,0,10
39,7,0,1,0,0,0,1,0,0,1,0,1,0,1,0,1,0,1,0,0,10
39,8,1,0,0,1,0,0,1,0,0,1,0,0,1,0,1,0,1,0,0,10
39,9,0,0,1,0,0,1,0,0,1,1,0,0,1,0,0,1,1,0,0,10
39,10,0,0,1,0,1,0,1,0,0,0,1,0,0,1,1,0,1,0,0,10
39,11,1,0,0,0,1,0,0,1,0,0,0,1,1,0,1,0,1,0,0,10
39,12,1,0,0,1,0,0,0,0,1,0,1,0,0,1,1,0,0,1,0,10
39,13,0,1,0,0,1,0,0,0,1,0,0,1,1,0,1,0,0,0,1,5
39,14,0,0,1,1,0,0,0,1,0,0,1,0,1,0,0,1,0,0,1,5
39,15,0,0,1,0,1,0,0,1,0,1,0,0,1,0,1,0,0,1,0,9
39,16,0,1,0,1,0,0,1,0,0,1,0,0,1,0,1,0,0,0,1,5
39,17,0,0,1,0,0,1,1,0,0,0,0,1,0,1,1,0,0,0,1,5
39,18,1,0,0,0,0,1,1,0,0,0,0,1,1,0,0,1,0,1,0,10
41,1,1,0,0,0,0,1,0,1,0,0,1,0,1,0,1,0,0,0,1,4
41,2,0,1,0,0,1,0,1,0,0,0,1,0,1,0,0,1,0,1,0,6
41,3,0,1,0,1,0,0,0,1,0,0,0,1,0,1,0,1,1,0,0,6
41,4,1,0,0,0,1,0,0,0,1,1,0,0,0,1,0,1,0,0,1,8
41,5,0,1,0,0,0,1,0,1,0,1,0,0,0,1,1,0,0,1,0,8
41,6,0,0,1,1,0,0,0,0,1,0,0,1,1,0,1,0,0,1,0,4
41,7,0,1,0,0,0,1,0,0,1,0,1,0,1,0,1,0,1,0,0,5
41,8,1,0,0,1,0,0,1,0,0,1,0,0,1,0,1,0,1,0,0,4
41,9,0,0,1,0,0,1,0,0,1,1,0,0,1,0,0,1,1,0,0,8
41,10,0,0,1,0,1,0,1,0,0,0,1,0,0,1,1,0,1,0,0,5
41,11,1,0,0,0,1,0,0,1,0,0,0,1,1,0,1,0,1,0,0,3
41,12,1,0,0,1,0,0,0,0,1,0,1,0,0,1,1,0,0,1,0,3
41,13,0,1,0,0,1,0,0,0,1,0,0,1,1,0,1,0,0,0,1,5
41,14,0,0,1,1,0,0,0,1,0,0,1,0,1,0,0,1,0,0,1,5
41,15,0,0,1,0,1,0,0,1,0,1,0,0,1,0,1,0,0,1,0,3
41,16,0,1,0,1,0,0,1,0,0,1,0,0,1,0,1,0,0,0,1,4
41,17,0,0,1,0,0,1,1,0,0,0,0,1,0,1,1,0,0,0,1,6
41,18,1,0,0,0,0,1,1,0,0,0,0,1,1,0,0,1,0,1,0,5
42,1,1,0,0,0,0,1,0,1,0,0,1,0,1,0,1,0,0,0,1,5
42,2,0,1,0,0,1,0,1,0,0,0,1,0,1,0,0,1,0,1,0,4
42,3,0,1,0,1,0,0,0,1,0,0,0,1,0,1,0,1,1,0,0,5
42,4,1,0,0,0,1,0,0,0,1,1,0,0,0,1,0,1,0,0,1,5
42,5,0,1,0,0,0,1,0,1,0,1,0,0,0,1,1,0,0,1,0,5
42,6,0,0,1,1,0,0,0,0,1,0,0,1,1,0,1,0,0,1,0,5
42,7,0,1,0,0,0,1,0,0,1,0,1,0,1,0,1,0,1,0,0,5
42,8,1,0,0,1,0,0,1,0,0,1,0,0,1,0,1,0,1,0,0,4
42,9,0,0,1,0,0,1,0,0,1,1,0,0,1,0,0,1,1,0,0,5
42,10,0,0,1,0,1,0,1,0,0,0,1,0,0,1,1,0,1,0,0,5
42,11,1,0,0,0,1,0,0,1,0,0,0,1,1,0,1,0,1,0,0,6
42,12,1,0,0,1,0,0,0,0,1,0,1,0,0,1,1,0,0,1,0,5
42,13,0,1,0,0,1,0,0,0,1,0,0,1,1,0,1,0,0,0,1,4
42,14,0,0,1,1,0,0,0,1,0,0,1,0,1,0,0,1,0,0,1,5
42,15,0,0,1,0,1,0,0,1,0,1,0,0,1,0,1,0,0,1,0,6
42,16,0,1,0,1,0,0,1,0,0,1,0,0,1,0,1,0,0,0,1,5
42,17,0,0,1,0,0,1,1,0,0,0,0,1,0,1,1,0,0,0,1,5
42,18,1,0,0,0,0,1,1,0,0,0,0,1,1,0,0,1,0,1,0,6
46,1,1,0,0,0,0,1,0,1,0,0,1,0,1,0,1,0,0,0,1,0
46,2,0,1,0,0,1,0,1,0,0,0,1,0,1,0,0,1,0,1,0,5
46,3,0,1,0,1,0,0,0,1,0,0,0,1,0,1,0,1,1,0,0,8
46,4,1,0,0,0,1,0,0,0,1,1,0,0,0,1,0,1,0,0,1,0
46,5,0,1,0,0,0,1,0,1,0,1,0,0,0,1,1,0,0,1,0,5
46,6,0,0,1,1,0,0,0,0,1,0,0,1,1,0,1,0,0,1,0,8
46,7,0,1,0,0,0,1,0,0,1,0,1,0,1,0,1,0,1,0,0,8
46,8,1,0,0,1,0,0,1,0,0,1,0,0,1,0,1,0,1,0,0,8
46,9,0,0,1,0,0,1,0,0,1,1,0,0,1,0,0,1,1,0,0,8
46,10,0,0,1,0,1,0,1,0,0,0,1,0,0,1,1,0,1,0,0,8
46,11,1,0,0,0,1,0,0,1,0,0,0,1,1,0,1,0,1,0,0,8
46,12,1,0,0,1,0,0,0,0,1,0,1,0,0,1,1,0,0,1,0,8
46,13,0,1,0,0,1,0,0,0,1,0,0,1,1,0,1,0,0,0,1,0
46,14,0,0,1,1,0,0,0,1,0,0,1,0,1,0,0,1,0,0,1,0
46,15,0,0,1,0,1,0,0,1,0,1,0,0,1,0,1,0,0,1,0,5
46,16,0,1,0,1,0,0,1,0,0,1,0,0,1,0,1,0,0,0,1,0
46,17,0,0,1,0,0,1,1,0,0,0,0,1,0,1,1,0,0,0,1,0
46,18,1,0,0,0,0,1,1,0,0,0,0,1,1,0,0,1,0,1,0,5
49,1,1,0,0,0,0,1,0,1,0,0,1,0,1,0,1,0,0,0,1,4
49,2,0,1,0,0,1,0,1,0,0,0,1,0,1,0,0,1,0,1,0,5
49,3,0,1,0,1,0,0,0,1,0,0,0,1,0,1,0,1,1,0,0,4
49,4,1,0,0,0,1,0,0,0,1,1,0,0,0,1,0,1,0,0,1,5
49,5,0,1,0,0,0,1,0,1,0,1,0,0,0,1,1,0,0,1,0,4
49,6,0,0,1,1,0,0,0,0,1,0,0,1,1,0,1,0,0,1,0,5
49,7,0,1,0,0,0,1,0,0,1,0,1,0,1,0,1,0,1,0,0,4
49,8,1,0,0,1,0,0,1,0,0,1,0,0,1,0,1,0,1,0,0,5
49,9,0,0,1,0,0,1,0,0,1,1,0,0,1,0,0,1,1,0,0,4
49,10,0,0,1,0,1,0,1,0,0,0,1,0,0,1,1,0,1,0,0,5
49,11,1,0,0,0,1,0,0,1,0,0,0,1,1,0,1,0,1,0,0,4
49,12,1,0,0,1,0,0,0,0,1,0,1,0,0,1,1,0,0,1,0,5
49,13,0,1,0,0,1,0,0,0,1,0,0,1,1,0,1,0,0,0,1,4
49,14,0,0,1,1,0,0,0,1,0,0,1,0,1,0,0,1,0,0,1,5
49,15,0,0,1,0,1,0,0,1,0,1,0,0,1,0,1,0,0,1,0,4
49,16,0,1,0,1,0,0,1,0,0,1,0,0,1,0,1,0,0,0,1,5
49,17,0,0,1,0,0,1,1,0,0,0,0,1,0,1,1,0,0,0,1,4
49,18,1,0,0,0,0,1,1,0,0,0,0,1,1,0,0,1,0,1,0,5
56,1,1,0,0,0,0,1,0,1,0,0,1,0,1,0,1,0,0,0,1,7
56,2,0,1,0,0,1,0,1,0,0,0,1,0,1,0,0,1,0,1,0,8
56,3,0,1,0,1,0,0,0,1,0,0,0,1,0,1,0,1,1,0,0,6
56,4,1,0,0,0,1,0,0,0,1,1,0,0,0,1,0,1,0,0,1,6
56,5,0,1,0,0,0,1,0,1,0,1,0,0,0,1,1,0,0,1,0,9
56,6,0,0,1,1,0,0,0,0,1,0,0,1,1,0,1,0,0,1,0,7
56,7,0,1,0,0,0,1,0,0,1,0,1,0,1,0,1,0,1,0,0,10
56,8,1,0,0,1,0,0,1,0,0,1,0,0,1,0,1,0,1,0,0,6
56,9,0,0,1,0,0,1,0,0,1,1,0,0,1,0,0,1,1,0,0,8
56,10,0,0,1,0,1,0,1,0,0,0,1,0,0,1,1,0,1,0,0,7
56,11,1,0,0,0,1,0,0,1,0,0,0,1,1,0,1,0,1,0,0,9
56,12,1,0,0,1,0,0,0,0,1,0,1,0,0,1,1,0,0,1,0,7
56,13,0,1,0,0,1,0,0,0,1,0,0,1,1,0,1,0,0,0,1,6
56,14,0,0,1,1,0,0,0,1,0,0,1,0,1,0,0,1,0,0,1,5
56,15,0,0,1,0,1,0,0,1,0,1,0,0,1,0,1,0,0,1,0,7
56,16,0,1,0,1,0,0,1,0,0,1,0,0,1,0,1,0,0,0,1,6
56,17,0,0,1,0,0,1,1,0,0,0,0,1,0,1,1,0,0,0,1,8
56,18,1,0,0,0,0,1,1,0,0,0,0,1,1,0,0,1,0,1,0,9
57,1,1,0,0,0,0,1,0,1,0,0,1,0,1,0,1,0,0,0,1,4
57,2,0,1,0,0,1,0,1,0,0,0,1,0,1,0,0,1,0,1,0,7
57,3,0,1,0,1,0,0,0,1,0,0,0,1,0,1,0,1,1,0,0,2
57,4,1,0,0,0,1,0,0,0,1,1,0,0,0,1,0,1,0,0,1,3
57,5,0,1,0,0,0,1,0,1,0,1,0,0,0,1,1,0,0,1,0,6
57,6,0,0,1,1,0,0,0,0,1,0,0,1,1,0,1,0,0,1,0,5
57,7,0,1,0,0,0,1,0,0,1,0,1,0,1,0,1,0,1,0,0,3
57,8,1,0,0,1,0,0,1,0,0,1,0,0,1,0,1,0,1,0,0,2
57,9,0,0,1,0,0,1,0,0,1,1,0,0,1,0,0,1,1,0,0,6
57,10,0,0,1,0,1,0,1,0,0,0,1,0,0,1,1,0,1,0,0,3
57,11,1,0,0,0,1,0,0,1,0,0,0,1,1,0,1,0,1,0,0,3
57,12,1,0,0,1,0,0,0,0,1,0,1,0,0,1,1,0,0,1,0,3
57,13,0,1,0,0,1,0,0,0,1,0,0,1,1,0,1,0,0,0,1,3
57,14,0,0,1,1,0,0,0,1,0,0,1,0,1,0,0,1,0,0,1,6
57,15,0,0,1,0,1,0,0,1,0,1,0,0,1,0,1,0,0,1,0,4
57,16,0,1,0,1,0,0,1,0,0,1,0,0,1,0,1,0,0,0,1,4
57,17,0,0,1,0,0,1,1,0,0,0,0,1,0,1,1,0,0,0,1,5
57,18,1,0,0,0,0,1,1,0,0,0,0,1,1,0,0,1,0,1,0,7
59,1,1,0,0,0,0,1,0,1,0,0,1,0,1,0,1,0,0,0,1,2
59,2,0,1,0,0,1,0,1,0,0,0,1,0,1,0,0,1,0,1,0,4
59,3,0,1,0,1,0,0,0,1,0,0,0,1,0,1,0,1,1,0,0,7
59,4,1,0,0,0,1,0,0,0,1,1,0,0,0,1,0,1,0,0,1,1
59,5,0,1,0,0,0,1,0,1,0,1,0,0,0,1,1,0,0,1,0,3
59,6,0,0,1,1,0,0,0,0,1,0,0,1,1,0,1,0,0,1,0,5
59,7,0,1,0,0,0,1,0,0,1,0,1,0,1,0,1,0,1,0,0,8
59,8,1,0,0,1,0,0,1,0,0,1,0,0,1,0,1,0,1,0,0,8
59,9,0,0,1,0,0,1,0,0,1,1,0,0,1,0,0,1,1,0,0,8
59,10,0,0,1,0,1,0,1,0,0,0,1,0,0,1,1,0,1,0,0,6
59,11,1,0,0,0,1,0,0,1,0,0,0,1,1,0,1,0,1,0,0,8
59,12,1,0,0,1,0,0,0,0,1,0,1,0,0,1,1,0,0,1,0,3
59,13,0,1,0,0,1,0,0,0,1,0,0,1,1,0,1,0,0,0,1,1
59,14,0,0,1,1,0,0,0,1,0,0,1,0,1,0,0,1,0,0,1,1
59,15,0,0,1,0,1,0,0,1,0,1,0,0,1,0,1,0,0,1,0,3
59,16,0,1,0,1,0,0,1,0,0,1,0,0,1,0,1,0,0,0,1,1
59,17,0,0,1,0,0,1,1,0,0,0,0,1,0,1,1,0,0,0,1,1
59,18,1,0,0,0,0,1,1,0,0,0,0,1,1,0,0,1,0,1,0,4
64,1,1,0,0,0,0,1,0,1,0,0,1,0,1,0,1,0,0,0,1,0
64,2,0,1,0,0,1,0,1,0,0,0,1,0,1,0,0,1,0,1,0,7
64,3,0,1,0,1,0,0,0,1,0,0,0,1,0,1,0,1,1,0,0,6
64,4,1,0,0,0,1,0,0,0,1,1,0,0,0,1,0,1,0,0,1,0
64,5,0,1,0,0,0,1,0,1,0,1,0,0,0,1,1,0,0,1,0,2
64,6,0,0,1,1,0,0,0,0,1,0,0,1,1,0,1,0,0,1,0,1
64,7,0,1,0,0,0,1,0,0,1,0,1,0,1,0,1,0,1,0,0,6
64,8,1,0,0,1,0,0,1,0,0,1,0,0,1,0,1,0,1,0,0,3
64,9,0,0,1,0,0,1,0,0,1,1,0,0,1,0,0,1,1,0,0,6
64,10,0,0,1,0,1,0,1,0,0,0,1,0,0,1,1,0,1,0,0,6
64,11,1,0,0,0,1,0,0,1,0,0,0,1,1,0,1,0,1,0,0,2
64,12,1,0,0,1,0,0,0,0,1,0,1,0,0,1,1,0,0,1,0,4
64,13,0,1,0,0,1,0,0,0,1,0,0,1,1,0,1,0,0,0,1,0
64,14,0,0,1,1,0,0,0,1,0,0,1,0,1,0,0,1,0,0,1,0
64,15,0,0,1,0,1,0,0,1,0,1,0,0,1,0,1,0,0,1,0,1
64,16,0,1,0,1,0,0,1,0,0,1,0,0,1,0,1,0,0,0,1,0
64,17,0,0,1,0,0,1,1,0,0,0,0,1,0,1,1,0,0,0,1,0
64,18,1,0,0,0,0,1,1,0,0,0,0,1,1,0,0,1,0,1,0,4
65,1,1,0,0,0,0,1,0,1,0,0,1,0,1,0,1,0,0,0,1,0
65,2,0,1,0,0,1,0,1,0,0,0,1,0,1,0,0,1,0,1,0,0
65,3,0,1,0,1,0,0,0,1,0,0,0,1,0,1,0,1,1,0,0,10
65,4,1,0,0,0,1,0,0,0,1,1,0,0,0,1,0,1,0,0,1,5
65,5,0,1,0,0,0,1,0,1,0,1,0,0,0,1,1,0,0,1,0,7
65,6,0,0,1,1,0,0,0,0,1,0,0,1,1,0,1,0,0,1,0,3
65,7,0,1,0,0,0,1,0,0,1,0,1,0,1,0,1,0,1,0,0,8
65,8,1,0,0,1,0,0,1,0,0,1,0,0,1,0,1,0,1,0,0,3
65,9,0,0,1,0,0,1,0,0,1,1,0,0,1,0,0,1,1,0,0,8
65,10,0,0,1,0,1,0,1,0,0,0,1,0,0,1,1,0,1,0,0,7
65,11,1,0,0,0,1,0,0,1,0,0,0,1,1,0,1,0,1,0,0,7
65,12,1,0,0,1,0,0,0,0,1,0,1,0,0,1,1,0,0,1,0,3
65,13,0,1,0,0,1,0,0,0,1,0,0,1,1,0,1,0,0,0,1,0
65,14,0,0,1,1,0,0,0,1,0,0,1,0,1,0,0,1,0,0,1,0
65,15,0,0,1,0,1,0,0,1,0,1,0,0,1,0,1,0,0,1,0,3
65,16,0,1,0,1,0,0,1,0,0,1,0,0,1,0,1,0,0,0,1,0
65,17,0,0,1,0,0,1,1,0,0,0,0,1,0,1,1,0,0,0,1,0
65,18,1,0,0,0,0,1,1,0,0,0,0,1,1,0,0,1,0,1,0,3
66,1,1,0,0,0,0,1,0,1,0,0,1,0,1,0,1,0,0,0,1,7
66,2,0,1,0,0,1,0,1,0,0,0,1,0,1,0,0,1,0,1,0,0
66,3,0,1,0,1,0,0,0,1,0,0,0,1,0,1,0,1,1,0,0,0
66,4,1,0,0,0,1,0,0,0,1,1,0,0,0,1,0,1,0,0,1,0
66,5,0,1,0,0,0,1,0,1,0,1,0,0,0,1,1,0,0,1,0,9
66,6,0,0,1,1,0,0,0,0,1,0,0,1,1,0,1,0,0,1,0,3
66,7,0,1,0,0,0,1,0,0,1,0,1,0,1,0,1,0,1,0,0,7
66,8,1,0,0,1,0,0,1,0,0,1,0,0,1,0,1,0,1,0,0,1
66,9,0,0,1,0,0,1,0,0,1,1,0,0,1,0,0,1,1,0,0,3
66,10,0,0,1,0,1,0,1,0,0,0,1,0,0,1,1,0,1,0,0,2
66,11,1,0,0,0,1,0,0,1,0,0,0,1,1,0,1,0,1,0,0,0
66,12,1,0,0,1,0,0,0,0,1,0,1,0,0,1,1,0,0,1,0,0
66,13,0,1,0,0,1,0,0,0,1,0,0,1,1,0,1,0,0,0,1,5
66,14,0,0,1,1,0,0,0,1,0,0,1,0,1,0,0,1,0,0,1,5
66,15,0,0,1,0,1,0,0,1,0,1,0,0,1,0,1,0,0,1,0,5
66,16,0,1,0,1,0,0,1,0,0,1,0,0,1,0,1,0,0,0,1,5
66,17,0,0,1,0,0,1,1,0,0,0,0,1,0,1,1,0,0,0,1,5
66,18,1,0,0,0,0,1,1,0,0,0,0,1,1,0,0,1,0,1,0,5
70,1,1,0,0,0,0,1,0,1,0,0,1,0,1,0,1,0,0,0,1,2
70,2,0,1,0,0,1,0,1,0,0,0,1,0,1,0,0,1,0,1,0,6
70,3,0,1,0,1,0,0,0,1,0,0,0,1,0,1,0,1,1,0,0,9
70,4,1,0,0,0,1,0,0,0,1,1,0,0,0,1,0,1,0,0,1,2
70,5,0,1,0,0,0,1,0,1,0,1,0,0,0,1,1,0,0,1,0,4
70,6,0,0,1,1,0,0,0,0,1,0,0,1,1,0,1,0,0,1,0,6
70,7,0,1,0,0,0,1,0,0,1,0,1,0,1,0,1,0,1,0,0,7
70,8,1,0,0,1,0,0,1,0,0,1,0,0,1,0,1,0,1,0,0,5
70,9,0,0,1,0,0,1,0,0,1,1,0,0,1,0,0,1,1,0,0,8
70,10,0,0,1,0,1,0,1,0,0,0,1,0,0,1,1,0,1,0,0,7
70,11,1,0,0,0,1,0,0,1,0,0,0,1,1,0,1,0,1,0,0,3
70,12,1,0,0,1,0,0,0,0,1,0,1,0,0,1,1,0,0,1,0,3
70,13,0,1,0,0,1,0,0,0,1,0,0,1,1,0,1,0,0,0,1,1
70,14,0,0,1,1,0,0,0,1,0,0,1,0,1,0,0,1,0,0,1,1
70,15,0,0,1,0,1,0,0,1,0,1,0,0,1,0,1,0,0,1,0,6
70,16,0,1,0,1,0,0,1,0,0,1,0,0,1,0,1,0,0,0,1,1
70,17,0,0,1,0,0,1,1,0,0,0,0,1,0,1,1,0,0,0,1,1
70,18,1,0,0,0,0,1,1,0,0,0,0,1,1,0,0,1,0,1,0,6
71,1,1,0,0,0,0,1,0,1,0,0,1,0,1,0,1,0,0,0,1,8
71,2,0,1,0,0,1,0,1,0,0,0,1,0,1,0,0,1,0,1,0,6
71,3,0,1,0,1,0,0,0,1,0,0,0,1,0,1,0,1,1,0,0,10
71,4,1,0,0,0,1,0,0,0,1,1,0,0,0,1,0,1,0,0,1,6
71,5,0,1,0,0,0,1,0,1,0,1,0,0,0,1,1,0,0,1,0,9
71,6,0,0,1,1,0,0,0,0,1,0,0,1,1,0,1,0,0,1,0,6
71,7,0,1,0,0,0,1,0,0,1,0,1,0,1,0,1,0,1,0,0,10
71,8,1,0,0,1,0,0,1,0,0,1,0,0,1,0,1,0,1,0,0,1
71,9,0,0,1,0,0,1,0,0,1,1,0,0,1,0,0,1,1,0,0,9
71,10,0,0,1,0,1,0,1,0,0,0,1,0,0,1,1,0,1,0,0,6
71,11,1,0,0,0,1,0,0,1,0,0,0,1,1,0,1,0,1,0,0,6
71,12,1,0,0,1,0,0,0,0,1,0,1,0,0,1,1,0,0,1,0,6
71,13,0,1,0,0,1,0,0,0,1,0,0,1,1,0,1,0,0,0,1,4
71,14,0,0,1,1,0,0,0,1,0,0,1,0,1,0,0,1,0,0,1,4
71,15,0,0,1,0,1,0,0,1,0,1,0,0,1,0,1,0,0,1,0,4
71,16,0,1,0,1,0,0,1,0,0,1,0,0,1,0,1,0,0,0,1,1
71,17,0,0,1,0,0,1,1,0,0,0,0,1,0,1,1,0,0,0,1,6
71,18,1,0,0,0,0,1,1,0,0,0,0,1,1,0,0,1,0,1,0,9
72,1,1,0,0,0,0,1,0,1,0,0,1,0,1,0,1,0,0,0,1,3
72,2,0,1,0,0,1,0,1,0,0,0,1,0,1,0,0,1,0,1,0,3
72,3,0,1,0,1,0,0,0,1,0,0,0,1,0,1,0,1,1,0,0,1
72,4,1,0,0,0,1,0,0,0,1,1,0,0,0,1,0,1,0,0,1,3
72,5,0,1,0,0,0,1,0,1,0,1,0,0,0,1,1,0,0,1,0,3
72,6,0,0,1,1,0,0,0,0,1,0,0,1,1,0,1,0,0,1,0,3
72,7,0,1,0,0,0,1,0,0,1,0,1,0,1,0,1,0,1,0,0,3
72,8,1,0,0,1,0,0,1,0,0,1,0,0,1,0,1,0,1,0,0,3
72,9,0,0,1,0,0,1,0,0,1,1,0,0,1,0,0,1,1,0,0,3
72,10,0,0,1,0,1,0,1,0,0,0,1,0,0,1,1,0,1,0,0,3
72,11,1,0,0,0,1,0,0,1,0,0,0,1,1,0,1,0,1,0,0,2
72,12,1,0,0,1,0,0,0,0,1,0,1,0,0,1,1,0,0,1,0,4
72,13,0,1,0,0,1,0,0,0,1,0,0,1,1,0,1,0,0,0,1,3
72,14,0,0,1,1,0,0,0,1,0,0,1,0,1,0,0,1,0,0,1,4
72,15,0,0,1,0,1,0,0,1,0,1,0,0,1,0,1,0,0,1,0,4
72,16,0,1,0,1,0,0,1,0,0,1,0,0,1,0,1,0,0,0,1,4
72,17,0,0,1,0,0,1,1,0,0,0,0,1,0,1,1,0,0,0,1,4
72,18,1,0,0,0,0,1,1,0,0,0,0,1,1,0,0,1,0,1,0,3
73,1,1,0,0,0,0,1,0,1,0,0,1,0,1,0,1,0,0,0,1,8
73,2,0,1,0,0,1,0,1,0,0,0,1,0,1,0,0,1,0,1,0,7
73,3,0,1,0,1,0,0,0,1,0,0,0,1,0,1,0,1,1,0,0,8
73,4,1,0,0,0,1,0,0,0,1,1,0,0,0,1,0,1,0,0,1,7
73,5,0,1,0,0,0,1,0,1,0,1,0,0,0,1,1,0,0,1,0,8
73,6,0,0,1,1,0,0,0,0,1,0,0,1,1,0,1,0,0,1,0,7
73,7,0,1,0,0,0,1,0,0,1,0,1,0,1,0,1,0,1,0,0,8
73,8,1,0,0,1,0,0,1,0,0,1,0,0,1,0,1,0,1,0,0,7
73,9,0,0,1,0,0,1,0,0,1,1,0,0,1,0,0,1,1,0,0,8
73,10,0,0,1,0,1,0,1,0,0,0,1,0,0,1,1,0,1,0,0,7
73,11,1,0,0,0,1,0,0,1,0,0,0,1,1,0,1,0,1,0,0,8
73,12,1,0,0,1,0,0,0,0,1,0,1,0,0,1,1,0,0,1,0,7
73,13,0,1,0,0,1,0,0,0,1,0,0,1,1,0,1,0,0,0,1,8
73,14,0,0,1,1,0,0,0,1,0,0,1,0,1,0,0,1,0,0,1,7
73,15,0,0,1,0,1,0,0,1,0,1,0,0,1,0,1,0,0,1,0,8
73,16,0,1,0,1,0,0,1,0,0,1,0,0,1,0,1,0,0,0,1,7
73,17,0,0,1,0,0,1,1,0,0,0,0,1,0,1,1,0,0,0,1,8
73,18,1,0,0,0,0,1,1,0,0,0,0,1,1,0,0,1,0,1,0,7
74,1,1,0,0,0,0,1,0,1,0,0,1,0,1,0,1,0,0,0,1,7
74,2,0,1,0,0,1,0,1,0,0,0,1,0,1,0,0,1,0,1,0,5
74,3,0,1,0,1,0,0,0,1,0,0,0,1,0,1,0,1,1,0,0,2
74,4,1,0,0,0,1,0,0,0,1,1,0,0,0,1,0,1,0,0,1,5
74,5,0,1,0,0,0,1,0,1,0,1,0,0,0,1,1,0,0,1,0,5
74,6,0,0,1,1,0,0,0,0,1,0,0,1,1,0,1,0,0,1,0,6
74,7,0,1,0,0,0,1,0,0,1,0,1,0,1,0,1,0,1,0,0,8
74,8,1,0,0,1,0,0,1,0,0,1,0,0,1,0,1,0,1,0,0,6
74,9,0,0,1,0,0,1,0,0,1,1,0,0,1,0,0,1,1,0,0,3
74,10,0,0,1,0,1,0,1,0,0,0,1,0,0,1,1,0,1,0,0,7
74,11,1,0,0,0,1,0,0,1,0,0,0,1,1,0,1,0,1,0,0,6
74,12,1,0,0,1,0,0,0,0,1,0,1,0,0,1,1,0,0,1,0,6
74,13,0,1,0,0,1,0,0,0,1,0,0,1,1,0,1,0,0,0,1,6
74,14,0,0,1,1,0,0,0,1,0,0,1,0,1,0,0,1,0,0,1,5
74,15,0,0,1,0,1,0,0,1,0,1,0,0,1,0,1,0,0,1,0,5
74,16,0,1,0,1,0,0,1,0,0,1,0,0,1,0,1,0,0,0,1,6
74,17,0,0,1,0,0,1,1,0,0,0,0,1,0,1,1,0,0,0,1,6
74,18,1,0,0,0,0,1,1,0,0,0,0,1,1,0,0,1,0,1,0,4
76,1,1,0,0,0,0,1,0,1,0,0,1,0,1,0,1,0,0,0,1,1
76,2,0,1,0,0,1,0,1,0,0,0,1,0,1,0,0,1,0,1,0,4
76,3,0,1,0,1,0,0,0,1,0,0,0,1,0,1,0,1,1,0,0,7
76,4,1,0,0,0,1,0,0,0,1,1,0,0,0,1,0,1,0,0,1,1
76,5,0,1,0,0,0,1,0,1,0,1,0,0,0,1,1,0,0,1,0,7
76,6,0,0,1,1,0,0,0,0,1,0,0,1,1,0,1,0,0,1,0,7
76,7,0,1,0,0,0,1,0,0,1,0,1,0,1,0,1,0,1,0,0,7
76,8,1,0,0,1,0,0,1,0,0,1,0,0,1,0,1,0,1,0,0,7
76,9,0,0,1,0,0,1,0,0,1,1,0,0,1,0,0,1,1,0,0,7
76,10,0,0,1,0,1,0,1,0,0,0,1,0,0,1,1,0,1,0,0,7
76,11,1,0,0,0,1,0,0,1,0,0,0,1,1,0,1,0,1,0,0,7
76,12,1,0,0,1,0,0,0,0,1,0,1,0,0,1,1,0,0,1,0,4
76,13,0,1,0,0,1,0,0,0,1,0,0,1,1,0,1,0,0,0,1,1
76,14,0,0,1,1,0,0,0,1,0,0,1,0,1,0,0,1,0,0,1,1
76,15,0,0,1,0,1,0,0,1,0,1,0,0,1,0,1,0,0,1,0,4
76,16,0,1,0,1,0,0,1,0,0,1,0,0,1,0,1,0,0,0,1,1
76,17,0,0,1,0,0,1,1,0,0,0,0,1,0,1,1,0,0,0,1,1
76,18,1,0,0,0,0,1,1,0,0,0,0,1,1,0,0,1,0,1,0,4
78,1,1,0,0,0,0,1,0,1,0,0,1,0,1,0,1,0,0,0,1,7
78,2,0,1,0,0,1,0,1,0,0,0,1,0,1,0,0,1,0,1,0,9
78,3,0,1,0,1,0,0,0,1,0,0,0,1,0,1,0,1,1,0,0,10
78,4,1,0,0,0,1,0,0,0,1,1,0,0,0,1,0,1,0,0,1,7
78,5,0,1,0,0,0,1,0,1,0,1,0,0,0,1,1,0,0,1,0,9
78,6,0,0,1,1,0,0,0,0,1,0,0,1,1,0,1,0,0,1,0,10
78,7,0,1,0,0,0,1,0,0,1,0,1,0,1,0,1,0,1,0,0,10
78,8,1,0,0,1,0,0,1,0,0,1,0,0,1,0,1,0,1,0,0,10
78,9,0,0,1,0,0,1,0,0,1,1,0,0,1,0,0,1,1,0,0,10
78,10,0,0,1,0,1,0,1,0,0,0,1,0,0,1,1,0,1,0,0,10
78,11,1,0,0,0,1,0,0,1,0,0,0,1,1,0,1,0,1,0,0,10
78,12,1,0,0,1,0,0,0,0,1,0,1,0,0,1,1,0,0,1,0,10
78,13,0,1,0,0,1,0,0,0,1,0,0,1,1,0,1,0,0,0,1,7
78,14,0,0,1,1,0,0,0,1,0,0,1,0,1,0,0,1,0,0,1,7
78,15,0,0,1,0,1,0,0,1,0,1,0,0,1,0,1,0,0,1,0,10
78,16,0,1,0,1,0,0,1,0,0,1,0,0,1,0,1,0,0,0,1,8
78,17,0,0,1,0,0,1,1,0,0,0,0,1,0,1,1,0,0,0,1,8
78,18,1,0,0,0,0,1,1,0,0,0,0,1,1,0,0,1,0,1,0,8
79,1,1,0,0,0,0,1,0,1,0,0,1,0,1,0,1,0,0,0,1,4
79,2,0,1,0,0,1,0,1,0,0,0,1,0,1,0,0,1,0,1,0,8
79,3,0,1,0,1,0,0,0,1,0,0,0,1,0,1,0,1,1,0,0,5
79,4,1,0,0,0,1,0,0,0,1,1,0,0,0,1,0,1,0,0,1,4
79,5,0,1,0,0,0,1,0,1,0,1,0,0,0,1,1,0,0,1,0,7
79,6,0,0,1,1,0,0,0,0,1,0,0,1,1,0,1,0,0,1,0,7
79,7,0,1,0,0,0,1,0,0,1,0,1,0,1,0,1,0,1,0,0,8
79,8,1,0,0,1,0,0,1,0,0,1,0,0,1,0,1,0,1,0,0,8
79,9,0,0,1,0,0,1,0,0,1,1,0,0,1,0,0,1,1,0,0,8
79,10,0,0,1,0,1,0,1,0,0,0,1,0,0,1,1,0,1,0,0,8
79,11,1,0,0,0,1,0,0,1,0,0,0,1,1,0,1,0,1,0,0,8
79,12,1,0,0,1,0,0,0,0,1,0,1,0,0,1,1,0,0,1,0,8
79,13,0,1,0,0,1,0,0,0,1,0,0,1,1,0,1,0,0,0,1,4
79,14,0,0,1,1,0,0,0,1,0,0,1,0,1,0,0,1,0,0,1,7
79,15,0,0,1,0,1,0,0,1,0,1,0,0,1,0,1,0,0,1,0,5
79,16,0,1,0,1,0,0,1,0,0,1,0,0,1,0,1,0,0,0,1,4
79,17,0,0,1,0,0,1,1,0,0,0,0,1,0,1,1,0,0,0,1,4
79,18,1,0,0,0,0,1,1,0,0,0,0,1,1,0,0,1,0,1,0,6
82,1,1,0,0,0,0,1,0,1,0,0,1,0,1,0,1,0,0,0,1,5
82,2,0,1,0,0,1,0,1,0,0,0,1,0,1,0,0,1,0,1,0,5
82,3,0,1,0,1,0,0,0,1,0,0,0,1,0,1,0,1,1,0,0,7
82,4,1,0,0,0,1,0,0,0,1,1,0,0,0,1,0,1,0,0,1,6
82,5,0,1,0,0,0,1,0,1,0,1,0,0,0,1,1,0,0,1,0,7
82,6,0,0,1,1,0,0,0,0,1,0,0,1,1,0,1,0,0,1,0,4
82,7,0,1,0,0,0,1,0,0,1,0,1,0,1,0,1,0,1,0,0,5
82,8,1,0,0,1,0,0,1,0,0,1,0,0,1,0,1,0,1,0,0,5
82,9,0,0,1,0,0,1,0,0,1,1,0,0,1,0,0,1,1,0,0,4
82,10,0,0,1,0,1,0,1,0,0,0,1,0,0,1,1,0,1,0,0,7
82,11,1,0,0,0,1,0,0,1,0,0,0,1,1,0,1,0,1,0,0,5
82,12,1,0,0,1,0,0,0,0,1,0,1,0,0,1,1,0,0,1,0,6
82,13,0,1,0,0,1,0,0,0,1,0,0,1,1,0,1,0,0,0,1,5
82,14,0,0,1,1,0,0,0,1,0,0,1,0,1,0,0,1,0,0,1,4
82,15,0,0,1,0,1,0,0,1,0,1,0,0,1,0,1,0,0,1,0,4
82,16,0,1,0,1,0,0,1,0,0,1,0,0,1,0,1,0,0,0,1,5
82,17,0,0,1,0,0,1,1,0,0,0,0,1,0,1,1,0,0,0,1,6
82,18,1,0,0,0,0,1,1,0,0,0,0,1,1,0,0,1,0,1,0,5
87,1,1,0,0,0,0,1,0,1,0,0,1,0,1,0,1,0,0,0,1,3
87,2,0,1,0,0,1,0,1,0,0,0,1,0,1,0,0,1,0,1,0,3
87,3,0,1,0,1,0,0,0,1,0,0,0,1,0,1,0,1,1,0,0,3
87,4,1,0,0,0,1,0,0,0,1,1,0,0,0,1,0,1,0,0,1,5
87,5,0,1,0,0,0,1,0,1,0,1,0,0,0,1,1,0,0,1,0,3
87,6,0,0,1,1,0,0,0,0,1,0,0,1,1,0,1,0,0,1,0,3
87,7,0,1,0,0,0,1,0,0,1,0,1,0,1,0,1,0,1,0,0,3
87,8,1,0,0,1,0,0,1,0,0,1,0,0,1,0,1,0,1,0,0,3
87,9,0,0,1,0,0,1,0,0,1,1,0,0,1,0,0,1,1,0,0,7
87,10,0,0,1,0,1,0,1,0,0,0,1,0,0,1,1,0,1,0,0,4
87,11,1,0,0,0,1,0,0,1,0,0,0,1,1,0,1,0,1,0,0,2
87,12,1,0,0,1,0,0,0,0,1,0,1,0,0,1,1,0,0,1,0,2
87,13,0,1,0,0,1,0,0,0,1,0,0,1,1,0,1,0,0,0,1,4
87,14,0,0,1,1,0,0,0,1,0,0,1,0,1,0,0,1,0,0,1,3
87,15,0,0,1,0,1,0,0,1,0,1,0,0,1,0,1,0,0,1,0,4
87,16,0,1,0,1,0,0,1,0,0,1,0,0,1,0,1,0,0,0,1,3
87,17,0,0,1,0,0,1,1,0,0,0,0,1,0,1,1,0,0,0,1,3
87,18,1,0,0,0,0,1,1,0,0,0,0,1,1,0,0,1,0,1,0,4
88,1,1,0,0,0,0,1,0,1,0,0,1,0,1,0,1,0,0,0,1,5
88,2,0,1,0,0,1,0,1,0,0,0,1,0,1,0,0,1,0,1,0,7
88,3,0,1,0,1,0,0,0,1,0,0,0,1,0,1,0,1,1,0,0,10
88,4,1,0,0,0,1,0,0,0,1,1,0,0,0,1,0,1,0,0,1,9
88,5,0,1,0,0,0,1,0,1,0,1,0,0,0,1,1,0,0,1,0,5
88,6,0,0,1,1,0,0,0,0,1,0,0,1,1,0,1,0,0,1,0,5
88,7,0,1,0,0,0,1,0,0,1,0,1,0,1,0,1,0,1,0,0,5
88,8,1,0,0,1,0,0,1,0,0,1,0,0,1,0,1,0,1,0,0,5
88,9,0,0,1,0,0,1,0,0,1,1,0,0,1,0,0,1,1,0,0,9
88,10,0,0,1,0,1,0,1,0,0,0,1,0,0,1,1,0,1,0,0,6
88,11,1,0,0,0,1,0,0,1,0,0,0,1,1,0,1,0,1,0,0,5
88,12,1,0,0,1,0,0,0,0,1,0,1,0,0,1,1,0,0,1,0,6
88,13,0,1,0,0,1,0,0,0,1,0,0,1,1,0,1,0,0,0,1,6
88,14,0,0,1,1,0,0,0,1,0,0,1,0,1,0,0,1,0,0,1,9
88,15,0,0,1,0,1,0,0,1,0,1,0,0,1,0,1,0,0,1,0,6
88,16,0,1,0,1,0,0,1,0,0,1,0,0,1,0,1,0,0,0,1,6
88,17,0,0,1,0,0,1,1,0,0,0,0,1,0,1,1,0,0,0,1,7
88,18,1,0,0,0,0,1,1,0,0,0,0,1,1,0,0,1,0,1,0,7
93,1,1,0,0,0,0,1,0,1,0,0,1,0,1,0,1,0,0,0,1,2
93,2,0,1,0,0,1,0,1,0,0,0,1,0,1,0,0,1,0,1,0,3
93,3,0,1,0,1,0,0,0,1,0,0,0,1,0,1,0,1,1,0,0,4
93,4,1,0,0,0,1,0,0,0,1,1,0,0,0,1,0,1,0,0,1,3
93,5,0,1,0,0,0,1,0,1,0,1,0,0,0,1,1,0,0,1,0,3
93,6,0,0,1,1,0,0,0,0,1,0,0,1,1,0,1,0,0,1,0,3
93,7,0,1,0,0,0,1,0,0,1,0,1,0,1,0,1,0,1,0,0,3
93,8,1,0,0,1,0,0,1,0,0,1,0,0,1,0,1,0,1,0,0,3
93,9,0,0,1,0,0,1,0,0,1,1,0,0,1,0,0,1,1,0,0,3
93,10,0,0,1,0,1,0,1,0,0,0,1,0,0,1,1,0,1,0,0,6
93,11,1,0,0,0,1,0,0,1,0,0,0,1,1,0,1,0,1,0,0,3
93,12,1,0,0,1,0,0,0,0,1,0,1,0,0,1,1,0,0,1,0,3
93,13,0,1,0,0,1,0,0,0,1,0,0,1,1,0,1,0,0,0,1,3
93,14,0,0,1,1,0,0,0,1,0,0,1,0,1,0,0,1,0,0,1,3
93,15,0,0,1,0,1,0,0,1,0,1,0,0,1,0,1,0,0,1,0,3
93,16,0,1,0,1,0,0,1,0,0,1,0,0,1,0,1,0,0,0,1,3
93,17,0,0,1,0,0,1,1,0,0,0,0,1,0,1,1,0,0,0,1,3
93,18,1,0,0,0,0,1,1,0,0,0,0,1,1,0,0,1,0,1,0,3
95,1,1,0,0,0,0,1,0,1,0,0,1,0,1,0,1,0,0,0,1,0
95,2,0,1,0,0,1,0,1,0,0,0,1,0,1,0,0,1,0,1,0,5
95,3,0,1,0,1,0,0,0,1,0,0,0,1,0,1,0,1,1,0,0,3
95,4,1,0,0,0,1,0,0,0,1,1,0,0,0,1,0,1,0,0,1,0
95,5,0,1,0,0,0,1,0,1,0,1,0,0,0,1,1,0,0,1,0,7
95,6,0,0,1,1,0,0,0,0,1,0,0,1,1,0,1,0,0,1,0,5
95,7,0,1,0,0,0,1,0,0,1,0,1,0,1,0,1,0,1,0,0,7
95,8,1,0,0,1,0,0,1,0,0,1,0,0,1,0,1,0,1,0,0,0
95,9,0,0,1,0,0,1,0,0,1,1,0,0,1,0,0,1,1,0,0,7
95,10,0,0,1,0,1,0,1,0,0,0,1,0,0,1,1,0,1,0,0,5
95,11,1,0,0,0,1,0,0,1,0,0,0,1,1,0,1,0,1,0,0,0
95,12,1,0,0,1,0,0,0,0,1,0,1,0,0,1,1,0,0,1,0,0
95,13,0,1,0,0,1,0,0,0,1,0,0,1,1,0,1,0,0,0,1,3
95,14,0,0,1,1,0,0,0,1,0,0,1,0,1,0,0,1,0,0,1,3
95,15,0,0,1,0,1,0,0,1,0,1,0,0,1,0,1,0,0,1,0,5
95,16,0,1,0,1,0,0,1,0,0,1,0,0,1,0,1,0,0,0,1,3
95,17,0,0,1,0,0,1,1,0,0,0,0,1,0,1,1,0,0,0,1,8
95,18,1,0,0,0,0,1,1,0,0,0,0,1,1,0,0,1,0,1,0,0
97,1,1,0,0,0,0,1,0,1,0,0,1,0,1,0,1,0,0,0,1,0
97,2,0,1,0,0,1,0,1,0,0,0,1,0,1,0,0,1,0,1,0,1
97,3,0,1,0,1,0,0,0,1,0,0,0,1,0,1,0,1,1,0,0,1
97,4,1,0,0,0,1,0,0,0,1,1,0,0,0,1,0,1,0,0,1,0
97,5,0,1,0,0,0,1,0,1,0,1,0,0,0,1,1,0,0,1,0,1
97,6,0,0,1,1,0,0,0,0,1,0,0,1,1,0,1,0,0,1,0,2
97,7,0,1,0,0,0,1,0,0,1,0,1,0,1,0,1,0,1,0,0,1
97,8,1,0,0,1,0,0,1,0,0,1,0,0,1,0,1,0,1,0,0,0
97,9,0,0,1,0,0,1,0,0,1,1,0,0,1,0,0,1,1,0,0,1
97,10,0,0,1,0,1,0,1,0,0,0,1,0,0,1,1,0,1,0,0,0
97,11,1,0,0,0,1,0,0,1,0,0,0,1,1,0,1,0,1,0,0,1
97,12,1,0,0,1,0,0,0,0,1,0,1,0,0,1,1,0,0,1,0,1
97,13,0,1,0,0,1,0,0,0,1,0,0,1,1,0,1,0,0,0,1,1
97,14,0,0,1,1,0,0,0,1,0,0,1,0,1,0,0,1,0,0,1,0
97,15,0,0,1,0,1,0,0,1,0,1,0,0,1,0,1,0,0,1,0,0
97,16,0,1,0,1,0,0,1,0,0,1,0,0,1,0,1,0,0,0,1,0
97,17,0,0,1,0,0,1,1,0,0,0,0,1,0,1,1,0,0,0,1,2
97,18,1,0,0,0,0,1,1,0,0,0,0,1,1,0,0,1,0,1,0,5
100,1,1,0,0,0,0,1,0,1,0,0,1,0,1,0,1,0,0,0,1,3
100,2,0,1,0,0,1,0,1,0,0,0,1,0,1,0,0,1,0,1,0,7
100,3,0,1,0,1,0,0,0,1,0,0,0,1,0,1,0,1,1,0,0,10
100,4,1,0,0,0,1,0,0,0,1,1,0,0,0,1,0,1,0,0,1,5
100,5,0,1,0,0,0,1,0,1,0,1,0,0,0,1,1,0,0,1,0,7
100,6,0,0,1,1,0,0,0,0,1,0,0,1,1,0,1,0,0,1,0,7
100,7,0,1,0,0,0,1,0,0,1,0,1,0,1,0,1,0,1,0,0,10
100,8,1,0,0,1,0,0,1,0,0,1,0,0,1,0,1,0,1,0,0,10
100,9,0,0,1,0,0,1,0,0,1,1,0,0,1,0,0,1,1,0,0,9
100,10,0,0,1,0,1,0,1,0,0,0,1,0,0,1,1,0,1,0,0,9
100,11,1,0,0,0,1,0,0,1,0,0,0,1,1,0,1,0,1,0,0,9
100,12,1,0,0,1,0,0,0,0,1,0,1,0,0,1,1,0,0,1,0,7
100,13,0,1,0,0,1,0,0,0,1,0,0,1,1,0,1,0,0,0,1,7
100,14,0,0,1,1,0,0,0,1,0,0,1,0,1,0,0,1,0,0,1,7
100,15,0,0,1,0,1,0,0,1,0,1,0,0,1,0,1,0,0,1,0,7
100,16,0,1,0,1,0,0,1,0,0,1,0,0,1,0,1,0,0,0,1,4
100,17,0,0,1,0,0,1,1,0,0,0,0,1,0,1,1,0,0,0,1,4
100,18,1,0,0,0,0,1,1,0,0,0,0,1,1,0,0,1,0,1,0,6
106,1,1,0,0,0,0,1,0,1,0,0,1,0,1,0,1,0,0,0,1,5
106,2,0,1,0,0,1,0,1,0,0,0,1,0,1,0,0,1,0,1,0,5
106,3,0,1,0,1,0,0,0,1,0,0,0,1,0,1,0,1,1,0,0,6
106,4,1,0,0,0,1,0,0,0,1,1,0,0,0,1,0,1,0,0,1,5
106,5,0,1,0,0,0,1,0,1,0,1,0,0,0,1,1,0,0,1,0,5
106,6,0,0,1,1,0,0,0,0,1,0,0,1,1,0,1,0,0,1,0,4
106,7,0,1,0,0,0,1,0,0,1,0,1,0,1,0,1,0,1,0,0,4
106,8,1,0,0,1,0,0,1,0,0,1,0,0,1,0,1,0,1,0,0,4
106,9,0,0,1,0,0,1,0,0,1,1,0,0,1,0,0,1,1,0,0,5
106,10,0,0,1,0,1,0,1,0,0,0,1,0,0,1,1,0,1,0,0,6
106,11,1,0,0,0,1,0,0,1,0,0,0,1,1,0,1,0,1,0,0,6
106,12,1,0,0,1,0,0,0,0,1,0,1,0,0,1,1,0,0,1,0,6
106,13,0,1,0,0,1,0,0,0,1,0,0,1,1,0,1,0,0,0,1,5
106,14,0,0,1,1,0,0,0,1,0,0,1,0,1,0,0,1,0,0,1,5
106,15,0,0,1,0,1,0,0,1,0,1,0,0,1,0,1,0,0,1,0,4
106,16,0,1,0,1,0,0,1,0,0,1,0,0,1,0,1,0,0,0,1,4
106,17,0,0,1,0,0,1,1,0,0,0,0,1,0,1,1,0,0,0,1,4
106,18,1,0,0,0,0,1,1,0,0,0,0,1,1,0,0,1,0,1,0,4
110,1,1,0,0,0,0,1,0,1,0,0,1,0,1,0,1,0,0,0,1,4
110,2,0,1,0,0,1,0,1,0,0,0,1,0,1,0,0,1,0,1,0,4
110,3,0,1,0,1,0,0,0,1,0,0,0,1,0,1,0,1,1,0,0,6
110,4,1,0,0,0,1,0,0,0,1,1,0,0,0,1,0,1,0,0,1,6
110,5,0,1,0,0,0,1,0,1,0,1,0,0,0,1,1,0,0,1,0,4
110,6,0,0,1,1,0,0,0,0,1,0,0,1,1,0,1,0,0,1,0,4
110,7,0,1,0,0,0,1,0,0,1,0,1,0,1,0,1,0,1,0,0,4
110,8,1,0,0,1,0,0,1,0,0,1,0,0,1,0,1,0,1,0,0,5
110,9,0,0,1,0,0,1,0,0,1,1,0,0,1,0,0,1,1,0,0,6
110,10,0,0,1,0,1,0,1,0,0,0,1,0,0,1,1,0,1,0,0,6
110,11,1,0,0,0,1,0,0,1,0,0,0,1,1,0,1,0,1,0,0,6
110,12,1,0,0,1,0,0,0,0,1,0,1,0,0,1,1,0,0,1,0,6
110,13,0,1,0,0,1,0,0,0,1,0,0,1,1,0,1,0,0,0,1,4
110,14,0,0,1,1,0,0,0,1,0,0,1,0,1,0,0,1,0,0,1,4
110,15,0,0,1,0,1,0,0,1,0,1,0,0,1,0,1,0,0,1,0,4
110,16,0,1,0,1,0,0,1,0,0,1,0,0,1,0,1,0,0,0,1,6
110,17,0,0,1,0,0,1,1,0,0,0,0,1,0,1,1,0,0,0,1,6
110,18,1,0,0,0,0,1,1,0,0,0,0,1,1,0,0,1,0,1,0,6
111,1,1,0,0,0,0,1,0,1,0,0,1,0,1,0,1,0,0,0,1,4
111,2,0,1,0,0,1,0,1,0,0,0,1,0,1,0,0,1,0,1,0,4
111,3,0,1,0,1,0,0,0,1,0,0,0,1,0,1,0,1,1,0,0,7
111,4,1,0,0,0,1,0,0,0,1,1,0,0,0,1,0,1,0,0,1,7
111,5,0,1,0,0,0,1,0,1,0,1,0,0,0,1,1,0,0,1,0,7
111,6,0,0,1,1,0,0,0,0,1,0,0,1,1,0,1,0,0,1,0,6
111,7,0,1,0,0,0,1,0,0,1,0,1,0,1,0,1,0,1,0,0,5
111,8,1,0,0,1,0,0,1,0,0,1,0,0,1,0,1,0,1,0,0,5
111,9,0,0,1,0,0,1,0,0,1,1,0,0,1,0,0,1,1,0,0,5
111,10,0,0,1,0,1,0,1,0,0,0,1,0,0,1,1,0,1,0,0,5
111,11,1,0,0,0,1,0,0,1,0,0,0,1,1,0,1,0,1,0,0,5
111,12,1,0,0,1,0,0,0,0,1,0,1,0,0,1,1,0,0,1,0,6
111,13,0,1,0,0,1,0,0,0,1,0,0,1,1,0,1,0,0,0,1,5
111,14,0,0,1,1,0,0,0,1,0,0,1,0,1,0,0,1,0,0,1,5
111,15,0,0,1,0,1,0,0,1,0,1,0,0,1,0,1,0,0,1,0,4
111,16,0,1,0,1,0,0,1,0,0,1,0,0,1,0,1,0,0,0,1,4
111,17,0,0,1,0,0,1,1,0,0,0,0,1,0,1,1,0,0,0,1,4
111,18,1,0,0,0,0,1,1,0,0,0,0,1,1,0,0,1,0,1,0,4
114,1,1,0,0,0,0,1,0,1,0,0,1,0,1,0,1,0,0,0,1,5
114,2,0,1,0,0,1,0,1,0,0,0,1,0,1,0,0,1,0,1,0,6
114,3,0,1,0,1,0,0,0,1,0,0,0,1,0,1,0,1,1,0,0,6
114,4,1,0,0,0,1,0,0,0,1,1,0,0,0,1,0,1,0,0,1,6
114,5,0,1,0,0,0,1,0,1,0,1,0,0,0,1,1,0,0,1,0,7
114,6,0,0,1,1,0,0,0,0,1,0,0,1,1,0,1,0,0,1,0,7
114,7,0,1,0,0,0,1,0,0,1,0,1,0,1,0,1,0,1,0,0,6
114,8,1,0,0,1,0,0,1,0,0,1,0,0,1,0,1,0,1,0,0,4
114,9,0,0,1,0,0,1,0,0,1,1,0,0,1,0,0,1,1,0,0,4
114,10,0,0,1,0,1,0,1,0,0,0,1,0,0,1,1,0,1,0,0,5
114,11,1,0,0,0,1,0,0,1,0,0,0,1,1,0,1,0,1,0,0,5
114,12,1,0,0,1,0,0,0,0,1,0,1,0,0,1,1,0,0,1,0,5
114,13,0,1,0,0,1,0,0,0,1,0,0,1,1,0,1,0,0,0,1,5
114,14,0,0,1,1,0,0,0,1,0,0,1,0,1,0,0,1,0,0,1,5
114,15,0,0,1,0,1,0,0,1,0,1,0,0,1,0,1,0,0,1,0,4
114,16,0,1,0,1,0,0,1,0,0,1,0,0,1,0,1,0,0,0,1,4
114,17,0,0,1,0,0,1,1,0,0,0,0,1,0,1,1,0,0,0,1,4
114,18,1,0,0,0,0,1,1,0,0,0,0,1,1,0,0,1,0,1,0,6
115,1,1,0,0,0,0,1,0,1,0,0,1,0,1,0,1,0,0,0,1,2
115,2,0,1,0,0,1,0,1,0,0,0,1,0,1,0,0,1,0,1,0,3
115,3,0,1,0,1,0,0,0,1,0,0,0,1,0,1,0,1,1,0,0,10
115,4,1,0,0,0,1,0,0,0,1,1,0,0,0,1,0,1,0,0,1,8
115,5,0,1,0,0,0,1,0,1,0,1,0,0,0,1,1,0,0,1,0,6
115,6,0,0,1,1,0,0,0,0,1,0,0,1,1,0,1,0,0,1,0,3
115,7,0,1,0,0,0,1,0,0,1,0,1,0,1,0,1,0,1,0,0,4
115,8,1,0,0,1,0,0,1,0,0,1,0,0,1,0,1,0,1,0,0,1
115,9,0,0,1,0,0,1,0,0,1,1,0,0,1,0,0,1,1,0,0,6
115,10,0,0,1,0,1,0,1,0,0,0,1,0,0,1,1,0,1,0,0,6
115,11,1,0,0,0,1,0,0,1,0,0,0,1,1,0,1,0,1,0,0,4
115,12,1,0,0,1,0,0,0,0,1,0,1,0,0,1,1,0,0,1,0,5
115,13,0,1,0,0,1,0,0,0,1,0,0,1,1,0,1,0,0,0,1,6
115,14,0,0,1,1,0,0,0,1,0,0,1,0,1,0,0,1,0,0,1,9
115,15,0,0,1,0,1,0,0,1,0,1,0,0,1,0,1,0,0,1,0,5
115,16,0,1,0,1,0,0,1,0,0,1,0,0,1,0,1,0,0,0,1,2
115,17,0,0,1,0,0,1,1,0,0,0,0,1,0,1,1,0,0,0,1,4
115,18,1,0,0,0,0,1,1,0,0,0,0,1,1,0,0,1,0,1,0,2
117,1,1,0,0,0,0,1,0,1,0,0,1,0,1,0,1,0,0,0,1,5
117,2,0,1,0,0,1,0,1,0,0,0,1,0,1,0,0,1,0,1,0,5
117,3,0,1,0,1,0,0,0,1,0,0,0,1,0,1,0,1,1,0,0,5
117,4,1,0,0,0,1,0,0,0,1,1,0,0,0,1,0,1,0,0,1,7
117,5,0,1,0,0,0,1,0,1,0,1,0,0,0,1,1,0,0,1,0,7
117,6,0,0,1,1,0,0,0,0,1,0,0,1,1,0,1,0,0,1,0,7
117,7,0,1,0,0,0,1,0,0,1,0,1,0,1,0,1,0,1,0,0,7
117,8,1,0,0,1,0,0,1,0,0,1,0,0,1,0,1,0,1,0,0,8
117,9,0,0,1,0,0,1,0,0,1,1,0,0,1,0,0,1,1,0,0,9
117,10,0,0,1,0,1,0,1,0,0,0,1,0,0,1,1,0,1,0,0,8
117,11,1,0,0,0,1,0,0,1,0,0,0,1,1,0,1,0,1,0,0,8
117,12,1,0,0,1,0,0,0,0,1,0,1,0,0,1,1,0,0,1,0,7
117,13,0,1,0,0,1,0,0,0,1,0,0,1,1,0,1,0,0,0,1,6
117,14,0,0,1,1,0,0,0,1,0,0,1,0,1,0,0,1,0,0,1,8
117,15,0,0,1,0,1,0,0,1,0,1,0,0,1,0,1,0,0,1,0,8
117,16,0,1,0,1,0,0,1,0,0,1,0,0,1,0,1,0,0,0,1,9
117,17,0,0,1,0,0,1,1,0,0,0,0,1,0,1,1,0,0,0,1,8
117,18,1,0,0,0,0,1,1,0,0,0,0,1,1,0,0,1,0,1,0,9
118,1,1,0,0,0,0,1,0,1,0,0,1,0,1,0,1,0,0,0,1,0
118,2,0,1,0,0,1,0,1,0,0,0,1,0,1,0,0,1,0,1,0,3
118,3,0,1,0,1,0,0,0,1,0,0,0,1,0,1,0,1,1,0,0,8
118,4,1,0,0,0,1,0,0,0,1,1,0,0,0,1,0,1,0,0,1,3
118,5,0,1,0,0,0,1,0,1,0,1,0,0,0,1,1,0,0,1,0,7
118,6,0,0,1,1,0,0,0,0,1,0,0,1,1,0,1,0,0,1,0,5
118,7,0,1,0,0,0,1,0,0,1,0,1,0,1,0,1,0,1,0,0,5
118,8,1,0,0,1,0,0,1,0,0,1,0,0,1,0,1,0,1,0,0,2
118,9,0,0,1,0,0,1,0,0,1,1,0,0,1,0,0,1,1,0,0,5
118,10,0,0,1,0,1,0,1,0,0,0,1,0,0,1,1,0,1,0,0,7
118,11,1,0,0,0,1,0,0,1,0,0,0,1,1,0,1,0,1,0,0,2
118,12,1,0,0,1,0,0,0,0,1,0,1,0,0,1,1,0,0,1,0,2
118,13,0,1,0,0,1,0,0,0,1,0,0,1,1,0,1,0,0,0,1,5
118,14,0,0,1,1,0,0,0,1,0,0,1,0,1,0,0,1,0,0,1,5
118,15,0,0,1,0,1,0,0,1,0,1,0,0,1,0,1,0,0,1,0,5
118,16,0,1,0,1,0,0,1,0,0,1,0,0,1,0,1,0,0,0,1,5
118,17,0,0,1,0,0,1,1,0,0,0,0,1,0,1,1,0,0,0,1,7
118,18,1,0,0,0,0,1,1,0,0,0,0,1,1,0,0,1,0,1,0,5
120,1,1,0,0,0,0,1,0,1,0,0,1,0,1,0,1,0,0,0,1,2
120,2,0,1,0,0,1,0,1,0,0,0,1,0,1,0,0,1,0,1,0,2
120,3,0,1,0,1,0,0,0,1,0,0,0,1,0,1,0,1,1,0,0,7
120,4,1,0,0,0,1,0,0,0,1,1,0,0,0,1,0,1,0,0,1,2
120,5,0,1,0,0,0,1,0,1,0,1,0,0,0,1,1,0,0,1,0,2
120,6,0,0,1,1,0,0,0,0,1,0,0,1,1,0,1,0,0,1,0,2
120,7,0,1,0,0,0,1,0,0,1,0,1,0,1,0,1,0,1,0,0,7
120,8,1,0,0,1,0,0,1,0,0,1,0,0,1,0,1,0,1,0,0,7
120,9,0,0,1,0,0,1,0,0,1,1,0,0,1,0,0,1,1,0,0,7
120,10,0,0,1,0,1,0,1,0,0,0,1,0,0,1,1,0,1,0,0,7
120,11,1,0,0,0,1,0,0,1,0,0,0,1,1,0,1,0,1,0,0,7
120,12,1,0,0,1,0,0,0,0,1,0,1,0,0,1,1,0,0,1,0,2
120,13,0,1,0,0,1,0,0,0,1,0,0,1,1,0,1,0,0,0,1,2
120,14,0,0,1,1,0,0,0,1,0,0,1,0,1,0,0,1,0,0,1,2
120,15,0,0,1,0,1,0,0,1,0,1,0,0,1,0,1,0,0,1,0,2
120,16,0,1,0,1,0,0,1,0,0,1,0,0,1,0,1,0,0,0,1,2
120,17,0,0,1,0,0,1,1,0,0,0,0,1,0,1,1,0,0,0,1,2
120,18,1,0,0,0,0,1,1,0,0,0,0,1,1,0,0,1,0,1,0,2
121,1,1,0,0,0,0,1,0,1,0,0,1,0,1,0,1,0,0,0,1,8
121,2,0,1,0,0,1,0,1,0,0,0,1,0,1,0,0,1,0,1,0,7
121,3,0,1,0,1,0,0,0,1,0,0,0,1,0,1,0,1,1,0,0,8
121,4,1,0,0,0,1,0,0,0,1,1,0,0,0,1,0,1,0,0,1,6
121,5,0,1,0,0,0,1,0,1,0,1,0,0,0,1,1,0,0,1,0,8
121,6,0,0,1,1,0,0,0,0,1,0,0,1,1,0,1,0,0,1,0,5
121,7,0,1,0,0,0,1,0,0,1,0,1,0,1,0,1,0,1,0,0,7
121,8,1,0,0,1,0,0,1,0,0,1,0,0,1,0,1,0,1,0,0,4
121,9,0,0,1,0,0,1,0,0,1,1,0,0,1,0,0,1,1,0,0,9
121,10,0,0,1,0,1,0,1,0,0,0,1,0,0,1,1,0,1,0,0,9
121,11,1,0,0,0,1,0,0,1,0,0,0,1,1,0,1,0,1,0,0,8
121,12,1,0,0,1,0,0,0,0,1,0,1,0,0,1,1,0,0,1,0,6
121,13,0,1,0,0,1,0,0,0,1,0,0,1,1,0,1,0,0,0,1,8
121,14,0,0,1,1,0,0,0,1,0,0,1,0,1,0,0,1,0,0,1,6
121,15,0,0,1,0,1,0,0,1,0,1,0,0,1,0,1,0,0,1,0,7
121,16,0,1,0,1,0,0,1,0,0,1,0,0,1,0,1,0,0,0,1,7
121,17,0,0,1,0,0,1,1,0,0,0,0,1,0,1,1,0,0,0,1,8
121,18,1,0,0,0,0,1,1,0,0,0,0,1,1,0,0,1,0,1,0,8
124,1,1,0,0,0,0,1,0,1,0,0,1,0,1,0,1,0,0,0,1,4
124,2,0,1,0,0,1,0,1,0,0,0,1,0,1,0,0,1,0,1,0,2
124,3,0,1,0,1,0,0,0,1,0,0,0,1,0,1,0,1,1,0,0,2
124,4,1,0,0,0,1,0,0,0,1,1,0,0,0,1,0,1,0,0,1,2
124,5,0,1,0,0,0,1,0,1,0,1,0,0,0,1,1,0,0,1,0,5
124,6,0,0,1,1,0,0,0,0,1,0,0,1,1,0,1,0,0,1,0,4
124,7,0,1,0,0,0,1,0,0,1,0,1,0,1,0,1,0,1,0,0,3
124,8,1,0,0,1,0,0,1,0,0,1,0,0,1,0,1,0,1,0,0,3
124,9,0,0,1,0,0,1,0,0,1,1,0,0,1,0,0,1,1,0,0,6
124,10,0,0,1,0,1,0,1,0,0,0,1,0,0,1,1,0,1,0,0,3
124,11,1,0,0,0,1,0,0,1,0,0,0,1,1,0,1,0,1,0,0,5
124,12,1,0,0,1,0,0,0,0,1,0,1,0,0,1,1,0,0,1,0,3
124,13,0,1,0,0,1,0,0,0,1,0,0,1,1,0,1,0,0,0,1,3
124,14,0,0,1,1,0,0,0,1,0,0,1,0,1,0,0,1,0,0,1,4
124,15,0,0,1,0,1,0,0,1,0,1,0,0,1,0,1,0,0,1,0,4
124,16,0,1,0,1,0,0,1,0,0,1,0,0,1,0,1,0,0,0,1,4
124,17,0,0,1,0,0,1,1,0,0,0,0,1,0,1,1,0,0,0,1,7
124,18,1,0,0,0,0,1,1,0,0,0,0,1,1,0,0,1,0,1,0,6
125,1,1,0,0,0,0,1,0,1,0,0,1,0,1,0,1,0,0,0,1,3
125,2,0,1,0,0,1,0,1,0,0,0,1,0,1,0,0,1,0,1,0,7
125,3,0,1,0,1,0,0,0,1,0,0,0,1,0,1,0,1,1,0,0,8
125,4,1,0,0,0,1,0,0,0,1,1,0,0,0,1,0,1,0,0,1,5
125,5,0,1,0,0,0,1,0,1,0,1,0,0,0,1,1,0,0,1,0,5
125,6,0,0,1,1,0,0,0,0,1,0,0,1,1,0,1,0,0,1,0,4
125,7,0,1,0,0,0,1,0,0,1,0,1,0,1,0,1,0,1,0,0,5
125,8,1,0,0,1,0,0,1,0,0,1,0,0,1,0,1,0,1,0,0,1
125,9,0,0,1,0,0,1,0,0,1,1,0,0,1,0,0,1,1,0,0,8
125,10,0,0,1,0,1,0,1,0,0,0,1,0,0,1,1,0,1,0,0,6
125,11,1,0,0,0,1,0,0,1,0,0,0,1,1,0,1,0,1,0,0,5
125,12,1,0,0,1,0,0,0,0,1,0,1,0,0,1,1,0,0,1,0,4
125,13,0,1,0,0,1,0,0,0,1,0,0,1,1,0,1,0,0,0,1,5
125,14,0,0,1,1,0,0,0,1,0,0,1,0,1,0,0,1,0,0,1,4
125,15,0,0,1,0,1,0,0,1,0,1,0,0,1,0,1,0,0,1,0,4
125,16,0,1,0,1,0,0,1,0,0,1,0,0,1,0,1,0,0,0,1,4
125,17,0,0,1,0,0,1,1,0,0,0,0,1,0,1,1,0,0,0,1,5
125,18,1,0,0,0,0,1,1,0,0,0,0,1,1,0,0,1,0,1,0,7
127,1,1,0,0,0,0,1,0,1,0,0,1,0,1,0,1,0,0,0,1,3
127,2,0,1,0,0,1,0,1,0,0,0,1,0,1,0,0,1,0,1,0,6
127,3,0,1,0,1,0,0,0,1,0,0,0,1,0,1,0,1,1,0,0,8
127,4,1,0,0,0,1,0,0,0,1,1,0,0,0,1,0,1,0,0,1,4
127,5,0,1,0,0,0,1,0,1,0,1,0,0,0,1,1,0,0,1,0,4
127,6,0,0,1,1,0,0,0,0,1,0,0,1,1,0,1,0,0,1,0,5
127,7,0,1,0,0,0,1,0,0,1,0,1,0,1,0,1,0,1,0,0,6
127,8,1,0,0,1,0,0,1,0,0,1,0,0,1,0,1,0,1,0,0,5
127,9,0,0,1,0,0,1,0,0,1,1,0,0,1,0,0,1,1,0,0,6
127,10,0,0,1,0,1,0,1,0,0,0,1,0,0,1,1,0,1,0,0,7
127,11,1,0,0,0,1,0,0,1,0,0,0,1,1,0,1,0,1,0,0,7
127,12,1,0,0,1,0,0,0,0,1,0,1,0,0,1,1,0,0,1,0,5
127,13,0,1,0,0,1,0,0,0,1,0,0,1,1,0,1,0,0,0,1,3
127,14,0,0,1,1,0,0,0,1,0,0,1,0,1,0,0,1,0,0,1,4
127,15,0,0,1,0,1,0,0,1,0,1,0,0,1,0,1,0,0,1,0,5
127,16,0,1,0,1,0,0,1,0,0,1,0,0,1,0,1,0,0,0,1,2
127,17,0,0,1,0,0,1,1,0,0,0,0,1,0,1,1,0,0,0,1,2
127,18,1,0,0,0,0,1,1,0,0,0,0,1,1,0,0,1,0,1,0,4
129,1,1,0,0,0,0,1,0,1,0,0,1,0,1,0,1,0,0,0,1,2
129,2,0,1,0,0,1,0,1,0,0,0,1,0,1,0,0,1,0,1,0,7
129,3,0,1,0,1,0,0,0,1,0,0,0,1,0,1,0,1,1,0,0,4
129,4,1,0,0,0,1,0,0,0,1,1,0,0,0,1,0,1,0,0,1,2
129,5,0,1,0,0,0,1,0,1,0,1,0,0,0,1,1,0,0,1,0,7
129,6,0,0,1,1,0,0,0,0,1,0,0,1,1,0,1,0,0,1,0,6
129,7,0,1,0,0,0,1,0,0,1,0,1,0,1,0,1,0,1,0,0,5
129,8,1,0,0,1,0,0,1,0,0,1,0,0,1,0,1,0,1,0,0,2
129,9,0,0,1,0,0,1,0,0,1,1,0,0,1,0,0,1,1,0,0,9
129,10,0,0,1,0,1,0,1,0,0,0,1,0,0,1,1,0,1,0,0,5
129,11,1,0,0,0,1,0,0,1,0,0,0,1,1,0,1,0,1,0,0,4
129,12,1,0,0,1,0,0,0,0,1,0,1,0,0,1,1,0,0,1,0,3
129,13,0,1,0,0,1,0,0,0,1,0,0,1,1,0,1,0,0,0,1,3
129,14,0,0,1,1,0,0,0,1,0,0,1,0,1,0,0,1,0,0,1,5
129,15,0,0,1,0,1,0,0,1,0,1,0,0,1,0,1,0,0,1,0,4
129,16,0,1,0,1,0,0,1,0,0,1,0,0,1,0,1,0,0,0,1,0
129,17,0,0,1,0,0,1,1,0,0,0,0,1,0,1,1,0,0,0,1,5
129,18,1,0,0,0,0,1,1,0,0,0,0,1,1,0,0,1,0,1,0,8
130,1,1,0,0,0,0,1,0,1,0,0,1,0,1,0,1,0,0,0,1,4
130,2,0,1,0,0,1,0,1,0,0,0,1,0,1,0,0,1,0,1,0,8
130,3,0,1,0,1,0,0,0,1,0,0,0,1,0,1,0,1,1,0,0,4
130,4,1,0,0,0,1,0,0,0,1,1,0,0,0,1,0,1,0,0,1,5
130,5,0,1,0,0,0,1,0,1,0,1,0,0,0,1,1,0,0,1,0,7
130,6,0,0,1,1,0,0,0,0,1,0,0,1,1,0,1,0,0,1,0,4
130,7,0,1,0,0,0,1,0,0,1,0,1,0,1,0,1,0,1,0,0,6
130,8,1,0,0,1,0,0,1,0,0,1,0,0,1,0,1,0,1,0,0,5
130,9,0,0,1,0,0,1,0,0,1,1,0,0,1,0,0,1,1,0,0,8
130,10,0,0,1,0,1,0,1,0,0,0,1,0,0,1,1,0,1,0,0,4
130,11,1,0,0,0,1,0,0,1,0,0,0,1,1,0,1,0,1,0,0,4
130,12,1,0,0,1,0,0,0,0,1,0,1,0,0,1,1,0,0,1,0,3
130,13,0,1,0,0,1,0,0,0,1,0,0,1,1,0,1,0,0,0,1,5
130,14,0,0,1,1,0,0,0,1,0,0,1,0,1,0,0,1,0,0,1,5
130,15,0,0,1,0,1,0,0,1,0,1,0,0,1,0,1,0,0,1,0,5
130,16,0,1,0,1,0,0,1,0,0,1,0,0,1,0,1,0,0,0,1,0
130,17,0,0,1,0,0,1,1,0,0,0,0,1,0,1,1,0,0,0,1,4
130,18,1,0,0,0,0,1,1,0,0,0,0,1,1,0,0,1,0,1,0,9
134,1,1,0,0,0,0,1,0,1,0,0,1,0,1,0,1,0,0,0,1,0
134,2,0,1,0,0,1,0,1,0,0,0,1,0,1,0,0,1,0,1,0,0
134,3,0,1,0,1,0,0,0,1,0,0,0,1,0,1,0,1,1,0,0,7
134,4,1,0,0,0,1,0,0,0,1,1,0,0,0,1,0,1,0,0,1,7
134,5,0,1,0,0,0,1,0,1,0,1,0,0,0,1,1,0,0,1,0,0
134,6,0,0,1,1,0,0,0,0,1,0,0,1,1,0,1,0,0,1,0,0
134,7,0,1,0,0,0,1,0,0,1,0,1,0,1,0,1,0,1,0,0,0
134,8,1,0,0,1,0,0,1,0,0,1,0,0,1,0,1,0,1,0,0,0
134,9,0,0,1,0,0,1,0,0,1,1,0,0,1,0,0,1,1,0,0,0
134,10,0,0,1,0,1,0,1,0,0,0,1,0,0,1,1,0,1,0,0,0
134,11,1,0,0,0,1,0,0,1,0,0,0,1,1,0,1,0,1,0,0,0
134,12,1,0,0,1,0,0,0,0,1,0,1,0,0,1,1,0,0,1,0,0
134,13,0,1,0,0,1,0,0,0,1,0,0,1,1,0,1,0,0,0,1,0
134,14,0,0,1,1,0,0,0,1,0,0,1,0,1,0,0,1,0,0,1,0
134,15,0,0,1,0,1,0,0,1,0,1,0,0,1,0,1,0,0,1,0,0
134,16,0,1,0,1,0,0,1,0,0,1,0,0,1,0,1,0,0,0,1,0
134,17,0,0,1,0,0,1,1,0,0,0,0,1,0,1,1,0,0,0,1,2
134,18,1,0,0,0,0,1,1,0,0,0,0,1,1,0,0,1,0,1,0,0
